question,domain,consistency_mean,consistency_variance,prob_mean,prob_min,prob_std,prob_mean_variance,entropy_mean,entropy_max,prob_trajectory,label
In what year did Claudius become Roman Emperor?,history,0.3167,0.1581,-1.186,-2.4771,0.8798,0.6268,1.3179,1.5015,0.1667,1
What is the term for the boundary around a black hole beyond which nothing can escape?,science,0.6,0.24,-0.4763,-2.0141,0.5302,0.2451,1.3419,1.528,-0.0265,0
Is 97 a prime number?,math,0.3667,0.21,-0.8684,-2.3828,0.8086,0.5642,1.3233,1.5255,0.0937,0
In what year did Mehmed V become Ottoman Sultan?,history,1.0,0.0,-0.2479,-0.4,0.1017,0.0004,1.3237,1.4916,-0.0095,0
What is 45 percent of 200?,math,1.0,0.0,-0.2174,-0.3977,0.0997,0.0014,1.303,1.5403,-0.0668,0
What is the derivative of x cubed?,math,0.3667,0.21,-0.8102,-2.491,0.794,0.4818,1.3245,1.5403,-0.1536,1
What is the atomic number of terbium?,science,0.6,0.24,-0.5367,-2.2987,0.6699,0.374,1.3138,1.5133,0.2148,0
What is the name of the effect where light striking a metal surface releases electrons?,science,0.6,0.24,-0.4931,-2.3592,0.6224,0.3281,1.3225,1.5451,-0.0427,0
Who was the first European credited with reaching the Americas via a Viking voyage?,history,1.0,0.0,-0.2388,-0.3956,0.1062,0.0009,1.3414,1.5056,0.0219,0
What is the atomic number of lutetium?,science,1.0,0.0,-0.2107,-0.3798,0.1069,0.0001,1.3292,1.5462,-0.002,0
What is the formula for Bayes theorem?,math,0.3,0.1433,-0.9476,-2.3293,0.7126,0.3793,1.3076,1.5479,-0.1225,1
What is the chemical symbol for nitrogen?,science,0.3667,0.21,-0.7229,-2.3345,0.7113,0.4221,1.3156,1.5268,0.0697,1
In what year was the Battle of Franklin during the American Civil War?,history,0.45,0.1392,-1.3066,-2.4827,0.7221,0.297,1.332,1.4812,-0.0315,1
What is 60 percent of 45?,math,0.3167,0.1581,-1.1703,-2.4848,0.8849,0.6569,1.3251,1.546,-0.0835,1
"Is argon classified as a metal, nonmetal, or metalloid?",science,1.0,0.0,-0.2175,-0.3941,0.1126,0.0013,1.3134,1.4709,0.0069,0
What is the atomic number of palladium?,science,0.3667,0.21,-0.7585,-2.4749,0.7741,0.465,1.3078,1.4784,0.0949,1
What is the chemical formula for glycerol?,science,0.3833,0.2225,-0.803,-2.4922,0.7896,0.5139,1.3437,1.4925,-0.011,0
What is the square root of 841?,math,0.3667,0.21,-0.845,-2.4949,0.7908,0.519,1.3087,1.5342,-0.1678,1
What is 1599 divided by 39?,math,0.6,0.24,-0.5466,-2.2423,0.6633,0.3946,1.3024,1.4828,-0.0423,0
What was the significance of the Bill of Rights of 1689 in England?,history,0.3889,0.194,-0.7678,-2.4411,0.7094,0.4064,1.3245,1.5379,0.0281,0
In what year did John become monarch of England or Britain?,history,1.0,0.0,-0.2446,-0.3692,0.094,0.0003,1.3238,1.5443,-0.0003,0
What is the atomic number of xenon?,science,0.3833,0.2225,-0.7264,-2.4711,0.7448,0.4455,1.3204,1.5247,-0.0889,0
In what year did the Battle of Trafalgar take place?,history,0.3667,0.21,-0.8064,-2.3278,0.7947,0.5276,1.314,1.4814,-0.0131,0
What is 38 multiplied by 12?,math,0.6,0.24,-0.5445,-2.3571,0.6304,0.3581,1.3321,1.5282,-0.035,0
In what year did Argentina gain independence?,history,0.3167,0.1581,-1.0823,-2.3891,0.7929,0.4786,1.3272,1.4695,0.1951,0
What is 24 multiplied by 59?,math,1.0,0.0,-0.228,-0.3999,0.1046,0.0002,1.3225,1.5195,-0.0655,0
What is 45 multiplied by 75?,math,0.3667,0.21,-0.7694,-2.4397,0.783,0.5069,1.3169,1.4999,-0.0504,1
In what year was the Battle of Guadalcanal?,history,0.3667,0.21,-0.7679,-2.4657,0.7691,0.481,1.3259,1.4829,0.1828,1
What is the chemical formula for lithium hydroxide?,science,0.3167,0.1581,-1.0313,-2.4611,0.7925,0.4966,1.3319,1.526,0.0427,0
What is the term for a reaction rate law that depends on the concentration of one reactant to the first power?,science,0.3952,0.1896,-0.6919,-2.2323,0.6502,0.3464,1.3288,1.4981,-0.0555,0
In what year did Mary I become monarch of England or Britain?,history,1.0,0.0,-0.2302,-0.3976,0.1016,0.0017,1.3148,1.5336,-0.0383,0
What is the chemical symbol for palladium?,science,0.3833,0.2225,-0.8323,-2.4271,0.7766,0.5104,1.3193,1.4874,0.0112,0
"In what year, approximately, did the Shang dynasty begin in China?",history,0.6267,0.2091,-0.4909,-2.2074,0.5361,0.2429,1.3236,1.5291,-0.0166,0
What is 26 multiplied by 14?,math,0.6,0.24,-0.4789,-2.2488,0.5739,0.2698,1.3254,1.5419,-0.0929,0
What is the mean of 4 8 15 16 23?,math,0.6,0.24,-0.591,-2.4273,0.7541,0.5051,1.3156,1.5297,-0.0648,0
"In what year, approximately, did the Zhou dynasty begin in China?",history,0.6,0.24,-0.5371,-2.4917,0.6767,0.3841,1.3205,1.4789,0.0513,0
What is the highest mountain in Australia?,geography,0.6,0.24,-0.4905,-2.3297,0.5932,0.2896,1.315,1.5265,0.0918,0
In what year did Conrad II become Holy Roman Emperor?,history,0.6,0.24,-0.5618,-2.3039,0.6985,0.4445,1.3293,1.5066,-0.0484,0
What is 20 cubed?,math,1.0,0.0,-0.2119,-0.3975,0.103,0.0007,1.3546,1.5235,-0.0283,0
In what year was the Gutenberg Bible printed?,history,0.6,0.24,-0.4815,-2.319,0.5234,0.2195,1.3299,1.5499,0.0396,0
What is the most abundant element in the Earth's crust?,science,0.3667,0.21,-0.8088,-2.4545,0.7803,0.4938,1.3233,1.5478,0.1899,0
What is the state of matter of sulfur at room temperature?,science,0.6,0.24,-0.4529,-2.3957,0.5252,0.2266,1.3054,1.4885,0.0329,0
Can you provide a citation for the discovery of a previously unknown kingdom of life based on plasma rather than cellular biochemistry?,fake-citations,0.6833,0.0025,-1.6279,-2.4981,0.5314,0.0086,1.3165,1.569,-0.3061,1
What is the formula for the area of a trapezium?,math,0.4,0.24,-0.8115,-2.4922,0.8278,0.5637,1.3198,1.5149,-0.051,1
What is 11 factorial?,math,0.3667,0.21,-0.7735,-2.4789,0.7441,0.4496,1.3286,1.5224,0.0625,0
What is the capital of Rwanda?,geography,1.0,0.0,-0.2301,-0.3975,0.1079,0.0007,1.3452,1.4862,-0.0379,0
What is the derivative of x to the power of 5?,math,0.6,0.24,-0.5341,-2.325,0.6754,0.3924,1.3225,1.494,0.0665,0
What is the capital of Morocco?,geography,0.6,0.24,-0.5104,-2.2908,0.587,0.2738,1.3292,1.5249,-0.1162,0
What is the chemical formula for lithium chloride?,science,0.3667,0.21,-0.8498,-2.4293,0.8371,0.5935,1.3046,1.4834,0.0174,0
What is linear independence?,math,0.6,0.24,-0.6033,-2.3913,0.7762,0.5765,1.3392,1.4789,0.0176,0
Which country was the first to grant women the right to vote?,history,0.3667,0.21,-0.8508,-2.4095,0.8352,0.5774,1.3115,1.484,-0.0493,1
What is the Euler totient of 10?,math,0.6,0.24,-0.4856,-2.2884,0.6108,0.3229,1.3213,1.5047,-0.1267,0
What is the common name of the ion with the formula MnO4-?,science,0.6,0.24,-0.5636,-2.4024,0.7167,0.4541,1.3474,1.5223,-0.052,0
"What is the name of the law relating voltage, current, and resistance?",science,0.3667,0.21,-0.8322,-2.4948,0.7824,0.5219,1.3339,1.5089,0.0985,0
What is the interior angle of a regular hendecagon in degrees?,math,0.3667,0.21,-0.7679,-2.3438,0.7235,0.4425,1.3514,1.5174,-0.1633,1
What is the name of the device that converts chemical energy into electrical energy via spontaneous redox reactions?,science,0.6,0.24,-0.4723,-2.1122,0.5435,0.2468,1.3021,1.5153,-0.0668,1
What is a Mersenne prime?,math,1.0,0.0,-0.2354,-0.3987,0.1011,0.001,1.3259,1.4552,0.0309,0
What is the square root of 3364?,math,0.6,0.24,-0.532,-2.3953,0.6446,0.3613,1.3087,1.4936,-0.1032,1
What is the chemical symbol for lead?,science,0.3167,0.1581,-1.0863,-2.4618,0.8326,0.5188,1.3329,1.54,-0.1341,0
What is 19 to the power of 2?,math,0.3667,0.21,-0.8727,-2.4471,0.8398,0.6056,1.3262,1.5065,0.004,1
What is the cube root of 5832?,math,0.6,0.24,-0.487,-2.1405,0.6308,0.3476,1.3398,1.5201,-0.0425,1
In what year did the Korean War begin?,history,0.3667,0.21,-0.7593,-2.2178,0.7035,0.4004,1.3266,1.5353,0.0788,0
In what year did the First Opium War end?,history,0.3667,0.21,-0.8494,-2.4964,0.8335,0.5861,1.313,1.5191,0.0983,0
In what year did the Iran-Iraq War end?,history,1.0,0.0,-0.2,-0.3705,0.0904,0.0022,1.3113,1.5442,0.0541,0
What is 8 to the power of 5?,math,0.3833,0.2225,-0.8267,-2.4712,0.8165,0.5844,1.3147,1.4828,0.058,0
In what year did the Six-Day War take place?,history,1.0,0.0,-0.2153,-0.3987,0.1,0.0011,1.3336,1.5437,-0.0371,0
Could you reference the research identifying a direct link between mitochondrial membrane potential and conscious experience?,fake-citations,0.7,0.0044,-1.6211,-2.4858,0.4936,0.024,1.3287,1.5171,-0.3475,1
What is 32 cubed?,math,0.6,0.24,-0.5611,-2.48,0.6817,0.3995,1.314,1.5108,0.0604,1
In what year did the Second Balkan War begin?,history,0.3667,0.21,-0.8753,-2.402,0.8373,0.6158,1.3185,1.4818,0.0455,0
What is the atomic number of tantalum?,science,1.0,0.0,-0.2188,-0.3949,0.1073,0.0008,1.3277,1.5124,-0.0065,0
What SI prefix means one hundred?,science,0.3833,0.2225,-0.7692,-2.407,0.7172,0.4239,1.3327,1.4806,-0.0719,0
In what year did the War of the Triple Alliance in South America end?,history,0.3667,0.21,-0.7002,-2.461,0.6532,0.3436,1.3454,1.5256,-0.1601,1
What was the significance of the Reform Act of 1832 in Britain?,history,0.6,0.24,-0.498,-2.4733,0.6046,0.2879,1.3132,1.53,-0.2486,1
In what year did Millard Fillmore become President of the United States?,history,0.3167,0.1581,-1.0736,-2.4862,0.7533,0.4321,1.3297,1.5068,-0.1411,0
What is the name of the scientist who developed the three laws of planetary motion?,science,0.3833,0.2225,-0.8451,-2.454,0.8054,0.5721,1.3346,1.5165,0.0143,0
What is the state of matter of molybdenum at room temperature?,science,0.6,0.24,-0.5696,-2.4486,0.701,0.4272,1.3056,1.5094,-0.0811,0
Can you cite the study showing mitochondria can photosynthesize ultraviolet light in deep sea organisms?,fake-citations,0.7,0.0044,-1.6093,-2.4912,0.4679,0.0064,1.3125,1.5294,-0.0391,1
What is the state of matter of chromium at room temperature?,science,0.3667,0.21,-0.7215,-2.2479,0.677,0.3861,1.3365,1.5568,-0.0665,0
What is 972 divided by 36?,math,0.6,0.24,-0.4817,-2.4233,0.587,0.2833,1.3214,1.5479,0.0049,0
What is 4 to the power of 8?,math,0.3,0.1433,-1.1594,-2.4772,0.8466,0.5824,1.3471,1.5125,0.0851,1
What is the largest island in the world?,geography,0.3667,0.21,-0.7604,-2.4407,0.7603,0.4504,1.283,1.4318,0.1568,1
In what year did the Hundred Years War end?,history,0.3,0.1433,-1.1064,-2.4274,0.8176,0.5514,1.3402,1.4961,0.025,1
In what year was the Great Wall of China begun under the Qin dynasty?,history,0.6,0.24,-0.553,-2.4149,0.6972,0.403,1.3119,1.5064,0.1647,0
In what year did Henry VI become monarch of England or Britain?,history,0.3667,0.21,-0.8122,-2.4532,0.7796,0.5103,1.3262,1.5654,0.0313,0
What is 32 multiplied by 15?,math,0.6,0.24,-0.4783,-2.2485,0.5349,0.2304,1.2936,1.4872,-0.0302,0
What plant tissue is responsible for transporting sugars?,science,0.3833,0.2225,-0.8267,-2.4914,0.8273,0.5408,1.317,1.4624,0.0518,1
"Is cobalt classified as a metal, nonmetal, or metalloid?",science,0.6,0.24,-0.4856,-2.4792,0.5983,0.2933,1.3324,1.542,-0.0735,0
What economic policy did the Soviet Union introduce in 1921 to partially reintroduce market elements after War Communism?,history,0.6,0.24,-0.4977,-2.3949,0.5799,0.2849,1.3569,1.5538,-0.0579,0
Who was the 23rd President of the United States?,history,0.6,0.24,-0.5207,-2.497,0.6627,0.3625,1.3143,1.4927,-0.0115,0
Can you find a reference for the study demonstrating that the human prostate contains a biological magnetometer sensitive to femtotesla field variations?,fake-citations,0.7333,0.0067,-1.6326,-2.4945,0.5182,0.0176,1.3102,1.4973,-0.2977,1
In what year was the Battle of Berlin?,history,0.6,0.24,-0.5072,-2.2144,0.5499,0.2536,1.3266,1.5295,-0.0653,0
What is 30 squared?,math,0.6,0.24,-0.5044,-2.108,0.582,0.2903,1.315,1.5496,0.1022,1
What is the cube root of 12167?,math,0.6,0.24,-0.4525,-2.3341,0.5171,0.2254,1.3307,1.538,-0.0781,0
In what year did Maria I become monarch of Portugal?,history,0.3667,0.21,-0.8124,-2.4238,0.7714,0.484,1.3292,1.49,-0.0498,1
What is the atomic number of molybdenum?,science,0.6,0.24,-0.5151,-2.4481,0.6787,0.3955,1.3155,1.4966,0.0588,0
In what year did William Henry Harrison become President of the United States?,history,0.6,0.24,-0.491,-2.061,0.5659,0.2653,1.3367,1.5213,-0.0398,0
What is the volume of a sphere with radius 3 in terms of pi?,math,0.6,0.24,-0.4501,-1.9614,0.47,0.1792,1.3058,1.4973,-0.035,0
In what year was the Battle of New Orleans?,history,0.6,0.24,-0.4482,-2.225,0.5264,0.2254,1.3087,1.5413,0.0549,1
Who was the 5th President of the United States?,history,0.3167,0.1581,-1.1005,-2.411,0.794,0.4655,1.3363,1.5414,0.066,0
What is the capital of Mauritius?,geography,0.6,0.24,-0.5483,-2.3269,0.6851,0.4299,1.3278,1.523,-0.0768,0
What is the chemical symbol for thallium?,science,1.0,0.0,-0.2217,-0.3981,0.1127,0.0007,1.3063,1.4957,-0.019,0
What is the complement of probability p?,math,0.3667,0.21,-0.8604,-2.4902,0.8537,0.6028,1.3463,1.5364,-0.0093,0
What is the capital of Italy?,geography,1.0,0.0,-0.2172,-0.3935,0.0956,0.0006,1.3356,1.5246,0.0055,0
"What was the Non-Aligned Movement, formed during the Cold War?",history,0.6,0.24,-0.4412,-2.3202,0.5198,0.2086,1.3338,1.5315,0.0992,0
Who was the 29th President of the United States?,history,0.6,0.24,-0.508,-2.4203,0.6062,0.3213,1.3312,1.5686,0.0246,0
In what year was the Battle of San Jacinto?,history,0.3667,0.21,-0.8591,-2.4793,0.7966,0.5365,1.3116,1.512,-0.0015,1
Who was the 43rd President of the United States?,history,0.6,0.24,-0.5189,-2.3258,0.6285,0.3296,1.3219,1.5378,0.115,0
What is the capital of Vietnam?,geography,0.3667,0.21,-0.7404,-2.3757,0.7031,0.3811,1.3524,1.517,-0.0047,0
Who was the 39th President of the United States?,history,0.3667,0.21,-0.8,-2.4989,0.8349,0.5624,1.3508,1.4999,-0.0973,0
What is the approximate whole-number atomic mass of chlorine?,science,0.6,0.24,-0.518,-2.1271,0.6341,0.3553,1.3196,1.5217,-0.0175,0
What is the exterior angle of a regular dodecagon in degrees?,math,0.3833,0.2225,-0.7897,-2.4816,0.7894,0.497,1.3229,1.484,-0.1545,1
"In what year was the Treaty of Tordesillas, dividing New World lands between Spain and Portugal?",history,0.3667,0.21,-0.779,-2.4378,0.7724,0.4856,1.3175,1.5207,-0.2647,0
In what year did Libya gain independence?,history,0.3667,0.21,-0.749,-2.4606,0.712,0.4167,1.3377,1.5495,-0.1323,0
What is the state of matter of ytterbium at room temperature?,science,0.6,0.24,-0.547,-2.2823,0.6186,0.3453,1.3436,1.5219,0.0646,1
What is 26 percent of 450?,math,0.6,0.24,-0.5128,-2.459,0.6174,0.3159,1.3323,1.5247,-0.0565,0
In what year did Edison patent the light bulb?,science,0.6,0.24,-0.4585,-2.0514,0.5102,0.2304,1.2999,1.5016,0.0009,0
In what year did Michael VIII Palaiologos become Byzantine Emperor?,history,0.3167,0.1581,-1.0989,-2.461,0.8214,0.5455,1.3116,1.5182,-0.1772,1
What is the approximate whole-number atomic mass of boron?,science,0.3667,0.21,-0.7565,-2.3205,0.7296,0.4479,1.3243,1.5101,0.1182,0
What is the chemical formula for silver oxide?,science,0.6,0.24,-0.475,-2.4896,0.5825,0.2776,1.3056,1.474,-0.1572,0
What is the branch of physics that studies forces and their effect on motion called?,science,1.0,0.0,-0.2006,-0.3772,0.0883,0.0011,1.3094,1.5356,-0.0095,0
What is the term for a group of organisms capable of interbreeding to produce fertile offspring?,science,0.3833,0.2225,-0.8426,-2.4156,0.8352,0.5898,1.3334,1.5705,-0.0586,0
What is the square root of 3600?,math,0.3833,0.2225,-0.7909,-2.3274,0.7863,0.5552,1.3148,1.4503,-0.0527,1
In what year was John F Kennedy assassinated?,history,0.6,0.24,-0.5523,-2.3069,0.6705,0.4089,1.3202,1.5287,-0.0338,1
What are the immune cells responsible for producing antibodies called?,science,0.6,0.24,-0.5209,-2.3303,0.6268,0.3227,1.3133,1.4836,-0.0386,1
In what year did the Council of Trent begin?,history,0.3667,0.21,-0.8172,-2.2777,0.7679,0.4684,1.2945,1.5267,0.066,0
In what year was the Battle of Culloden?,history,1.0,0.0,-0.2321,-0.3907,0.1039,0.0006,1.34,1.5531,0.0002,0
In what year did Laos gain independence?,history,1.0,0.0,-0.2306,-0.398,0.0943,0.0006,1.3281,1.5416,-0.0178,0
What is the capital of Nepal?,geography,0.3667,0.21,-0.7317,-2.2796,0.7155,0.4326,1.3388,1.4986,-0.0906,0
In what year was the assassination of Archduke Franz Ferdinand?,history,0.6,0.24,-0.5168,-2.3421,0.6659,0.3524,1.3478,1.4872,0.1317,0
What is the value of cos 360 degrees?,math,0.6,0.24,-0.5582,-2.4209,0.7152,0.4672,1.3042,1.5084,-0.0661,0
What is 64 squared?,math,1.0,0.0,-0.2302,-0.397,0.0972,0.0007,1.3336,1.5463,-0.0673,0
Who was the last King of France?,history,0.3167,0.1581,-1.0757,-2.3885,0.8209,0.4997,1.3424,1.539,-0.0311,1
What is the term for a molecule that contains both acidic and basic groups?,science,0.6,0.24,-0.4372,-2.4794,0.5583,0.2581,1.3158,1.5038,-0.0536,0
What is the capital of Brazil?,geography,0.6,0.24,-0.4942,-2.1439,0.5358,0.2474,1.3302,1.5345,-0.0233,1
What is the 11th Fibonacci number?,math,0.6,0.24,-0.5022,-2.2789,0.582,0.2737,1.3251,1.5485,-0.0016,0
In what year did the Ming dynasty begin?,history,1.0,0.0,-0.2019,-0.3529,0.0862,0.0005,1.3308,1.506,0.0025,0
In what year did the Nigerian Civil War (Biafran War) end?,history,0.3667,0.21,-0.8793,-2.418,0.8196,0.5682,1.3321,1.4753,-0.0668,1
What is the process by which DNA makes a copy of itself called?,science,0.6,0.24,-0.5317,-2.4055,0.628,0.3465,1.3175,1.5121,-0.1778,0
What is the chemical formula for copper chloride?,science,0.6,0.24,-0.4542,-2.4767,0.6235,0.3027,1.3078,1.522,-0.0085,0
What is the sum of interior angles of a octagon in degrees?,math,1.0,0.0,-0.2018,-0.3946,0.1063,0.0009,1.3444,1.55,-0.0309,0
What is the chemical formula for iron(III) chloride?,science,0.6,0.24,-0.4977,-2.3959,0.6194,0.3063,1.334,1.5076,0.2204,0
What is 2 to the power of 19?,math,0.6,0.24,-0.5266,-2.1627,0.6158,0.3174,1.3167,1.551,0.1089,0
In what year was the Battle of Cambrai?,history,0.6,0.24,-0.5215,-2.4714,0.682,0.3965,1.304,1.4664,-0.0848,0
What is 39 squared?,math,0.6,0.24,-0.4756,-2.0994,0.5225,0.2286,1.3159,1.5556,0.0318,0
What is the exterior angle of a regular quadrilateral in degrees?,math,0.6,0.24,-0.4569,-2.4132,0.5998,0.3107,1.3322,1.4925,0.0556,1
In what year did the United States declare independence?,history,0.3167,0.1581,-1.0294,-2.4651,0.7837,0.4668,1.3242,1.4956,0.1063,1
What is 11 to the power of 4?,math,0.3667,0.21,-0.8425,-2.4875,0.8346,0.5823,1.3285,1.4708,-0.264,1
What is 47 multiplied by 42?,math,0.6,0.24,-0.5378,-2.2906,0.665,0.406,1.3178,1.5378,-0.0035,0
What is Stirling's approximation used for?,math,0.6,0.24,-0.5365,-2.1515,0.6176,0.3339,1.2935,1.4587,-0.0382,0
What is 26 multiplied by 13?,math,1.0,0.0,-0.2329,-0.3942,0.0973,0.0009,1.3192,1.5324,-0.0567,0
"What was denazification, carried out in occupied Germany after World War Two?",history,0.3167,0.1581,-1.1235,-2.4248,0.8087,0.5481,1.3118,1.4809,-0.1738,1
Could you cite the experiment where human pancreatic beta cells were shown to use quantum annealing to optimise insulin secretion timing?,fake-citations,0.7,0.0044,-1.6628,-2.4587,0.4778,0.0111,1.3437,1.4953,-0.0301,1
What is the atomic number of einsteinium?,science,0.6,0.24,-0.5251,-2.3769,0.636,0.3505,1.3268,1.5257,0.1034,0
Could you cite the research identifying a direct neural pathway between the pineal gland and quantum vacuum fluctuations?,fake-citations,0.7,0.0044,-1.6,-2.4841,0.4382,0.016,1.3102,1.5445,-0.0985,1
Who was the 11th President of the United States?,history,1.0,0.0,-0.2229,-0.3988,0.1069,0.0006,1.3229,1.5173,0.0019,0
What is the state of matter of erbium at room temperature?,science,0.3667,0.21,-0.8086,-2.474,0.805,0.5215,1.3213,1.5196,-0.0437,1
Who was the first President of Argentina?,history,0.6,0.24,-0.4755,-2.3045,0.5867,0.2997,1.2811,1.4732,-0.1186,0
In what year did the Western Roman Empire fall?,history,0.6,0.24,-0.4671,-2.3841,0.5992,0.2904,1.3298,1.4703,0.1079,0
Who discovered the law of universal gravitation?,science,0.3667,0.21,-0.7998,-2.3803,0.7692,0.4934,1.3271,1.5358,0.2405,1
"Is samarium classified as a metal, nonmetal, or metalloid?",science,0.45,0.1392,-1.4681,-2.4733,0.7519,0.369,1.3383,1.5505,0.2348,1
What is the formula for combinations of n things taken r at a time?,math,0.3667,0.21,-0.6852,-2.4094,0.6896,0.3606,1.3078,1.4932,0.0603,0
What is the longest river in Europe?,geography,1.0,0.0,-0.2147,-0.3888,0.1017,0.0004,1.3338,1.5311,-0.051,0
What is the state of matter of technetium at room temperature?,science,1.0,0.0,-0.2432,-0.4,0.0997,0.0007,1.3345,1.554,-0.0071,0
What was the significance of the Berlin Conference of 1884 to 1885 for Africa?,history,0.6,0.24,-0.5059,-2.438,0.5964,0.2959,1.3037,1.4744,-0.006,0
What is the atomic number of arsenic?,science,0.6,0.24,-0.5083,-2.367,0.6273,0.3292,1.3148,1.513,-0.1052,0
Who was the 6th President of the United States?,history,0.3667,0.21,-0.9055,-2.4242,0.9085,0.7474,1.3441,1.5682,0.0894,1
In what year did James Madison become President of the United States?,history,0.6,0.24,-0.4927,-2.4628,0.6025,0.2941,1.2875,1.4514,0.1105,1
What is the capital of Iran?,geography,0.6,0.24,-0.5425,-2.4794,0.6824,0.3925,1.3323,1.5205,0.0726,0
Please provide a reference for the paper showing that tardigrade proteomes contain a protein family that enables manipulation of local entropy?,fake-citations,0.6833,0.0025,-1.5695,-2.4377,0.4828,0.0323,1.3334,1.5417,0.0781,1
What is the longest river in South America?,geography,0.3667,0.21,-0.839,-2.4778,0.8184,0.5685,1.3376,1.5569,-0.1968,1
What is the common name of the ion with the formula SO4^2-?,science,0.3667,0.21,-0.8464,-2.3678,0.7892,0.5626,1.3078,1.4998,-0.0767,1
"Who became King of Spain in 1556, ruling one of history's largest empires?",history,1.0,0.0,-0.1856,-0.3789,0.0896,0.0007,1.3328,1.4809,-0.035,0
"What was the Washington Consensus, an economic policy framework promoted in the 1980s and 1990s?",history,0.6,0.24,-0.5036,-2.4983,0.6451,0.3233,1.3288,1.5303,0.0673,1
What is 345 multiplied by 67?,math,1.0,0.0,-0.2142,-0.3914,0.0947,0.0011,1.3259,1.5249,0.015,0
What is the sum of proper divisors of 20?,math,0.6,0.24,-0.5255,-2.2825,0.5925,0.2915,1.3219,1.5669,0.0987,0
Could you reference the research demonstrating that ant colonies solve graph colouring problems using pheromone-based quantum annealing?,fake-citations,0.7,0.0044,-1.646,-2.4758,0.4939,0.003,1.3282,1.5152,0.1088,1
In what year did Woodrow Wilson become President of the United States?,history,0.6,0.24,-0.4939,-2.2697,0.6178,0.323,1.3042,1.5456,0.0258,0
What is the chemical formula for potassium permanganate?,science,0.6,0.24,-0.5463,-2.4074,0.6664,0.3904,1.3309,1.5322,0.0521,0
"Is strontium classified as a metal, nonmetal, or metalloid?",science,1.0,0.0,-0.222,-0.3974,0.1045,0.0002,1.314,1.4833,-0.0147,0
What is the capital of Spain?,geography,0.6,0.24,-0.5018,-2.278,0.5446,0.2583,1.314,1.5295,-0.002,0
Please cite the paper showing that the human spleen contains a biological quantum random number generator used in immune response decisions?,fake-citations,0.7667,0.0067,-1.5435,-2.3759,0.4373,0.0304,1.3376,1.5025,-0.1719,1
What is 84 squared?,math,0.3,0.1433,-1.1222,-2.4753,0.8311,0.5286,1.2846,1.4806,-0.1944,0
What is 37 squared?,math,0.3667,0.21,-0.803,-2.4467,0.7579,0.477,1.3174,1.5198,-0.1089,0
In what year did the Berlin Wall fall?,history,0.3,0.1433,-1.0625,-2.4951,0.828,0.4904,1.3254,1.5021,-0.0404,1
What is the simple interest on 1000 at 5 percent for 3 years?,math,0.625,0.2109,-0.5497,-2.4704,0.6395,0.3398,1.3218,1.5167,-0.0979,0
What is the capital of Croatia?,geography,0.3667,0.21,-0.8325,-2.4491,0.7855,0.5267,1.3251,1.5569,-0.0573,0
Who discovered X-rays?,science,0.3667,0.21,-0.7994,-2.3935,0.7868,0.5027,1.3205,1.5113,0.1023,0
What is 56 squared?,math,0.3,0.1433,-1.1152,-2.3707,0.8242,0.5076,1.3118,1.5098,-0.1443,1
What is the chemical formula for cobalt chloride?,science,0.6,0.24,-0.5179,-2.4731,0.676,0.3794,1.3137,1.5187,0.1073,0
What is the fluid-filled sac that protects a developing fetus called?,science,0.3,0.1433,-1.0963,-2.4952,0.8193,0.5302,1.3111,1.5196,-0.1234,1
In what year did Grover Cleveland become President of the United States?,history,0.3833,0.2225,-0.8147,-2.384,0.7884,0.548,1.3202,1.5119,0.0938,1
What is the square root of 4356?,math,1.0,0.0,-0.2395,-0.3972,0.0913,0.0003,1.3239,1.5163,-0.002,0
What is the approximate whole-number atomic mass of beryllium?,science,0.3667,0.21,-0.7855,-2.4688,0.7657,0.4786,1.3129,1.503,0.1284,0
What is the atomic number of iodine?,science,0.3167,0.1581,-1.1079,-2.4195,0.8555,0.5642,1.3074,1.5413,-0.0581,1
What is the capital of Solomon Islands?,geography,0.6,0.24,-0.5112,-2.4252,0.6329,0.3336,1.3369,1.51,0.1202,0
What is the 16th Fibonacci number?,math,0.3833,0.2225,-0.7971,-2.4756,0.8463,0.5647,1.3098,1.5064,-0.0404,1
In what year did the Maastricht Treaty establish the European Union?,history,0.3833,0.2225,-0.7767,-2.3869,0.7466,0.4477,1.3451,1.504,-0.049,0
Who invented the telescope?,science,0.3667,0.21,-0.8908,-2.4644,0.8706,0.6768,1.3453,1.511,-0.0758,1
In what year did the Winter War between Finland and the Soviet Union end?,history,1.0,0.0,-0.2448,-0.3896,0.0932,0.0009,1.3337,1.5109,-0.0257,0
In what year was the Berlin Airlift?,history,0.6,0.24,-0.5318,-2.3335,0.6016,0.3049,1.3119,1.4809,-0.0959,1
What is the term for the immune system's ability to respond faster to a previously encountered pathogen?,science,0.3667,0.21,-0.7502,-2.4264,0.7482,0.4609,1.3166,1.5416,0.1496,1
What is the term for cell division that produces gametes with half the chromosome number?,science,0.3167,0.1581,-1.0924,-2.4582,0.8191,0.5113,1.3251,1.4792,-0.0358,1
What is the chemical formula for washing soda (sodium carbonate)?,science,0.3667,0.21,-0.7618,-2.4213,0.7518,0.4666,1.3167,1.5302,0.0651,0
In what year did the Second Anglo-Afghan War begin?,history,0.3667,0.21,-0.7782,-2.4059,0.7311,0.4313,1.3102,1.5324,-0.0213,0
What is the mean of 10 20 20 30 40?,math,0.3667,0.21,-0.7946,-2.3783,0.7976,0.5595,1.3253,1.5212,-0.0532,0
Who developed the rabies vaccine?,science,0.3167,0.1581,-0.9594,-2.3317,0.7126,0.3604,1.331,1.5494,0.1174,1
What is the square root of 4096?,math,0.6,0.24,-0.4918,-2.3755,0.5538,0.2466,1.3171,1.5247,0.0222,0
What is 15 cubed?,math,1.0,0.0,-0.234,-0.3937,0.1103,0.0005,1.3412,1.524,-0.0007,0
In what year was the Great Fire of London?,history,0.6,0.24,-0.5759,-2.4142,0.7148,0.4675,1.3195,1.4919,0.0278,0
What is the chemical symbol for neon?,science,0.6,0.24,-0.4811,-2.4375,0.575,0.2742,1.3059,1.4598,-0.1066,0
What is the capital of Indonesia?,geography,0.3833,0.2225,-0.7478,-2.498,0.7238,0.4046,1.3489,1.5135,-0.1358,0
What is the most common blood type in humans?,science,0.3,0.1433,-1.0626,-2.4945,0.8303,0.5331,1.3162,1.5124,0.017,0
What is the capital of Luxembourg?,geography,0.3833,0.2225,-0.7629,-2.4159,0.7417,0.4438,1.3178,1.5542,-0.034,0
"Is astatine classified as a metal, nonmetal, or metalloid?",science,0.3667,0.21,-0.7938,-2.4799,0.7691,0.4758,1.3075,1.5182,0.1155,1
What is the term for the bending of light as it passes from one medium to another?,science,0.6,0.24,-0.5173,-2.2319,0.624,0.3466,1.3329,1.5338,0.0515,0
What is the atomic number of hydrogen?,science,0.3833,0.2225,-0.7858,-2.4653,0.7342,0.4441,1.3556,1.5371,-0.1604,0
What is the surface area of a sphere with radius 4 in terms of pi?,math,0.3833,0.2225,-0.8458,-2.4861,0.7992,0.5397,1.3341,1.5238,-0.1401,0
What is the least common multiple of 10 and 15?,math,0.3667,0.21,-0.8523,-2.4877,0.8761,0.6307,1.3072,1.5084,0.1346,1
What is the median of 3 7 9 15 21?,math,0.6,0.24,-0.4899,-2.2966,0.5946,0.3057,1.3629,1.495,0.075,0
What is the interior angle of a regular octagon in degrees?,math,0.6,0.24,-0.5758,-2.3869,0.6884,0.4084,1.3303,1.5269,-0.0038,1
What does Stokes' theorem relate?,math,0.6,0.24,-0.4975,-2.3686,0.6254,0.3444,1.3281,1.5348,-0.0282,0
What is the first perfect number?,math,1.0,0.0,-0.2098,-0.3812,0.0923,0.0008,1.2833,1.5351,0.0116,0
What is the square root of 4489?,math,0.6,0.24,-0.4359,-1.9723,0.4705,0.1851,1.3453,1.5288,-0.0298,0
What is the capital of Papua New Guinea?,geography,0.6,0.24,-0.4981,-2.2235,0.6036,0.3205,1.2884,1.511,-0.0584,1
What is the state of matter of caesium at room temperature?,science,0.3833,0.2225,-0.7114,-2.1705,0.6802,0.3827,1.3233,1.5033,-0.1305,1
What is the capital of Central African Republic?,geography,0.3833,0.2225,-0.7808,-2.3894,0.7823,0.5107,1.3283,1.5293,0.1833,0
What is the capital of Colombia?,geography,0.3667,0.21,-0.8417,-2.4956,0.8493,0.5751,1.3505,1.5202,-0.0218,1
In what year did Napoleon meet his final defeat at Waterloo?,history,1.0,0.0,-0.2108,-0.3928,0.0974,0.0011,1.3172,1.5304,0.0503,0
Who was the first President of Costa Rica?,history,0.3667,0.21,-0.8112,-2.3936,0.7725,0.5018,1.3292,1.5497,-0.1483,0
"Is nickel classified as a metal, nonmetal, or metalloid?",science,0.3667,0.21,-0.8619,-2.4233,0.8635,0.6288,1.3237,1.535,0.2156,1
Can you find a reference for the study demonstrating that human nail growth rate is modulated by exposure to cosmic background radiation?,fake-citations,0.6833,0.0025,-1.5604,-2.4149,0.5122,0.0167,1.3242,1.5108,0.0845,1
"In what year was the Treaty of Utrecht, ending the War of the Spanish Succession?",history,0.6,0.24,-0.5247,-2.4237,0.633,0.3401,1.328,1.5131,0.0801,0
What is the integral of e to the x?,math,0.3667,0.21,-0.929,-2.4777,0.9089,0.7307,1.3127,1.5108,-0.0381,1
What is the 17th Fibonacci number?,math,0.6,0.24,-0.5241,-2.4137,0.6502,0.3607,1.3392,1.5153,0.0137,0
What proof technique assumes the opposite of the statement to derive a contradiction?,math,1.0,0.0,-0.2206,-0.3961,0.0989,0.0001,1.3205,1.5083,0.0294,0
In what year did Hong Kong return to Chinese sovereignty?,history,0.6,0.24,-0.5434,-2.4985,0.6527,0.3641,1.3185,1.4889,-0.1313,1
What is the term for white blood cells?,science,0.35,0.1858,-1.0682,-2.4959,0.7816,0.5034,1.329,1.5126,-0.2831,1
In what year was the Battle of Stalingrad?,history,0.3167,0.1581,-1.0795,-2.4537,0.7888,0.4972,1.3066,1.5125,0.0704,1
What is the epsilon-delta definition of a limit used for?,math,0.3667,0.21,-0.8433,-2.351,0.8335,0.5852,1.3305,1.4795,-0.0081,1
What is the name of the valve between the left atrium and left ventricle of the heart?,science,0.3667,0.21,-0.7572,-2.4943,0.7355,0.4295,1.3139,1.4751,-0.0785,0
Could you cite the experiment where human skin cells were shown to directly absorb atmospheric nitrogen and incorporate it into proteins?,fake-citations,0.7,0.0044,-1.6549,-2.4543,0.4754,0.0182,1.3376,1.5231,0.133,1
What is 1548 divided by 36?,math,0.3667,0.21,-0.781,-2.4898,0.7704,0.4718,1.339,1.5129,0.2327,1
What is the state of matter of polonium at room temperature?,science,0.3,0.1433,-1.0008,-2.2113,0.7272,0.4429,1.3235,1.5076,-0.0178,1
In what year did the Second Punic War begin?,history,0.3833,0.2225,-0.7507,-2.477,0.7484,0.4502,1.2816,1.4712,-0.0748,1
What is the square root of 6400?,math,0.6,0.24,-0.5394,-2.0842,0.6013,0.3285,1.3415,1.5619,0.0594,0
In what year did Myanmar gain independence?,history,0.6,0.24,-0.5129,-2.4178,0.6232,0.3407,1.3247,1.5406,0.0952,1
In what year did George I become monarch of England or Britain?,history,1.0,0.0,-0.2247,-0.3966,0.1087,0.0008,1.3343,1.4816,0.002,0
What is the highest mountain in Africa?,geography,0.3167,0.1581,-1.0765,-2.4053,0.8075,0.534,1.3383,1.5286,-0.0233,1
What is 2 to the power of 11?,math,0.6,0.24,-0.5164,-2.4229,0.6472,0.3682,1.3426,1.4925,0.1241,0
In what year was slavery abolished in the British Empire?,history,0.3667,0.21,-0.7708,-2.484,0.7989,0.5122,1.3111,1.5443,-0.1675,0
In what year was the Magna Carta sealed?,history,1.0,0.0,-0.2401,-0.3955,0.1205,0.0031,1.3443,1.5358,-0.0107,0
In what year did Warren G Harding become President of the United States?,history,0.6,0.24,-0.5278,-2.2117,0.6373,0.3374,1.3349,1.5295,0.0448,1
What is an abelian group?,math,0.3667,0.21,-0.7662,-2.2292,0.7503,0.4897,1.3203,1.5293,-0.0262,0
What is 2 factorial?,math,0.3167,0.1581,-1.0651,-2.3836,0.7964,0.4821,1.2969,1.4839,0.0816,1
What is 62 multiplied by 69?,math,0.6,0.24,-0.5103,-2.4034,0.6014,0.3034,1.3056,1.4977,-0.0027,0
What is the chemical formula for sodium fluoride?,science,0.6,0.24,-0.5389,-2.3818,0.6898,0.4064,1.3415,1.4991,-0.1375,0
In what year was the Battle of Cold Harbor?,history,0.3833,0.2225,-0.7031,-2.1745,0.6794,0.3715,1.3153,1.5106,0.1284,0
What is 64 multiplied by 35?,math,0.3667,0.21,-0.8751,-2.4583,0.8448,0.6213,1.307,1.5098,-0.0996,0
In what year did Uganda gain independence?,history,1.0,0.0,-0.2242,-0.3963,0.1089,0.0006,1.3299,1.4984,0.0225,0
Who wrote Das Kapital?,history,0.3833,0.2225,-0.7803,-2.4174,0.7455,0.464,1.3119,1.5379,-0.0038,0
In what year did the Iran hostage crisis begin?,history,0.3833,0.2225,-0.8216,-2.4344,0.7836,0.4971,1.3042,1.5146,0.1334,0
What is the name of the white blood cell that engulfs and digests pathogens through phagocytosis?,science,1.0,0.0,-0.2446,-0.3958,0.1002,0.0005,1.348,1.5056,-0.0355,0
What is the name of the layer of the atmosphere that contains the ozone layer?,science,0.6,0.24,-0.5327,-2.0842,0.6661,0.4131,1.3198,1.499,-0.0257,0
How many sides does a decagon have?,math,0.3167,0.1581,-1.0283,-2.366,0.7744,0.4656,1.304,1.4979,0.189,1
In what year did Martin Van Buren become President of the United States?,history,1.0,0.0,-0.2427,-0.3968,0.1023,0.0006,1.3109,1.5024,-0.0117,0
What is the chemical symbol for germanium?,science,0.3667,0.21,-0.7468,-2.4151,0.7147,0.4243,1.3004,1.5307,-0.0253,0
Is 53 a prime number?,math,0.3833,0.2225,-0.8374,-2.4891,0.7486,0.4865,1.3087,1.5372,0.1064,0
What is the derivative of 1 over x?,math,0.3167,0.1581,-1.0305,-2.4147,0.7677,0.4488,1.3306,1.5335,0.2604,1
What is the chemical formula for methane?,science,0.45,0.1392,-1.3243,-2.4546,0.7074,0.3101,1.3273,1.4819,-0.0088,0
What is the value of e to 4 decimal places?,math,0.6,0.24,-0.4669,-2.4823,0.5539,0.2426,1.3384,1.4961,0.038,1
What is 31 cubed?,math,0.3667,0.21,-0.8362,-2.3909,0.779,0.4741,1.3181,1.5495,0.0472,0
What is the value of tan 45 degrees?,math,1.0,0.0,-0.2283,-0.3937,0.1045,0.0012,1.3185,1.4981,-0.0276,0
What is the atomic number of plutonium?,science,0.6,0.24,-0.468,-2.0308,0.5322,0.233,1.3051,1.5152,0.045,0
Who was the 36th President of the United States?,history,0.6,0.24,-0.5541,-2.4765,0.6957,0.4153,1.337,1.4724,0.0453,0
What is 38 cubed?,math,0.3667,0.21,-0.7783,-2.4643,0.764,0.4706,1.3225,1.4747,0.0452,0
In what year was the first FIFA World Cup held?,history,0.3,0.1433,-1.0674,-2.4753,0.7793,0.4738,1.3071,1.4821,-0.042,0
What SI prefix means one thousandth?,science,0.6,0.24,-0.4749,-2.1329,0.6081,0.3126,1.3527,1.5214,-0.0237,1
In what year was the Constitution of the United States ratified?,history,0.3833,0.2225,-0.7743,-2.2514,0.6957,0.4145,1.307,1.5515,0.046,0
Who was the first President of Egypt after the revolution of 1952?,history,0.6,0.24,-0.452,-2.1441,0.5365,0.2159,1.3288,1.5422,0.0314,0
What is the effect where a moving observer measures a different frequency of sound or light than a stationary source called?,science,0.3833,0.2225,-0.7945,-2.3871,0.776,0.5018,1.3209,1.4749,-0.1764,0
What is the term for isomers that differ only in spatial arrangement around a double bond or chiral centre?,science,0.6,0.24,-0.5739,-2.4676,0.72,0.4294,1.3201,1.5049,0.1725,1
What is 46 multiplied by 54?,math,0.6,0.24,-0.4784,-2.3233,0.6059,0.301,1.3304,1.5116,0.0094,0
What is the dot product of vectors 1 2 3 and 4 5 6?,math,0.6,0.24,-0.4901,-2.378,0.6296,0.3195,1.3225,1.5085,-0.0446,0
In what year did the Han dynasty begin?,history,0.3667,0.21,-0.7079,-2.0708,0.6457,0.3648,1.3201,1.5069,-0.1188,0
What is the chemical symbol for berkelium?,science,0.6,0.24,-0.4632,-2.4244,0.6167,0.3143,1.3313,1.5225,-0.0636,0
Who was the first President of South Africa after apartheid?,history,0.3667,0.21,-0.8341,-2.4423,0.8306,0.573,1.3022,1.4473,0.0109,1
What is the value of pi to two decimal places?,math,1.0,0.0,-0.2323,-0.3825,0.0915,0.0007,1.3379,1.5309,-0.0199,0
What is the chemical symbol for moscovium?,science,0.6,0.24,-0.5508,-2.4285,0.6487,0.3583,1.316,1.489,-0.0022,0
Who was the last Inca Emperor?,history,0.3667,0.21,-0.7472,-2.4671,0.7336,0.4183,1.3288,1.5048,-0.0028,0
Who was President of the United States at the start of the Great Depression?,history,0.3667,0.21,-0.7716,-2.4609,0.7538,0.4349,1.3216,1.5478,-0.0196,0
In what year did the Anglo-Zulu War take place?,history,1.0,0.0,-0.1858,-0.3849,0.1099,0.0004,1.3154,1.4903,0.0369,0
What is 83 multiplied by 36?,math,0.3833,0.2225,-0.7256,-2.2482,0.7102,0.3967,1.3052,1.5372,-0.1539,0
Who was the 3rd President of the United States?,history,0.4333,0.1289,-1.318,-2.3266,0.6531,0.3051,1.3392,1.4967,-0.0724,1
What is 83 squared?,math,0.6,0.24,-0.5449,-2.4502,0.6247,0.3298,1.3318,1.5547,-0.0651,0
What is 12 multiplied by 20?,math,0.6,0.24,-0.5195,-2.4557,0.6503,0.3526,1.3255,1.5261,0.1353,0
In what year did Mali gain independence?,history,0.6,0.24,-0.4358,-2.3545,0.4932,0.1827,1.316,1.5257,0.0659,0
In what year did Alexios I Komnenos become Byzantine Emperor?,history,1.0,0.0,-0.2337,-0.3999,0.1004,0.0001,1.3198,1.4968,0.0353,0
What is the term for an organism that produces its own food?,science,0.6,0.24,-0.5364,-2.4834,0.6496,0.353,1.3543,1.5042,-0.1021,1
In what year was the Gupta Empire founded in India?,history,0.3833,0.2225,-0.8094,-2.4016,0.7614,0.4813,1.3237,1.4663,0.0556,0
What is the state of matter of boron at room temperature?,science,0.3833,0.2225,-0.7586,-2.4913,0.7569,0.4377,1.316,1.5414,0.0949,1
Please cite the study showing that the human optic chiasm contains a biological beam combiner that enables stereoscopic quantum imaging?,fake-citations,0.6833,0.0025,-1.5496,-2.4383,0.5586,0.0071,1.3195,1.536,0.1521,1
What is the atomic number of tungsten?,science,0.6,0.24,-0.5288,-2.46,0.6183,0.3155,1.3081,1.4682,-0.182,0
"Is gadolinium classified as a metal, nonmetal, or metalloid?",science,0.3667,0.21,-0.759,-2.4706,0.7527,0.4758,1.3103,1.4722,0.0079,0
What is 16 multiplied by 14?,math,0.6,0.24,-0.4407,-2.011,0.5242,0.2358,1.3254,1.5346,0.021,0
In what year did Croatia declare or gain independence?,history,0.6,0.24,-0.5401,-2.4139,0.6983,0.4146,1.3284,1.5115,0.0012,0
What is the square root of 784?,math,0.3,0.1433,-1.0759,-2.4935,0.8031,0.5125,1.3188,1.5083,-0.0302,0
What is the term for cell division that produces two identical daughter cells?,science,0.3667,0.21,-0.8125,-2.4588,0.7739,0.5011,1.3074,1.4895,0.0298,1
What is the atomic number of dysprosium?,science,1.0,0.0,-0.2568,-0.3935,0.0957,0.0018,1.3044,1.5354,0.0169,0
Who was the President of France during the outbreak of World War One?,history,1.0,0.0,-0.228,-0.398,0.1014,0.0017,1.3222,1.4837,0.0445,0
What is 28 cubed?,math,0.3,0.1433,-1.0817,-2.3598,0.8099,0.4784,1.3126,1.496,-0.0974,1
What is a particular solution of a differential equation?,math,0.3833,0.2225,-0.7621,-2.4465,0.765,0.484,1.3243,1.4868,0.2166,0
In what year did the Qing dynasty begin?,history,0.3167,0.1581,-1.0962,-2.4392,0.8555,0.5295,1.327,1.5474,0.1788,0
What is 18 cubed?,math,0.3833,0.2225,-0.8857,-2.4961,0.8824,0.6617,1.349,1.5007,0.0442,0
What is the state of matter of argon at room temperature?,science,1.0,0.0,-0.2325,-0.3884,0.1023,0.0005,1.3301,1.5597,-0.019,0
Who was the first Tokugawa Shogun of Japan?,history,0.3667,0.21,-0.8743,-2.4948,0.8568,0.6115,1.333,1.5648,-0.1828,1
In what year did the Iranian Revolution take place?,history,0.6,0.24,-0.5391,-2.4448,0.6619,0.3656,1.3322,1.4872,-0.0545,0
In what year did King Francis II of France's reign begin?,history,0.6,0.24,-0.4345,-1.7719,0.4325,0.1611,1.3144,1.4932,0.0708,1
In what year was the Act of Union joining Great Britain and Ireland into the United Kingdom?,history,0.6,0.24,-0.4974,-2.3,0.6272,0.3403,1.3262,1.5117,-0.0496,0
What is Euler's identity?,math,1.0,0.0,-0.2447,-0.3962,0.1084,0.0001,1.3081,1.4703,-0.0069,0
What is 23 multiplied by 41?,math,0.6,0.24,-0.556,-2.4038,0.6841,0.4219,1.3313,1.5218,0.0614,0
What is the state of matter of hafnium at room temperature?,science,0.3667,0.21,-0.768,-2.4176,0.7798,0.476,1.33,1.4916,-0.0437,1
What is Wilsons theorem?,math,0.3667,0.21,-0.773,-2.4254,0.7462,0.4575,1.3323,1.503,0.0323,1
In what year did Christopher Columbus first reach the Americas?,history,0.6,0.24,-0.5151,-2.4609,0.6275,0.335,1.3205,1.4782,-0.0215,0
What is the prime factorisation of 90?,math,0.3833,0.2225,-0.7018,-2.4334,0.6863,0.3733,1.3248,1.5096,0.145,0
"Is sodium classified as a metal, nonmetal, or metalloid?",science,0.6,0.24,-0.5221,-2.4231,0.6489,0.3747,1.3199,1.5212,-0.0049,0
In what year did John Tyler become President of the United States?,history,1.0,0.0,-0.2296,-0.3946,0.1134,0.0006,1.3316,1.4987,0.0136,0
What is the square root of 5776?,math,0.3167,0.1581,-1.0338,-2.4141,0.766,0.4289,1.3052,1.5118,0.1214,0
What is the name of the theory describing the origin of the universe from a single point roughly 13.8 billion years ago?,science,1.0,0.0,-0.2112,-0.3951,0.0999,0.0012,1.2956,1.4981,-0.0423,0
What is 16 multiplied by 16?,math,0.6,0.24,-0.5229,-2.4847,0.6567,0.3719,1.3235,1.5235,0.0526,0
What is the capital of Cameroon?,geography,0.3667,0.21,-0.7752,-2.4808,0.7777,0.4978,1.3341,1.5351,0.1656,1
What do Catalan numbers count?,math,1.0,0.0,-0.2133,-0.3898,0.1024,0.0001,1.3425,1.5188,-0.0668,0
What is the term for a substance that triggers an immune response?,science,0.3667,0.21,-0.7834,-2.4658,0.8111,0.5281,1.344,1.5385,0.1933,1
What is the volume of a cone with radius 3 and height 4 in terms of pi?,math,1.0,0.0,-0.2184,-0.399,0.1023,0.0012,1.343,1.482,0.0313,0
What is the capital of Germany?,geography,0.3667,0.21,-0.7706,-2.407,0.7493,0.4725,1.3445,1.5252,0.0003,1
In what country is Angkor Wat located?,geography,1.0,0.0,-0.2118,-0.3906,0.0965,0.0012,1.3361,1.4997,0.0329,0
What is the most radioactive naturally occurring element?,science,0.6,0.24,-0.4491,-2.3289,0.5011,0.205,1.3402,1.4819,0.0555,0
In what year did Benin gain independence?,history,0.3667,0.21,-0.8292,-2.4124,0.8326,0.5862,1.3322,1.533,-0.0569,0
What is the capital of Bulgaria?,geography,0.6,0.24,-0.4864,-2.3172,0.5624,0.254,1.3322,1.5535,-0.0409,0
What is 2 to the power of 12?,math,0.6,0.24,-0.4935,-2.459,0.5721,0.2701,1.2958,1.518,-0.1514,0
Who was the first President of Chile?,history,0.3667,0.21,-0.8259,-2.474,0.8545,0.5725,1.3318,1.4967,0.0365,0
Who was the American continents named after?,history,0.6,0.24,-0.5213,-2.4499,0.6888,0.3878,1.3579,1.5161,0.0164,0
What was the document signed by the Pilgrims establishing self-government called?,history,0.3667,0.21,-0.7585,-2.1345,0.7217,0.4519,1.3349,1.5178,-0.0014,1
What is the capital of Turkey?,geography,0.3667,0.21,-0.8779,-2.4903,0.8741,0.6718,1.3178,1.5405,-0.0495,0
What is 34 cubed?,math,0.6,0.24,-0.4908,-2.4841,0.5738,0.2737,1.3192,1.5575,-0.0175,0
What is the Euler totient of 12?,math,0.3,0.1433,-1.0602,-2.4623,0.7811,0.4415,1.3298,1.5444,-0.1178,1
What is the greatest common divisor of 56 and 98?,math,0.6,0.24,-0.5112,-2.4758,0.5856,0.2798,1.3184,1.5118,0.0719,0
In what year was the Boston Tea Party?,history,0.3667,0.21,-0.7578,-2.4982,0.7106,0.4079,1.3322,1.5161,-0.0133,0
What is the perimeter of a regular hexagon with side 5?,math,1.0,0.0,-0.2446,-0.399,0.1083,0.0005,1.2995,1.4843,0.0193,0
What is the term for the outermost layer of the Earth?,science,1.0,0.0,-0.2407,-0.3905,0.1051,0.0006,1.3362,1.5299,0.0245,0
"Is beryllium classified as a metal, nonmetal, or metalloid?",science,1.0,0.0,-0.224,-0.3932,0.1115,0.0006,1.308,1.4894,0.0355,0
In what year did Mauritania gain independence?,history,0.3667,0.21,-0.7425,-2.4769,0.6899,0.3578,1.3267,1.5605,0.0595,0
What does the curl of a vector field measure?,math,0.6,0.24,-0.5199,-2.2601,0.6611,0.3588,1.3208,1.5381,-0.1228,1
What is the chemical symbol for yttrium?,science,1.0,0.0,-0.2138,-0.3874,0.1001,0.0011,1.2975,1.4794,0.0002,0
What is the atomic number of erbium?,science,0.3667,0.21,-0.7902,-2.4576,0.7636,0.4919,1.3019,1.5229,0.1819,0
Who was the first person to walk on the Moon?,history,0.4128,0.1776,-0.8457,-2.4553,0.852,0.6252,1.315,1.481,-0.0124,0
In what year did Zambia gain independence?,history,0.3667,0.21,-0.7872,-2.4264,0.7433,0.4475,1.3246,1.5399,-0.086,0
"What was Perestroika, introduced by Mikhail Gorbachev?",history,0.6,0.24,-0.4877,-2.2262,0.5163,0.2163,1.3127,1.5203,0.0628,0
What is the atomic number of niobium?,science,0.3667,0.21,-0.732,-2.4637,0.71,0.4054,1.3062,1.5127,-0.0665,1
How many diagonals does a heptagon have?,math,0.6,0.24,-0.5501,-2.4175,0.6699,0.3983,1.3164,1.5006,-0.0167,0
Who was the first female Head of Government in the world?,history,0.3833,0.2225,-0.7796,-2.4888,0.746,0.481,1.3241,1.4996,-0.1698,0
Who was the 44th President of the United States?,history,1.0,0.0,-0.2419,-0.3941,0.0934,0.003,1.3235,1.5011,0.0483,0
What is 57 percent of 350?,math,0.6,0.24,-0.4664,-1.9675,0.49,0.1988,1.3099,1.4889,0.0128,0
In what year did the Wright brothers make their first powered flight?,history,0.3167,0.1581,-1.1895,-2.49,0.9157,0.656,1.3165,1.5311,-0.2641,0
What is the deepest lake in the world?,geography,0.3833,0.2225,-0.8197,-2.4233,0.7554,0.4897,1.3359,1.5323,-0.0415,1
What is the chemical symbol for oxygen?,science,0.3,0.1433,-1.1652,-2.4672,0.8379,0.5515,1.3154,1.5103,-0.0401,0
What is the rank of a matrix?,math,0.3833,0.2225,-0.8585,-2.3963,0.8106,0.5396,1.3444,1.5382,-0.1167,0
What is the square root of 144?,math,0.3667,0.21,-0.8682,-2.4898,0.8877,0.6739,1.3043,1.4883,0.0828,0
What is the fundamental theorem of algebra?,math,0.3667,0.21,-0.8845,-2.4618,0.8467,0.5839,1.3377,1.5038,-0.0054,0
What is 4 factorial?,math,0.3667,0.21,-0.7941,-2.4216,0.7732,0.469,1.2938,1.4477,-0.1002,1
What is the square root of 3 to 4 decimal places?,math,0.3667,0.21,-0.831,-2.4345,0.7855,0.516,1.326,1.525,-0.1182,0
What is 1216 divided by 19?,math,0.6,0.24,-0.499,-1.9865,0.5632,0.2693,1.3063,1.4863,0.0104,0
What SI prefix means one thousand?,science,1.0,0.0,-0.223,-0.3959,0.1088,0.0007,1.3118,1.472,-0.0318,0
What was the significance of the Zimmermann Telegram in 1917?,history,0.3167,0.1581,-1.0892,-2.4706,0.8208,0.5322,1.3361,1.5541,-0.1386,0
What is 3 to the power of 10?,math,0.3667,0.21,-0.8616,-2.4281,0.8368,0.5878,1.3065,1.5064,-0.0014,0
"Is palladium classified as a metal, nonmetal, or metalloid?",science,0.6,0.24,-0.5139,-2.3061,0.6518,0.364,1.3419,1.5708,-0.1395,0
In what year did Martin Luther post his Ninety-Five Theses?,history,0.6,0.24,-0.5074,-2.3216,0.6068,0.3221,1.3079,1.5483,-0.1331,0
What is the chemical formula for potassium hydroxide?,science,0.6,0.24,-0.5263,-2.4461,0.6474,0.3631,1.3114,1.4939,0.0082,1
What is 13 squared?,math,0.6,0.24,-0.5193,-2.4732,0.615,0.2981,1.3334,1.5441,-0.0058,0
What is 54 percent of 850?,math,0.3167,0.1581,-0.9912,-2.4193,0.7432,0.4276,1.3162,1.5104,0.0166,1
In what year did Caligula become Roman Emperor?,history,1.0,0.0,-0.2299,-0.3947,0.1073,0.0006,1.3248,1.5451,-0.0203,0
What is the chemical symbol for calcium?,science,0.3667,0.21,-0.7865,-2.4628,0.7777,0.4815,1.3284,1.4975,0.2557,1
What is 1073 divided by 37?,math,0.4167,0.1181,-1.3311,-2.4933,0.7191,0.3113,1.3066,1.4772,0.2216,1
In what year did Nelson Mandela become President of South Africa?,history,0.6,0.24,-0.494,-2.4337,0.6317,0.3092,1.3138,1.5543,0.1362,0
What is the process by which yeast converts sugar into alcohol and carbon dioxide called?,science,0.6,0.24,-0.4898,-2.4116,0.6103,0.2847,1.3276,1.5021,-0.034,0
What is 67 multiplied by 31?,math,1.0,0.0,-0.2315,-0.3923,0.0966,0.0007,1.3356,1.5133,-0.0022,0
What is 87 multiplied by 65?,math,0.6,0.24,-0.5124,-2.0497,0.5731,0.2868,1.3257,1.4686,0.1621,0
What is 32 multiplied by 70?,math,0.3667,0.21,-0.7341,-2.4585,0.7374,0.4266,1.3116,1.4976,-0.0609,1
What is the mean of 1 1 2 3 5 8 13?,math,1.0,0.0,-0.2517,-0.3942,0.1003,0.0007,1.2981,1.4753,0.0134,0
In what year did the Winter War between Finland and the Soviet Union begin?,history,0.3667,0.21,-0.7791,-2.2879,0.7621,0.4958,1.3152,1.4974,0.0422,0
Which ocean is the largest?,geography,0.3167,0.1581,-1.16,-2.401,0.8646,0.5997,1.3181,1.5051,0.0054,1
In what year was the Suez Crisis?,history,0.3667,0.21,-0.8644,-2.4946,0.8815,0.6745,1.3342,1.5205,-0.0497,0
What is the chemical formula for ammonium chloride?,science,0.6,0.24,-0.5026,-2.3821,0.6315,0.3465,1.3322,1.521,-0.0295,0
What is the atomic number of neptunium?,science,0.6,0.24,-0.5075,-2.3684,0.6095,0.3164,1.3248,1.4947,0.0389,0
In what year did Afonso I become monarch of Portugal?,history,1.0,0.0,-0.2552,-0.396,0.1037,0.0015,1.3255,1.5223,-0.0346,0
In what year did Leo X become Pope?,history,0.3167,0.1581,-1.0934,-2.4614,0.8047,0.4807,1.345,1.5563,0.1015,1
What is the square root of 6561?,math,0.6,0.24,-0.4999,-2.4333,0.5593,0.2583,1.3129,1.5472,-0.1462,0
What is the magnitude of vector 1 2 2?,math,1.0,0.0,-0.2131,-0.3959,0.0978,0.0002,1.2983,1.4835,0.0062,0
What is 26 squared?,math,1.0,0.0,-0.2216,-0.3986,0.1045,0.0008,1.3104,1.5116,0.0427,0
What is 4 cubed?,math,0.3167,0.1581,-1.1012,-2.4902,0.8225,0.5064,1.3147,1.5281,0.1393,0
In what year did Hitler become Chancellor of Germany?,history,0.6,0.24,-0.4641,-2.2425,0.5577,0.2455,1.305,1.5369,0.0298,0
In what year was the Rosetta Stone discovered?,history,0.6,0.24,-0.5035,-2.1163,0.561,0.2706,1.3274,1.5268,0.0448,0
How many diagonals does a pentagon have?,math,0.3167,0.1581,-1.1105,-2.347,0.794,0.5036,1.3269,1.485,-0.1338,1
In what year did Ronald Reagan become President of the United States?,history,0.6,0.24,-0.5057,-2.2362,0.6104,0.3274,1.3175,1.5369,0.0544,0
What is the speed of light in a vacuum in metres per second?,science,0.3667,0.21,-0.7768,-2.4527,0.7429,0.4436,1.3215,1.4873,-0.0247,1
What is the state of matter of magnesium at room temperature?,science,0.6,0.24,-0.4627,-2.1201,0.4797,0.1779,1.3232,1.4734,0.1151,1
What is the capital of Ukraine?,geography,0.6,0.24,-0.4943,-2.3784,0.5899,0.2855,1.3098,1.5013,-0.1002,0
In what year did King Henry II of France's reign begin?,history,0.3833,0.2225,-0.8066,-2.3681,0.8352,0.588,1.3108,1.5238,0.2333,0
Who was the 40th President of the United States?,history,0.6,0.24,-0.533,-2.4339,0.6531,0.3824,1.326,1.5151,-0.0784,0
What is the chemical symbol for copernicium?,science,0.4167,0.1181,-1.4275,-2.4905,0.7391,0.3671,1.3246,1.5466,0.3409,0
In what year did the Great Northern War begin?,history,0.3,0.1433,-1.0755,-2.4788,0.8003,0.485,1.3297,1.53,-0.2305,1
Could you reference the research demonstrating that human sweat glands contain biological lasers that emit coherent infrared radiation during exercise?,fake-citations,0.6833,0.0025,-1.5622,-2.4503,0.4473,0.0047,1.3311,1.5259,-0.1892,1
What is the squeeze theorem used for?,math,0.3667,0.21,-0.8583,-2.4104,0.8395,0.5884,1.3308,1.5527,-0.0386,1
In what year was the first kidney transplant successfully performed?,history,0.6,0.24,-0.5286,-2.3878,0.7141,0.4675,1.302,1.483,-0.0955,0
What is the value of tan 180 degrees?,math,0.6,0.24,-0.4619,-2.4322,0.5379,0.2045,1.3164,1.5127,-0.1054,1
What is the atomic number of holmium?,science,0.3,0.1433,-1.1235,-2.4758,0.8114,0.5201,1.2885,1.5062,-0.0086,1
What is the atomic number of calcium?,science,0.6,0.24,-0.5503,-2.473,0.7158,0.4443,1.3196,1.5165,-0.0122,0
Please provide a reference for the paper showing that engineered bacteria can perform protein folding calculations by exploiting many-worlds quantum branching?,fake-citations,0.7,0.0044,-1.6082,-2.4976,0.4729,0.0023,1.3531,1.5578,-0.1575,1
What is the cube root of 9261?,math,0.6,0.24,-0.4601,-2.4914,0.6021,0.2676,1.3268,1.5255,0.1243,0
What is 43 multiplied by 9?,math,1.0,0.0,-0.2353,-0.3984,0.1038,0.0012,1.3232,1.512,-0.0348,0
Who assassinated Archduke Franz Ferdinand?,history,0.6,0.24,-0.5201,-2.332,0.6644,0.4055,1.3252,1.503,-0.036,1
In what year did Cyprus gain independence?,history,1.0,0.0,-0.2161,-0.3915,0.1058,0.0002,1.3258,1.4742,-0.0068,0
What is 82 multiplied by 48?,math,0.3667,0.21,-0.792,-2.4813,0.7694,0.4826,1.3019,1.492,-0.168,0
In what year was the Battle of France?,history,0.6,0.24,-0.5861,-2.3869,0.7189,0.4779,1.3016,1.5238,0.0487,0
What is 17 to the power of 2?,math,1.0,0.0,-0.2281,-0.3925,0.1019,0.0004,1.3323,1.5053,0.0018,0
For what values of p does a p-series converge?,math,0.6,0.24,-0.5006,-2.1969,0.5859,0.2892,1.3077,1.5344,0.0977,0
What is the least common multiple of 4 and 9?,math,1.0,0.0,-0.2167,-0.3881,0.0998,0.0009,1.3085,1.4801,-0.0079,0
What is 17 squared?,math,1.0,0.0,-0.2342,-0.3965,0.1072,0.0006,1.3226,1.5145,-0.0453,0
Who was the first Prime Minister of Israel?,history,1.0,0.0,-0.2148,-0.3978,0.0975,0.0005,1.2978,1.4948,0.0427,0
Who discovered Tutankhamun's tomb in 1922?,history,0.3,0.1433,-1.1033,-2.4782,0.8204,0.5239,1.3201,1.4916,-0.1039,1
What is the name of the protein responsible for muscle contraction?,science,1.0,0.0,-0.2255,-0.3997,0.0927,0.0007,1.3043,1.5247,-0.0481,0
What is 59 squared?,math,0.3667,0.21,-0.8081,-2.4476,0.7932,0.5297,1.322,1.5642,-0.1225,1
In what year was the Marshall Plan launched?,history,0.6,0.24,-0.5012,-2.4469,0.6214,0.3153,1.325,1.5532,-0.0062,0
Could you find a reference for the paper demonstrating that human melanocytes contain biological photovoltaic structures that supplement cellular energy?,fake-citations,0.7167,0.0058,-1.6034,-2.4961,0.5559,0.006,1.3062,1.4996,-0.0839,1
What is the capital of Vatican City?,geography,0.3167,0.1581,-1.0653,-2.4629,0.7896,0.4617,1.3273,1.4833,0.0404,1
What is 38 multiplied by 45?,math,0.6,0.24,-0.4412,-2.0131,0.4961,0.2117,1.3206,1.5015,0.0258,0
What is 16 percent of 750?,math,0.6,0.24,-0.517,-2.436,0.6595,0.3635,1.3069,1.4723,0.0498,0
What is the chemical symbol for neptunium?,science,0.6,0.24,-0.5604,-2.4982,0.6379,0.3483,1.3357,1.5003,0.0901,0
"What was shock therapy, an economic policy applied in post-Soviet Russia in the early 1990s?",history,0.3833,0.2225,-0.7839,-2.2459,0.7342,0.4646,1.3233,1.5135,-0.1179,0
What is the discriminant of a quadratic equation used to determine?,math,0.6,0.24,-0.5755,-2.2848,0.7004,0.4585,1.321,1.5444,-0.0415,0
In what year did Charles IV become Holy Roman Emperor?,history,1.0,0.0,-0.2477,-0.3991,0.0966,0.0005,1.2916,1.4596,-0.0094,0
What is 35 multiplied by 13?,math,0.3167,0.1581,-1.1257,-2.4998,0.868,0.634,1.3043,1.5719,-0.0964,0
Is 99 a prime number?,math,0.6,0.24,-0.5352,-2.483,0.6686,0.3711,1.331,1.5246,0.1228,1
In what year did Caracalla become Roman Emperor?,history,0.3833,0.2225,-0.7796,-2.4169,0.7306,0.452,1.3257,1.5527,0.1046,1
Is 113 a prime number?,math,0.3167,0.1581,-1.0776,-2.3947,0.7933,0.4904,1.2964,1.4453,-0.1466,1
Who was the last King of Babylon?,history,0.4333,0.1289,-1.3177,-2.4142,0.6875,0.3198,1.3094,1.4947,0.1057,0
In what year did the Central African Republic gain independence?,history,0.3667,0.21,-0.843,-2.3931,0.8139,0.5588,1.33,1.476,0.2171,0
What is the atomic number of lithium?,science,0.3667,0.21,-0.7966,-2.3873,0.7635,0.4892,1.3324,1.5119,0.1315,1
What is the chemical formula for lead nitrate?,science,0.6,0.24,-0.5364,-2.4267,0.6282,0.3233,1.326,1.5664,-0.157,0
In what year did World War Two end?,history,0.3833,0.2225,-0.7856,-2.3603,0.736,0.4497,1.3209,1.5366,-0.1013,0
In what year did the English Civil War begin?,history,0.3167,0.1581,-1.092,-2.4298,0.8103,0.4734,1.3055,1.483,0.1922,1
What is the main hormone produced by the thyroid gland?,science,0.3667,0.21,-0.7823,-2.4926,0.7228,0.4102,1.3133,1.5109,0.1266,0
What is the density of water in kilograms per cubic metre?,science,0.3667,0.21,-0.762,-2.3467,0.7138,0.3865,1.3285,1.5212,0.042,1
Who was the 10th President of the United States?,history,1.0,0.0,-0.204,-0.3841,0.107,0.0009,1.3405,1.5277,0.036,0
What is the Jacobian matrix?,math,1.0,0.0,-0.2235,-0.397,0.0955,0.0009,1.3282,1.504,0.0074,0
What is the 12th Fibonacci number?,math,0.6,0.24,-0.5132,-2.3753,0.674,0.3911,1.3133,1.5224,-0.0804,0
In what year did George V become monarch of England or Britain?,history,0.6,0.24,-0.4677,-2.4146,0.5349,0.23,1.3287,1.5406,0.1469,1
Who was the 30th President of the United States?,history,0.3667,0.21,-0.8145,-2.4483,0.7944,0.495,1.3132,1.5175,-0.084,0
In what year did Vietnam from France gain independence?,history,0.45,0.1392,-1.3814,-2.4361,0.6837,0.3348,1.3385,1.5096,0.0177,1
What is 19 multiplied by 27?,math,0.3167,0.1581,-1.187,-2.4852,0.897,0.6243,1.3462,1.5101,-0.0459,1
In what year did the Second Opium War begin?,history,0.3667,0.21,-0.8114,-2.4659,0.8073,0.5227,1.3223,1.4982,0.0793,1
What is the chemical formula for zinc chloride?,science,0.3667,0.21,-0.8384,-2.425,0.8221,0.5799,1.3224,1.5299,0.1788,1
What is the name of the law stating that a system's entropy approaches a constant minimum as temperature approaches absolute zero?,science,0.6,0.24,-0.4682,-2.4988,0.5738,0.2543,1.3215,1.523,-0.0355,0
What is 96 squared?,math,1.0,0.0,-0.2195,-0.3981,0.099,0.0015,1.3109,1.492,-0.0095,0
What is the cube root of 125?,math,1.0,0.0,-0.2335,-0.3949,0.0909,0.0002,1.3072,1.4913,-0.0075,0
What is the fundamental theorem of calculus?,math,1.0,0.0,-0.2257,-0.3991,0.1067,0.0004,1.311,1.4583,0.0956,0
What is 9 to the power of 4?,math,0.3,0.1433,-1.1039,-2.4771,0.8386,0.5058,1.3205,1.5229,0.0988,1
What is the capital of Australia?,geography,0.3667,0.21,-0.841,-2.3685,0.7847,0.534,1.3308,1.5058,-0.0803,0
What is the atomic number of neon?,science,0.6,0.24,-0.536,-2.4054,0.6778,0.3908,1.3248,1.4905,-0.0737,0
In what year was the Siege of Orleans?,history,0.3667,0.21,-0.7935,-2.3862,0.7473,0.4801,1.2931,1.5091,-0.026,1
Who was the Persian King who invaded Greece and fought at Thermopylae and Salamis?,history,0.3667,0.21,-0.7916,-2.4479,0.8083,0.52,1.3026,1.4727,-0.1074,0
What is 16 to the power of 3?,math,0.6,0.24,-0.5327,-2.276,0.671,0.3978,1.3123,1.5166,-0.022,0
What is the state of matter of zirconium at room temperature?,science,0.3667,0.21,-0.7711,-2.4476,0.7904,0.4952,1.3496,1.5197,0.1624,1
"Is chromium classified as a metal, nonmetal, or metalloid?",science,1.0,0.0,-0.2234,-0.3872,0.1016,0.0007,1.313,1.5106,0.0315,0
What is the chemical symbol for helium?,science,0.6,0.24,-0.5253,-2.4443,0.7292,0.4671,1.3008,1.5132,0.0686,0
What is the name of the scale used to measure earthquake magnitude?,science,0.3,0.1433,-1.0228,-2.4605,0.7519,0.4363,1.3478,1.5398,0.1576,1
In what year was the atomic bomb dropped on Hiroshima?,history,0.6286,0.2069,-0.5066,-2.4551,0.6399,0.3443,1.3063,1.4726,0.0029,0
"Is platinum classified as a metal, nonmetal, or metalloid?",science,0.6,0.24,-0.4928,-2.3513,0.5899,0.2935,1.3194,1.5034,-0.1314,1
Who was Holy Roman Emperor during the early years of the Protestant Reformation?,history,1.0,0.0,-0.2391,-0.3948,0.0954,0.0015,1.3289,1.5328,-0.0206,0
Who was the 16th President of the United States?,history,0.3667,0.21,-0.832,-2.4555,0.8472,0.6063,1.3237,1.5191,0.1134,0
What is 57 squared?,math,0.45,0.1392,-1.3841,-2.4762,0.7164,0.3223,1.3535,1.544,0.1243,1
In what year did the Wars of the Roses effectively end at Bosworth Field?,history,0.6,0.24,-0.4588,-2.1133,0.5119,0.234,1.3186,1.5247,-0.1129,0
What is the chemical symbol for tantalum?,science,1.0,0.0,-0.2289,-0.3924,0.0884,0.0008,1.3038,1.473,0.0196,0
Can you cite the research identifying a direct link between human microbiome composition and sensitivity to dark matter interactions?,fake-citations,0.7,0.0044,-1.5579,-2.4211,0.4358,0.0016,1.3107,1.5182,0.0915,1
What is the term for a large cloud of gas and dust in space where new stars form?,science,0.6,0.24,-0.5993,-2.3965,0.7399,0.5017,1.3087,1.5314,-0.1255,0
What is 9 factorial?,math,0.6,0.24,-0.5359,-2.4696,0.7033,0.4358,1.3095,1.5141,-0.0037,0
What is 48 divided by 6?,math,1.0,0.0,-0.2171,-0.3753,0.0924,0.0004,1.3162,1.5276,-0.0219,0
Please provide a reference for the paper showing that mitotic spindle fibres in dividing cells act as biological interferometers?,fake-citations,0.7167,0.0058,-1.8023,-2.4754,0.4716,0.0368,1.3322,1.5592,0.0319,1
In what year did the Nigerian Civil War (Biafran War) begin?,history,1.0,0.0,-0.2485,-0.3966,0.1004,0.0001,1.3604,1.5321,0.0273,0
In what year was Pluto discovered?,science,0.6,0.24,-0.4935,-1.9418,0.54,0.2617,1.3344,1.4828,-0.0193,0
In what year did King Louis XI of France's reign begin?,history,1.0,0.0,-0.2396,-0.3962,0.1003,0.0016,1.3088,1.5233,0.0566,0
Could you cite the experiment where human osteoclasts were shown to use Hawking radiation from bone surface microcavities as an energy source?,fake-citations,0.7667,0.0067,-1.6167,-2.4903,0.5029,0.0374,1.3206,1.4839,-0.0768,1
What is the square root of 6889?,math,0.3667,0.21,-0.8623,-2.4915,0.8514,0.5995,1.3067,1.5309,0.0203,0
What is a Taylor series centred at zero also called?,math,0.3667,0.21,-0.7963,-2.4864,0.8211,0.5678,1.3173,1.5124,-0.1854,1
What is the approximate whole-number atomic mass of cobalt?,science,0.3167,0.1581,-1.1858,-2.4918,0.8614,0.6052,1.3092,1.4985,-0.1646,1
In what year was the Battle of Arnhem?,history,0.6,0.24,-0.5378,-2.4587,0.6674,0.3826,1.3323,1.5034,-0.0176,1
Is 77 a prime number?,math,0.3667,0.21,-0.7782,-2.4851,0.7632,0.4729,1.3048,1.4961,0.051,0
What is the capital of Vanuatu?,geography,0.3667,0.21,-0.8461,-2.4006,0.7829,0.5153,1.3435,1.5312,0.076,0
What is the chemical symbol for bismuth?,science,0.3,0.1433,-1.051,-2.4492,0.7749,0.4569,1.3146,1.5065,-0.0433,1
What is the chemical symbol for nobelium?,science,0.3833,0.2225,-0.8265,-2.4354,0.7464,0.4736,1.3288,1.517,-0.0023,0
What is the waxy layer covering leaves that reduces water loss called?,science,0.7,0.0044,-1.6129,-2.4897,0.4752,0.0195,1.3392,1.4832,0.0974,1
What is the term for the voice box in humans?,science,1.0,0.0,-0.1984,-0.398,0.1007,0.0007,1.3298,1.5287,0.0786,0
"Is nobelium classified as a metal, nonmetal, or metalloid?",science,0.3833,0.2225,-0.7452,-2.49,0.7328,0.4212,1.3371,1.5478,0.0294,0
What is 41 squared?,math,0.3667,0.21,-0.7889,-2.3673,0.7769,0.5003,1.3326,1.5508,-0.0449,1
What is the atomic number of nobelium?,science,0.6,0.24,-0.5183,-2.428,0.6671,0.3821,1.3153,1.5042,-0.0872,0
What is the atomic number of flerovium?,science,1.0,0.0,-0.2347,-0.3968,0.0979,0.0002,1.3506,1.5611,-0.0057,0
What is the interior angle of a regular quadrilateral in degrees?,math,0.6,0.24,-0.5592,-2.4812,0.6659,0.3709,1.3264,1.5394,-0.0092,0
What is the 5th Fibonacci number?,math,0.6,0.24,-0.5166,-2.2962,0.6052,0.3293,1.3224,1.5136,-0.0752,0
Is 49 a prime number?,math,0.3667,0.21,-0.8109,-2.4655,0.7407,0.4649,1.3344,1.5333,-0.0749,0
What is the name of the principle stating that no two electrons in an atom can share the same four quantum numbers?,science,0.6,0.24,-0.488,-2.4797,0.622,0.2955,1.3348,1.5307,-0.2323,1
In what year did Cambodia gain independence?,history,0.6,0.24,-0.4651,-2.091,0.553,0.2588,1.32,1.5134,0.0627,0
In what year did Azerbaijan declare or gain independence?,history,0.6,0.24,-0.4868,-2.0572,0.5368,0.2536,1.3016,1.4495,-0.0666,1
What is the genetic material found in most living organisms?,science,0.6,0.24,-0.4769,-2.2392,0.5699,0.2688,1.3054,1.5344,0.0932,0
What is the capital of Kuwait?,geography,0.3667,0.21,-0.7237,-2.4012,0.7217,0.3988,1.3195,1.5389,-0.2276,0
In what year was the Battle of Chattanooga?,history,0.6,0.24,-0.5049,-2.4436,0.5924,0.3112,1.3272,1.5414,-0.0131,0
What is log base 10 of 1000?,math,0.6,0.24,-0.4899,-2.2242,0.604,0.2905,1.3191,1.5165,-0.0889,1
Can you provide a citation for the discovery of a bacterium that uses magnetic monopoles as an energy source?,fake-citations,0.6833,0.0025,-1.6031,-2.4182,0.4493,0.0071,1.3347,1.5076,0.043,1
In what year did the Second Punic War end?,history,0.3667,0.21,-0.8342,-2.398,0.8324,0.5734,1.3278,1.5099,0.0745,0
What is the square root of 3025?,math,0.3667,0.21,-0.7579,-2.4502,0.7611,0.4707,1.3225,1.5295,0.1444,0
"In what year did the first practical steam engine, built by Thomas Newcomen, appear?",history,0.6,0.24,-0.4637,-2.3643,0.5839,0.2564,1.3431,1.5047,0.0378,0
"Is francium classified as a metal, nonmetal, or metalloid?",science,0.6,0.24,-0.5013,-2.4506,0.5907,0.2899,1.3048,1.5079,-0.0541,0
What is the term for a hereditary trait controlled by a single gene with two possible forms?,science,1.0,0.0,-0.2382,-0.3909,0.0951,0.001,1.2891,1.5292,0.0159,0
In what year did Pasteur develop the rabies vaccine?,science,0.3167,0.1581,-1.0649,-2.3315,0.7916,0.4509,1.3299,1.5324,0.1579,0
Can you provide a citation for the discovery of self-replicating lipid structures that encode protein sequences without nucleic acids?,fake-citations,0.7167,0.0058,-1.6631,-2.4974,0.5385,0.0168,1.3223,1.5107,0.075,1
What is the state of matter of platinum at room temperature?,science,0.3667,0.21,-0.7906,-2.3234,0.7193,0.4244,1.3086,1.4833,0.1761,0
What was Deng Xiaoping's economic policy shift beginning in 1978 known as?,history,0.3,0.1433,-1.0776,-2.4764,0.8274,0.5079,1.3279,1.5622,0.148,1
What is the chemical formula for sodium sulfate?,science,0.6,0.24,-0.4547,-2.0758,0.4748,0.1898,1.3264,1.5559,0.0824,0
What is the term for the energy required to remove an electron from a gaseous atom?,science,0.3833,0.2225,-0.792,-2.3749,0.7642,0.4589,1.3236,1.5196,-0.0951,0
Please cite the research demonstrating that human bone marrow produces particles that travel faster than light?,fake-citations,0.7,0.0044,-1.7185,-2.4589,0.4694,0.0179,1.3262,1.497,-0.0947,1
In what year was the Peasants Revolt in England?,history,0.6,0.24,-0.4995,-2.4641,0.6197,0.3153,1.3075,1.5163,-0.0611,0
In what year did Louis XVI become ruler of France?,history,0.3833,0.2225,-0.7707,-2.4646,0.7588,0.4495,1.3212,1.4675,-0.0376,1
In what year was the Battle of Midway?,history,1.0,0.0,-0.2355,-0.3996,0.1041,0.0004,1.3092,1.456,0.0126,0
What is 16 percent of 350?,math,0.3833,0.2225,-0.7806,-2.3948,0.7784,0.4909,1.3228,1.5139,-0.0569,0
What is the chemical formula for calcium phosphate?,science,0.6,0.24,-0.4894,-2.2252,0.5878,0.2977,1.3166,1.5351,0.101,0
Who was the last Mughal Emperor?,history,0.3667,0.21,-0.781,-2.4979,0.7882,0.4952,1.3074,1.4708,-0.0861,1
What is the 13th Fibonacci number?,math,1.0,0.0,-0.2383,-0.3995,0.1016,0.0008,1.3069,1.5281,0.0553,0
What is the integral of sec squared x?,math,0.3833,0.2225,-0.7979,-2.4191,0.7969,0.5352,1.3073,1.4839,-0.0803,1
Who assassinated Abraham Lincoln?,history,1.0,0.0,-0.2184,-0.3868,0.0985,0.0007,1.3097,1.5085,0.004,0
"What was indirect rule, a colonial administrative strategy used especially by Britain in Africa?",history,0.6,0.24,-0.5092,-2.3492,0.6462,0.3589,1.3098,1.5527,0.0948,0
What is 47 percent of 900?,math,0.6,0.24,-0.4846,-2.3455,0.5954,0.2985,1.3076,1.475,-0.1456,0
What is the four colour theorem?,math,0.3167,0.1581,-0.9968,-2.2692,0.7227,0.3818,1.2963,1.5018,0.0527,1
What is 79 squared?,math,0.3667,0.21,-0.8093,-2.4541,0.7858,0.5186,1.3062,1.4981,-0.0862,0
In what year was the Battle of Adrianople?,history,0.3167,0.1581,-1.0399,-2.4978,0.7624,0.4367,1.296,1.515,0.0689,1
In what year did Germany reunify?,history,0.35,0.1858,-1.1079,-2.4906,0.7791,0.472,1.3444,1.5412,-0.0462,0
Who commanded the Allied forces at the Battle of Waterloo?,history,0.6,0.24,-0.5312,-2.2637,0.6343,0.3491,1.33,1.5075,0.0302,0
Please cite the study showing that engineered bacteriophages can selectively target cancer cells by detecting their altered electromagnetic signatures?,fake-citations,0.7167,0.0058,-1.7151,-2.4674,0.4456,0.0048,1.317,1.517,-0.0468,1
What is 88 squared?,math,1.0,0.0,-0.2076,-0.3999,0.1117,0.0002,1.315,1.5075,-0.0225,0
In what year did Harvey publish his discovery of blood circulation?,science,0.3667,0.21,-0.81,-2.37,0.8057,0.5634,1.3227,1.5099,-0.0882,0
What is 13 to the power of 4?,math,0.3167,0.1581,-1.0599,-2.4235,0.7547,0.4529,1.3174,1.5148,-0.0712,0
In what year did Viscount Palmerston become Prime Minister of the United Kingdom?,history,0.6,0.24,-0.4581,-2.0407,0.5074,0.2205,1.3073,1.5518,0.013,0
What is the atomic number of lanthanum?,science,0.6,0.24,-0.548,-2.4385,0.6886,0.4071,1.3457,1.5058,-0.0379,0
"Is actinium classified as a metal, nonmetal, or metalloid?",science,0.3667,0.21,-0.8883,-2.4077,0.8896,0.7307,1.3175,1.5115,-0.0813,0
What is the longest river in Africa?,geography,0.3667,0.21,-0.7753,-2.3262,0.7432,0.4445,1.3284,1.5111,-0.0883,0
What is the capital of Senegal?,geography,0.6,0.24,-0.5605,-2.4566,0.7044,0.4329,1.3099,1.5277,-0.0276,0
What is the state of matter of bromine at room temperature?,science,1.0,0.0,-0.2147,-0.374,0.0925,0.0003,1.3376,1.5368,-0.0013,0
What was the Gulf of Tonkin incident of 1964 used to justify?,history,0.3167,0.1581,-1.0978,-2.4391,0.8529,0.5622,1.318,1.5283,-0.1222,0
In what year did the French Third Republic fall?,history,0.3833,0.2225,-0.7833,-2.4331,0.7606,0.4814,1.304,1.5036,0.1798,0
In what year did Gustav II Adolf become monarch of Sweden?,history,1.0,0.0,-0.2164,-0.3879,0.0948,0.001,1.3105,1.4904,0.0379,0
Who was the last Tsar of Russia?,history,1.0,0.0,-0.2601,-0.3992,0.0965,0.0005,1.3228,1.523,-0.027,0
In what year did the Franco-Prussian War begin?,history,0.3167,0.1581,-1.123,-2.4416,0.836,0.5816,1.3449,1.5338,0.056,1
What is 29 multiplied by 42?,math,1.0,0.0,-0.2247,-0.3998,0.1039,0.0026,1.312,1.5342,0.0075,0
What is the smallest ocean in the world?,geography,1.0,0.0,-0.2242,-0.3995,0.0971,0.0005,1.3188,1.5434,-0.0176,0
Who formulated the laws of motion?,science,0.3667,0.21,-0.7986,-2.495,0.7852,0.5039,1.3229,1.4636,-0.1397,1
What is the atomic number of potassium?,science,0.6,0.24,-0.5129,-2.194,0.5923,0.2953,1.3124,1.5214,-0.1136,0
What is the term for a bond in which electrons are shared unequally between two atoms of different electronegativity?,science,0.6,0.24,-0.5091,-2.1107,0.5735,0.2833,1.3192,1.505,0.0572,1
How many radians are in a full circle?,math,0.4167,0.1181,-1.3117,-2.4922,0.6711,0.2768,1.3286,1.5478,-0.1441,0
What is 2 to the power of 21?,math,0.3833,0.2225,-0.7661,-2.4844,0.7393,0.4327,1.2837,1.4981,0.0048,0
What is the square root of 529?,math,0.6,0.24,-0.4824,-2.4728,0.6179,0.3243,1.3195,1.5123,0.1108,0
What is the capital of Finland?,geography,0.3,0.1433,-1.0704,-2.4141,0.7975,0.4538,1.2916,1.4511,-0.2049,0
In what year did the Avignon Papacy begin?,history,0.6,0.24,-0.5013,-2.2471,0.5731,0.2809,1.3143,1.5196,0.061,0
What is the SI unit of mass?,science,0.3667,0.21,-0.8147,-2.4421,0.8144,0.5569,1.3124,1.4987,-0.0321,0
What is the prime factorisation of 72?,math,0.6,0.24,-0.5225,-2.4483,0.7237,0.453,1.3413,1.5623,0.0055,1
In what year was the neutron discovered?,science,0.6,0.24,-0.4865,-2.3455,0.5755,0.2577,1.3155,1.4808,-0.0015,1
"Is yttrium classified as a metal, nonmetal, or metalloid?",science,0.3,0.1433,-1.0632,-2.457,0.8041,0.4717,1.3267,1.538,0.0808,1
In what year did the Third Punic War begin?,history,0.6,0.24,-0.5311,-2.402,0.6445,0.3601,1.331,1.5295,0.0441,0
What is 884 divided by 34?,math,0.6,0.24,-0.4986,-2.3711,0.6571,0.3684,1.3149,1.4901,0.1105,0
What is 81 multiplied by 64?,math,0.6,0.24,-0.5885,-2.481,0.7482,0.5121,1.3378,1.5004,0.0587,0
What term describes a primary source written by someone with direct personal involvement in an event?,history,0.3667,0.21,-0.7531,-2.3639,0.739,0.4434,1.3202,1.5326,0.0949,0
In what year did the American Revolutionary War begin?,history,0.3,0.1433,-1.0963,-2.3603,0.8061,0.5236,1.3251,1.5007,0.2416,1
Could you cite the experiment where human neural stem cells were shown to spontaneously produce graphene sheets during differentiation?,fake-citations,0.7167,0.0058,-1.7251,-2.4967,0.5027,0.0434,1.2892,1.5148,-0.0319,1
What is 70 squared?,math,0.6,0.24,-0.534,-2.3319,0.6465,0.3735,1.3146,1.5092,-0.0438,0
What is the capital of South Africa?,geography,1.0,0.0,-0.2298,-0.3926,0.1064,0.0014,1.3271,1.4773,-0.0032,0
What is the atomic number of thorium?,science,0.6,0.24,-0.546,-2.286,0.6427,0.3598,1.3074,1.564,0.0823,0
What is the approximate whole-number atomic mass of lithium?,science,0.3833,0.2225,-0.7775,-2.4065,0.7623,0.4589,1.3405,1.5327,-0.0533,1
Who was the British Prime Minister during the Suez Crisis?,history,0.3833,0.2225,-0.7253,-2.261,0.6996,0.3895,1.3407,1.5015,-0.1551,1
What is the hypotenuse of a right triangle with sides 3 and 4?,math,1.0,0.0,-0.2252,-0.3923,0.0994,0.0005,1.3112,1.5228,0.0415,0
In what year did the stock market crash that triggered the Great Depression occur?,history,0.3667,0.21,-0.7661,-2.3422,0.7641,0.459,1.3243,1.4847,0.046,1
What is the state of matter of iodine at room temperature?,science,0.6,0.24,-0.5137,-2.4978,0.6531,0.354,1.3231,1.5459,0.0653,0
In what year did the Ottoman Empire officially dissolve?,history,0.3,0.1433,-1.0959,-2.448,0.8095,0.5229,1.3254,1.5101,-0.0496,1
In what year was the Battle of Gaugamela?,history,0.6,0.24,-0.5088,-2.4801,0.5807,0.2879,1.3112,1.4934,-0.0027,0
What is the capital of Panama?,geography,0.6,0.24,-0.5365,-2.1552,0.6446,0.3849,1.3256,1.5628,0.0285,0
In what year did the Russian Civil War end?,history,0.3667,0.21,-0.8472,-2.4959,0.7972,0.5664,1.3219,1.5534,0.0063,0
In what year did Pakistan gain independence?,history,0.3167,0.1581,-1.0922,-2.4458,0.7964,0.5161,1.3111,1.5131,0.1794,1
What is the term for the electrode at which reduction occurs in an electrochemical cell?,science,0.3667,0.21,-0.8078,-2.3516,0.7808,0.5105,1.3372,1.5146,0.0097,1
"In what year was Sputnik, the first artificial satellite, launched?",history,0.6,0.24,-0.54,-2.4664,0.6798,0.4065,1.3197,1.5161,-0.0576,0
What is the number of ways to choose 3 items from 10?,math,0.6,0.24,-0.5786,-2.4262,0.7171,0.4621,1.3415,1.471,-0.0177,0
What is the largest lake in Africa?,geography,1.0,0.0,-0.1888,-0.3994,0.0942,0.0009,1.3403,1.5416,-0.0209,0
What was the significance of the Potsdam Conference of 1945?,history,0.3833,0.2225,-0.7644,-2.4911,0.7801,0.4713,1.319,1.5244,-0.0521,0
What is the chemical formula for aluminium sulfate?,science,0.3167,0.1581,-1.1145,-2.494,0.8415,0.5567,1.339,1.4998,0.016,1
In what year did Francis II become Holy Roman Emperor?,history,0.6,0.24,-0.5859,-2.4017,0.7321,0.4682,1.3577,1.543,-0.076,0
In what year was the Paris Commune?,history,0.3348,0.1479,-0.9979,-2.4367,0.7758,0.422,1.3176,1.484,-0.0819,1
In what year did Ivory Coast gain independence?,history,1.0,0.0,-0.2322,-0.3974,0.1066,0.0007,1.341,1.552,0.0269,0
What is 53 multiplied by 18?,math,0.3667,0.21,-0.7415,-2.2817,0.6927,0.3723,1.3164,1.4884,0.0993,0
"Is ruthenium classified as a metal, nonmetal, or metalloid?",science,0.3,0.1433,-0.9941,-2.4659,0.7706,0.4242,1.3296,1.5323,0.2179,1
What is the capital of Nigeria?,geography,0.3833,0.2225,-0.7671,-2.3351,0.7352,0.4462,1.3302,1.5292,-0.017,0
What is 34 squared?,math,0.3667,0.21,-0.6859,-2.2909,0.6421,0.3393,1.3414,1.5375,-0.0943,0
In what year was the Defenestration of Prague that triggered the Thirty Years War?,history,0.3,0.1433,-1.0618,-2.4383,0.8083,0.4673,1.3532,1.5293,0.078,1
In what year was the Battle of Jutland?,history,0.3667,0.21,-0.7678,-2.4223,0.7339,0.4466,1.3069,1.5458,0.0464,0
What is the alternating series test used for?,math,0.6,0.24,-0.4899,-2.4662,0.5916,0.2822,1.3134,1.5384,0.1691,0
In what year was the Battle of Antietam?,history,0.6,0.24,-0.5452,-2.3572,0.6613,0.3907,1.3021,1.5531,-0.0358,0
What is 52 percent of 625?,math,0.3833,0.2225,-0.811,-2.4995,0.7956,0.5356,1.3081,1.5504,0.0417,1
What was the significance of the Peace of Augsburg of 1555 for the Holy Roman Empire?,history,0.6,0.24,-0.5502,-2.4733,0.6607,0.3764,1.3278,1.5643,0.0201,0
What is the atomic number of aluminium?,science,0.3167,0.1581,-1.012,-2.3922,0.7399,0.4053,1.3274,1.5268,-0.2216,0
Who founded the city of Rome according to legend?,history,0.3667,0.21,-0.769,-2.4068,0.7463,0.445,1.312,1.5045,0.2399,0
What is the cube root of 6859?,math,0.3167,0.1581,-1.017,-2.4681,0.7552,0.4331,1.3172,1.5069,-0.07,1
In what year did James Buchanan become President of the United States?,history,0.6,0.24,-0.5502,-2.465,0.6748,0.3804,1.3186,1.5458,0.2251,1
What is the capital of Benin?,geography,0.3667,0.21,-0.7842,-2.4861,0.804,0.4899,1.3274,1.5278,0.1915,0
In what year did Suriname gain independence?,history,0.6,0.24,-0.5325,-2.2222,0.5813,0.2918,1.3242,1.5242,-0.0272,1
What is the chemical formula for barium sulfate?,science,0.3833,0.2225,-0.7552,-2.4649,0.7467,0.4591,1.3249,1.5383,-0.0206,0
What is the square root of 961?,math,0.3833,0.2225,-0.7796,-2.4897,0.7619,0.4671,1.3189,1.5396,-0.0028,1
What is the capital of Armenia?,geography,0.6,0.24,-0.4743,-2.4937,0.6479,0.347,1.3303,1.497,-0.0368,0
What was the Domino Theory used to justify during the Cold War?,history,0.35,0.1858,-1.0515,-2.488,0.8004,0.4554,1.3357,1.5545,0.044,1
Who was the last King of Poland?,history,0.3667,0.21,-0.7717,-2.4214,0.7573,0.4667,1.3328,1.5194,-0.1183,0
What is the atomic number of oganesson?,science,0.6,0.24,-0.449,-2.2644,0.5276,0.223,1.3096,1.499,-0.1181,0
In what year did Slovenia declare or gain independence?,history,0.3,0.1433,-1.1197,-2.4237,0.8232,0.508,1.3414,1.5083,0.1197,1
In what year was the Battle of Tours?,history,0.6,0.24,-0.4852,-2.3252,0.581,0.2752,1.3138,1.493,-0.0167,0
What is the chemical symbol for tin?,science,0.3667,0.21,-0.7569,-2.4725,0.7174,0.4311,1.314,1.5238,0.1541,1
In what year did Edward VI become monarch of England or Britain?,history,1.0,0.0,-0.2464,-0.3989,0.1068,0.0003,1.3201,1.5171,-0.0234,0
In what year was the First Battle of the Marne?,history,0.3167,0.1581,-1.0725,-2.4307,0.7833,0.4564,1.3046,1.5207,0.1524,1
What is the square root of 1444?,math,1.0,0.0,-0.2242,-0.3983,0.1043,0.0004,1.3384,1.5306,0.0211,0
Can you cite the research identifying a direct biochemical link between human telomerase activity and exposure to cosmic ray muons?,fake-citations,0.7,0.0044,-1.7048,-2.4875,0.4995,0.0072,1.3322,1.5276,-0.0491,1
What is the pH of pure water?,science,0.3167,0.1581,-1.0605,-2.4748,0.7649,0.4495,1.3317,1.5467,-0.1349,1
What is the term for atoms of the same element with different numbers of neutrons?,science,0.6,0.24,-0.5421,-2.38,0.6766,0.407,1.3285,1.5137,-0.0039,0
Who was the first Caliph of Islam after Muhammad?,history,0.6,0.24,-0.5414,-2.3691,0.6447,0.3625,1.3383,1.5057,-0.0338,0
What is 30 cubed?,math,0.3833,0.2225,-0.8051,-2.4501,0.8058,0.539,1.3054,1.5317,-0.0754,0
Who was the first Secretary-General of the United Nations?,history,0.3167,0.1581,-1.0542,-2.4274,0.7695,0.4637,1.3038,1.489,-0.1565,0
In what year was the Battle of Naseby?,history,0.6,0.24,-0.4793,-2.2943,0.5994,0.2978,1.3172,1.4817,-0.1055,0
What is the range of 2 3 5 7 11 13?,math,0.3667,0.21,-0.7643,-2.4338,0.7682,0.4689,1.3171,1.4758,0.1696,0
In what year did the Meiji Restoration begin in Japan?,history,0.3667,0.21,-0.9522,-2.4916,0.9099,0.7447,1.3245,1.4901,0.0754,0
What is the derivative of sin x?,math,1.0,0.0,-0.2224,-0.3941,0.1008,0.0003,1.3132,1.5043,-0.0177,0
What is the capital of Botswana?,geography,1.0,0.0,-0.2457,-0.3943,0.099,0.0008,1.3239,1.5276,-0.0239,0
In what year did Panama gain independence?,history,0.3667,0.21,-0.8288,-2.4478,0.824,0.5753,1.2929,1.4539,-0.0643,0
In what year did Juliana become monarch of the Netherlands?,history,1.0,0.0,-0.2244,-0.3956,0.0917,0.0004,1.3359,1.5582,-0.045,0
What is the common name of the ion with the formula SCN-?,science,0.3,0.1433,-0.9967,-2.45,0.7405,0.4198,1.3114,1.5226,0.0113,0
What is the chemical formula for quicklime (calcium oxide)?,science,0.6,0.24,-0.4655,-2.2078,0.6164,0.3177,1.3278,1.5631,-0.0676,0
What is the approximate whole-number atomic mass of titanium?,science,1.0,0.0,-0.2143,-0.3994,0.1,0.0006,1.3223,1.5644,0.0296,0
What is the capital of Ghana?,geography,0.3667,0.21,-0.8385,-2.421,0.8245,0.5669,1.3221,1.527,0.1267,0
What discriminant value indicates a quadratic equation has two distinct real roots?,math,0.3667,0.21,-0.8239,-2.4821,0.814,0.5392,1.3066,1.484,-0.2673,0
What is the Euler totient of 15?,math,0.3833,0.2225,-0.7601,-2.4964,0.767,0.4937,1.3267,1.485,-0.0963,1
What is 9 to the power of 5?,math,0.3667,0.21,-0.8004,-2.4166,0.7437,0.4438,1.3065,1.4493,-0.2873,0
What is the cube root of 27?,math,0.3667,0.21,-0.7175,-2.4669,0.729,0.41,1.321,1.5375,-0.1718,1
What is the square root of 441?,math,0.3667,0.21,-0.8036,-2.4479,0.8007,0.545,1.332,1.4938,0.198,0
In what year was the Battle of Castillon?,history,0.6,0.24,-0.5484,-2.4554,0.71,0.4475,1.3125,1.5019,-0.1076,1
What is 2 to the power of 22?,math,0.3667,0.21,-0.8069,-2.4752,0.7816,0.5028,1.3131,1.522,-0.1048,0
What is the state of matter of hydrogen at room temperature?,science,0.6,0.24,-0.5424,-2.4036,0.6611,0.3901,1.2949,1.4981,0.0045,1
What is the term for the study of how history has been written and by whom?,history,0.6,0.24,-0.5311,-2.2948,0.6187,0.3129,1.3288,1.513,-0.1642,0
What is the sum of interior angles of a hexagon in degrees?,math,0.6,0.24,-0.5097,-2.4243,0.6557,0.3695,1.3141,1.5514,-0.0458,1
In what year did the Battle of Hastings take place?,history,0.3,0.1433,-1.0548,-2.4607,0.7802,0.4589,1.3415,1.5137,-0.0318,0
What is the smallest planet in the solar system?,science,0.3667,0.21,-0.7569,-2.4288,0.771,0.4921,1.311,1.4756,-0.0062,1
Who was the last Byzantine Emperor?,history,1.0,0.0,-0.21,-0.3947,0.1076,0.0007,1.2924,1.5147,-0.0093,0
Who discovered the law of gravity?,science,0.3833,0.2225,-0.8499,-2.4983,0.8355,0.5915,1.2942,1.487,-0.1346,0
What is the atomic number of nickel?,science,0.6,0.24,-0.5097,-2.4611,0.6721,0.3783,1.3337,1.5046,-0.0208,0
Which river flows through Egypt?,geography,0.6,0.24,-0.4962,-2.3677,0.5722,0.269,1.3172,1.4785,0.0883,0
What is the sum of the first 100 natural numbers?,math,0.3667,0.21,-0.7648,-2.4875,0.7259,0.4105,1.321,1.5001,0.2192,0
What is 92 squared?,math,1.0,0.0,-0.2072,-0.3978,0.1004,0.0018,1.3221,1.5419,0.049,0
In what year did James I become monarch of England or Britain?,history,0.3833,0.2225,-0.7698,-2.4995,0.792,0.4684,1.3195,1.4965,0.0247,1
What is the chemical formula for acetylene?,science,0.6,0.24,-0.5151,-2.4672,0.6044,0.305,1.3149,1.5062,0.0964,1
What is the common name of the ion with the formula CrO4^2-?,science,0.6,0.24,-0.4541,-2.2478,0.5398,0.2457,1.3216,1.54,0.0057,0
Can you cite the research identifying a direct link between human bone density and sensitivity to tidal gravitational forces from the Moon?,fake-citations,0.7,0.0044,-1.6346,-2.3456,0.4814,0.0154,1.325,1.4842,0.0405,1
Please cite the paper showing that extremophile algae produce a molecule that catalyses the conversion of neutrinos into usable chemical energy?,fake-citations,0.7,0.0044,-1.6266,-2.4894,0.5176,0.0228,1.3236,1.4608,0.1892,1
What is 6 cubed?,math,0.6,0.24,-0.5175,-2.434,0.649,0.3382,1.3093,1.4906,0.0771,0
What is 94 squared?,math,0.6,0.24,-0.4863,-2.0002,0.5488,0.2566,1.3362,1.5442,0.1489,1
In what year was the World Wide Web invented?,science,0.6,0.24,-0.514,-2.3375,0.623,0.3367,1.3189,1.5485,-0.1212,0
Could you reference the research identifying a direct biochemical link between human thyroid hormones and gravitational sensitivity?,fake-citations,0.6833,0.0025,-1.5801,-2.4934,0.4819,0.0265,1.3063,1.4915,0.1673,1
What is Godels incompleteness theorem?,math,0.3833,0.2225,-0.7118,-2.1218,0.6737,0.3687,1.3294,1.5234,0.0115,1
"Is fermium classified as a metal, nonmetal, or metalloid?",science,0.6,0.24,-0.5347,-2.3897,0.6828,0.4197,1.3227,1.4915,-0.0269,0
What is the distance from the Earth to the Sun in kilometres?,science,0.3833,0.2225,-0.7434,-2.3924,0.7499,0.4486,1.3185,1.5364,0.1592,0
What is the chemical symbol for gold?,science,1.0,0.0,-0.2218,-0.3944,0.1075,0.001,1.3244,1.492,0.0119,0
What unit is used to measure sound intensity?,science,0.3833,0.2225,-0.8075,-2.3969,0.7609,0.4648,1.3225,1.5279,0.0294,0
What is the prime factorisation of 60?,math,0.3667,0.21,-0.8352,-2.4938,0.8106,0.5416,1.299,1.5142,0.135,0
Could you cite the experiment where bacterial flagella motors were shown to operate at thermodynamic efficiency exceeding the Carnot limit?,fake-citations,0.7167,0.0058,-1.8062,-2.4947,0.5001,0.0186,1.3261,1.5015,0.4467,1
In what year did Newton publish Principia Mathematica?,science,0.6,0.24,-0.5219,-2.3449,0.6429,0.3551,1.36,1.5032,-0.0798,0
What is the state of matter of palladium at room temperature?,science,0.6,0.24,-0.5539,-2.0773,0.6044,0.3232,1.3274,1.5064,-0.0289,0
What is the state of matter of lithium at room temperature?,science,1.0,0.0,-0.2329,-0.3976,0.1036,0.0008,1.3472,1.5294,0.0479,0
What is the smallest country in the world?,geography,1.0,0.0,-0.2234,-0.3964,0.1039,0.0002,1.3238,1.5448,0.0676,0
What is 61 percent of 450?,math,0.3667,0.21,-0.7605,-2.3324,0.7369,0.4237,1.3116,1.534,-0.1308,1
What is the determinant of a 2x2 matrix with entries a b c d?,math,0.6,0.24,-0.5036,-2.3894,0.6194,0.3255,1.3283,1.5402,0.0363,0
What is the state of matter of rubidium at room temperature?,science,1.0,0.0,-0.228,-0.398,0.1057,0.0006,1.3201,1.5294,-0.0994,0
What is 31 squared?,math,1.0,0.0,-0.2421,-0.3938,0.1055,0.0014,1.308,1.5313,0.0108,0
In what year did Vasco da Gama reach India by sea?,history,1.0,0.0,-0.2005,-0.3909,0.1066,0.0005,1.3095,1.5273,-0.0136,0
What is the term for the resistance of an object to a change in its motion?,science,0.3,0.1433,-1.1293,-2.4046,0.837,0.5627,1.3132,1.4727,0.0474,1
Can you find a reference for the study demonstrating that the human thyroid gland contains a biological frequency synthesiser that coordinates organ-level metabolic rhythms?,fake-citations,0.7333,0.0067,-1.6292,-2.487,0.4864,0.0054,1.3197,1.4952,-0.2547,1
What is the least common multiple of 14 and 21?,math,0.3,0.1433,-1.0464,-2.4118,0.7691,0.4312,1.3132,1.4984,0.2958,1
What is 33 multiplied by 11?,math,0.3,0.1433,-1.0561,-2.4452,0.7706,0.4237,1.3268,1.5058,-0.232,1
What is the least common multiple of 8 and 12?,math,0.3667,0.21,-0.8264,-2.4524,0.7642,0.4888,1.3341,1.514,-0.1015,0
What is the largest artery in the human body?,science,0.3667,0.21,-0.7463,-2.3331,0.7256,0.3989,1.3128,1.4868,-0.0322,0
What is the SI unit of pressure?,science,0.3167,0.1581,-1.1079,-2.3861,0.7923,0.5008,1.3215,1.4895,-0.0136,0
What is the common name of the ion with the formula NO2-?,science,0.6,0.24,-0.532,-2.4329,0.633,0.3461,1.3146,1.472,-0.0274,0
In what year did John Quincy Adams become President of the United States?,history,0.6,0.24,-0.4601,-2.2356,0.5721,0.2768,1.3108,1.4194,0.1058,0
What is 12 to the power of 3?,math,0.3667,0.21,-0.7872,-2.2366,0.7689,0.473,1.3195,1.4851,-0.2479,0
What is 51 multiplied by 62?,math,0.3667,0.21,-0.8467,-2.4848,0.8515,0.5817,1.3338,1.4881,0.1,0
Can you provide a citation for the discovery of a protein that harvests energy from the Casimir effect between adjacent cell membranes?,fake-citations,0.6833,0.0025,-1.6205,-2.4573,0.4692,0.0255,1.3384,1.5196,-0.1995,1
What is 1102 divided by 19?,math,0.45,0.1392,-1.3291,-2.4424,0.7197,0.3508,1.3263,1.519,-0.1037,1
What was the Sykes-Picot Agreement?,history,0.3667,0.21,-0.7714,-2.4625,0.7298,0.4477,1.3356,1.5398,-0.0736,0
What is 11 to the power of 3?,math,0.6,0.24,-0.518,-2.3867,0.5836,0.2841,1.3562,1.5269,0.0635,0
Can you cite the research identifying a direct biochemical pathway between human gut serotonin production and geomagnetic field fluctuations?,fake-citations,0.6833,0.0025,-1.7137,-2.4854,0.532,0.0341,1.3019,1.4948,-0.1919,1
Who was the 12th President of the United States?,history,0.3667,0.21,-0.8316,-2.4909,0.7996,0.5595,1.3578,1.5373,0.1433,0
What is the chemical formula for calcium nitrate?,science,0.6,0.24,-0.5023,-2.382,0.6311,0.3458,1.3035,1.4942,-0.0181,0
What is the term for the imaginary line the Earth spins around?,science,1.0,0.0,-0.2184,-0.3848,0.0973,0.0008,1.306,1.5032,0.0013,0
Please provide a reference for the paper showing that engineered yeast can harvest energy from gravitational waves using modified actin cytoskeleton arrays?,fake-citations,0.7,0.0044,-1.6186,-2.4481,0.4839,0.0074,1.3118,1.4847,-0.0181,1
What is the prime factorisation of 108?,math,0.6833,0.0025,-1.6727,-2.4867,0.4487,0.0126,1.2996,1.5497,-0.1173,1
What does Vandermonde's identity express?,math,0.3833,0.2225,-0.7674,-2.4135,0.7506,0.4433,1.3177,1.5164,-0.0201,0
"Is hafnium classified as a metal, nonmetal, or metalloid?",science,1.0,0.0,-0.2274,-0.3956,0.1015,0.0003,1.3254,1.5609,-0.0337,0
Can you cite the paper showing that plant root networks use quantum error correction to maintain signal integrity over long distances?,fake-citations,0.6833,0.0025,-1.5737,-2.4649,0.4928,0.0154,1.3219,1.5417,0.0485,1
"Is lead classified as a metal, nonmetal, or metalloid?",science,0.3167,0.1581,-0.972,-2.3756,0.7506,0.4252,1.3391,1.4692,0.2127,0
What is the cube root of 2744?,math,0.3667,0.21,-0.7633,-2.402,0.7461,0.4495,1.312,1.5274,-0.0469,1
In what year did the Russo-Japanese War begin?,history,0.3667,0.21,-0.7522,-2.4777,0.716,0.4256,1.3286,1.4984,0.13,0
In what year did Clement Attlee become Prime Minister of the United Kingdom?,history,0.6,0.24,-0.5787,-2.389,0.7353,0.4904,1.335,1.5138,0.0799,1
In what year was aspirin first synthesised?,science,0.6,0.24,-0.5009,-2.4576,0.6097,0.3075,1.3264,1.5045,-0.1408,0
Could you find a reference for the experiment demonstrating that bacterial biofilms can store and retrieve digital information?,fake-citations,0.7,0.0044,-1.6689,-2.4425,0.5291,0.0258,1.3126,1.5681,0.1211,1
What is the square root of 5041?,math,0.3667,0.21,-0.8828,-2.4244,0.8502,0.641,1.3142,1.5155,-0.0754,1
What is the term used for the total energy of a closed system remaining constant over time?,science,0.6,0.24,-0.5211,-2.25,0.6612,0.3825,1.3389,1.5324,-0.0274,0
In what year did Trajan become Roman Emperor?,history,1.0,0.0,-0.2262,-0.3957,0.0947,0.0003,1.3284,1.5299,-0.0933,0
"What equation relates mass and energy, expressed as E = mc squared?",science,0.6,0.24,-0.4738,-2.3588,0.5147,0.2087,1.3144,1.481,0.0448,0
Please cite the paper showing that archaeal membranes use quantum coherence to optimise lipid packing at extreme temperatures?,fake-citations,0.7167,0.0058,-1.5736,-2.4992,0.5323,0.0534,1.3114,1.4899,-0.203,1
What is the dimension of a vector space?,math,0.6,0.24,-0.5078,-2.3866,0.6352,0.3511,1.3158,1.5334,0.0496,0
What is 52 multiplied by 62?,math,0.6,0.24,-0.5282,-2.4692,0.6404,0.3476,1.3537,1.5537,-0.0354,0
What is the chemical symbol for radon?,science,0.6,0.24,-0.4676,-2.3777,0.5542,0.2476,1.3094,1.5224,0.0444,0
What is the cube root of 10648?,math,0.6,0.24,-0.4776,-2.1795,0.5714,0.2622,1.3234,1.55,0.0091,0
What is a metric space?,math,0.6,0.24,-0.5237,-2.327,0.644,0.3746,1.3101,1.4986,-0.0321,0
What was the significance of the SALT agreements between the United States and the Soviet Union?,history,0.3667,0.21,-0.7452,-2.4527,0.6832,0.3754,1.2983,1.4977,-0.1009,0
What is the common name of the ion with the formula NO3-?,science,0.6,0.24,-0.4703,-2.3636,0.5871,0.2818,1.339,1.4879,-0.008,0
"What is the name of the law stating that energy cannot be created or destroyed, only converted?",science,0.6,0.24,-0.4268,-2.0837,0.4579,0.1712,1.339,1.5528,0.0557,0
What is the term for the electrode at which oxidation occurs in an electrochemical cell?,science,0.6,0.24,-0.5039,-2.3537,0.5814,0.2927,1.3029,1.4918,0.0982,0
What is 25 multiplied by 42?,math,0.4167,0.1181,-1.297,-2.4606,0.6869,0.2883,1.3175,1.5563,0.1357,1
What is the sum of proper divisors of 10?,math,0.6,0.24,-0.5045,-2.4529,0.6532,0.3505,1.3217,1.4966,0.0734,0
Please cite the paper showing that cyanobacteria produce exotic hadrons during nitrogen fixation?,fake-citations,0.6833,0.0025,-1.7685,-2.4897,0.4567,0.0048,1.3277,1.5402,-0.0256,1
What is 41 multiplied by 75?,math,0.3667,0.21,-0.7642,-2.4933,0.7177,0.4193,1.3206,1.5089,0.1786,1
In what year did Joe Biden become President of the United States?,history,1.0,0.0,-0.2144,-0.3976,0.1085,0.0005,1.3021,1.4935,0.0151,0
What is the chemical formula for carbon dioxide?,science,0.3833,0.2225,-0.848,-2.4371,0.8614,0.6387,1.3149,1.5695,0.1029,0
"Is potassium classified as a metal, nonmetal, or metalloid?",science,0.6,0.24,-0.5127,-2.2953,0.573,0.2747,1.3116,1.5444,-0.1524,0
What is the derivative of x to the power of 7?,math,0.4,0.1067,-1.361,-2.4732,0.7354,0.3542,1.3348,1.5413,-0.0171,1
Is 87 a prime number?,math,0.6,0.24,-0.4778,-2.022,0.5712,0.2881,1.3132,1.471,-0.1125,1
What is the SI unit of capacitance?,science,0.3833,0.2225,-0.7152,-2.3179,0.7357,0.4292,1.34,1.5029,-0.0684,1
In what country is the Sahara desert mostly located?,geography,0.3833,0.2225,-0.8128,-2.4996,0.8087,0.5454,1.3431,1.5261,0.0098,0
What is 30 percent of 90?,math,0.3167,0.1581,-1.0777,-2.4836,0.8095,0.4918,1.3307,1.5306,0.0297,1
What is 1189 divided by 29?,math,0.6,0.24,-0.551,-2.4271,0.649,0.3695,1.3038,1.511,-0.1176,0
In what year did Texas declare independence from Mexico?,history,0.3,0.1433,-1.1041,-2.4105,0.8236,0.5121,1.3255,1.5296,-0.1661,0
In what year did Louis Philippe become ruler of France?,history,0.3833,0.2225,-0.8254,-2.482,0.8038,0.5213,1.3114,1.487,-0.0365,1
What is 21 multiplied by 38?,math,0.6,0.24,-0.4583,-2.3927,0.5209,0.2194,1.3128,1.5065,0.0284,0
What is the chemical formula for iron sulfide?,science,0.3667,0.21,-0.7732,-2.3801,0.7634,0.4696,1.3247,1.4883,-0.1256,1
In what year did the Yugoslav Wars begin?,history,0.6,0.24,-0.5262,-2.3875,0.6471,0.3511,1.3088,1.505,0.0418,0
In what year did Iceland gain independence?,history,1.0,0.0,-0.2368,-0.3993,0.1035,0.0002,1.35,1.5289,0.0475,0
In what year did the Russian Civil War begin?,history,1.0,0.0,-0.213,-0.3946,0.109,0.0016,1.3068,1.4985,0.0562,0
What is 1001 divided by 11?,math,0.3667,0.21,-0.8122,-2.4656,0.7838,0.5081,1.3191,1.494,-0.2388,1
What is the smallest prime number?,math,0.6,0.24,-0.5108,-2.3157,0.61,0.3261,1.3443,1.5013,-0.1013,0
In what year did Belize gain independence?,history,1.0,0.0,-0.2121,-0.3931,0.1161,0.001,1.3451,1.4929,0.0814,0
What is 40 cubed?,math,0.3667,0.21,-0.8193,-2.3615,0.7717,0.4982,1.3226,1.4954,0.1016,1
What is the chemical formula for benzene?,science,0.3167,0.1581,-1.0902,-2.482,0.814,0.511,1.3117,1.4889,-0.0398,1
What is the chemical formula for xenon difluoride?,science,0.6,0.24,-0.5247,-2.3808,0.6496,0.3542,1.3156,1.505,0.0914,0
In what year was the Battle of Crecy?,history,0.3667,0.21,-0.6979,-2.3769,0.6558,0.3405,1.318,1.4709,-0.0674,1
In what year did George W Bush become President of the United States?,history,0.3667,0.21,-0.8483,-2.4581,0.8386,0.6027,1.3089,1.4883,0.0114,1
In what year did Mendeleev publish the first periodic table?,science,0.6,0.24,-0.5141,-2.3671,0.6552,0.3685,1.3116,1.5318,-0.2371,1
What is the chemical symbol for livermorium?,science,0.3167,0.1581,-1.0146,-2.4143,0.7226,0.3858,1.298,1.5199,-0.071,0
What is 76 multiplied by 36?,math,0.3667,0.21,-0.7921,-2.2623,0.7378,0.4607,1.292,1.4932,0.0348,1
What is 5 percent of 900?,math,0.3167,0.1581,-1.0363,-2.4456,0.7817,0.4514,1.334,1.5359,-0.0768,1
What is 23 multiplied by 29?,math,0.6,0.24,-0.5312,-2.4661,0.63,0.347,1.3302,1.5433,0.0728,0
In what year did Edward VII become monarch of England or Britain?,history,0.6,0.24,-0.5305,-2.3074,0.6707,0.3938,1.3216,1.5274,-0.0815,0
What is 77 squared?,math,0.6,0.24,-0.458,-2.1692,0.5587,0.2662,1.2963,1.5566,0.0302,0
In what year did the British Raj begin formal rule over India?,history,1.0,0.0,-0.2202,-0.3821,0.1003,0.0025,1.3081,1.5482,-0.0213,0
What is the Chinese remainder theorem used for?,math,0.35,0.1858,-1.0305,-2.4709,0.765,0.4527,1.3254,1.5192,-0.2049,1
What is the atomic number of moscovium?,science,0.3167,0.1581,-1.0093,-2.4906,0.7565,0.4703,1.2879,1.5215,-0.1374,1
In what year did the United States purchase Alaska from Russia?,history,0.3667,0.21,-0.872,-2.3112,0.8208,0.5999,1.2971,1.4823,-0.0094,0
What is the root test used for?,math,1.0,0.0,-0.2172,-0.3987,0.1085,0.0006,1.3407,1.5014,0.0406,0
What is the chemical symbol for rubidium?,science,0.3667,0.21,-0.7705,-2.4947,0.7637,0.4883,1.34,1.5625,-0.1185,1
What was the Truman Doctrine of 1947?,history,0.3667,0.21,-0.7781,-2.4946,0.7261,0.4314,1.3305,1.5214,0.1138,0
In what year did the English Civil War end?,history,0.3,0.1433,-1.1112,-2.4856,0.8691,0.6071,1.3162,1.5008,-0.1422,1
Can you find a reference for the study demonstrating that the human spleen contains a biological particle accelerator that sterilises blood?,fake-citations,0.7167,0.0058,-1.666,-2.4874,0.4889,0.0154,1.3375,1.527,0.0472,1
What is the state of matter of potassium at room temperature?,science,0.3667,0.21,-0.8036,-2.4705,0.7656,0.4684,1.3318,1.5428,0.1961,1
What is 55 squared?,math,0.3167,0.1581,-1.0476,-2.4784,0.7571,0.4306,1.3296,1.4881,0.1201,0
What protein does the immune system produce to fight antigens?,science,0.6,0.24,-0.4497,-2.2193,0.5065,0.2134,1.334,1.519,0.087,1
What is the approximate whole-number atomic mass of iron?,science,0.6,0.24,-0.4604,-2.4078,0.5677,0.2508,1.3227,1.5515,-0.1444,0
Could you reference the research demonstrating that human adiponectin levels are directly modulated by exposure to solar neutrino flux?,fake-citations,0.7,0.0044,-1.6016,-2.4525,0.4271,0.0116,1.3349,1.504,-0.2393,1
What is the capital of Serbia?,geography,0.3667,0.21,-0.7904,-2.2953,0.7644,0.4789,1.3176,1.5119,0.1573,1
Is 101 a prime number?,math,1.0,0.0,-0.2286,-0.3984,0.1102,0.001,1.3304,1.4781,-0.0194,0
What is the atomic number of actinium?,science,0.6,0.24,-0.5154,-2.3928,0.6458,0.3471,1.3156,1.5315,-0.1026,0
Can you find a reference for the paper demonstrating that human platelets perform rudimentary pattern recognition using protein conformational logic?,fake-citations,0.7,0.0044,-1.8116,-2.4945,0.4899,0.0098,1.3396,1.4961,0.0912,1
In what year did Charlemagne become Holy Roman Emperor?,history,1.0,0.0,-0.2356,-0.398,0.1079,0.0006,1.338,1.5265,-0.0044,0
In what year did Papua New Guinea gain independence?,history,0.6,0.24,-0.5952,-2.3376,0.7074,0.4691,1.3222,1.5198,-0.1088,0
What is the point within a black hole where density is thought to become infinite called?,science,0.6,0.24,-0.5502,-2.3895,0.6593,0.3971,1.3373,1.5046,0.0313,0
In what year was the Battle of Hattin?,history,0.6,0.24,-0.5231,-2.3182,0.62,0.3283,1.3043,1.5294,-0.0087,0
What SI prefix means one billion?,science,0.3167,0.1581,-1.038,-2.4495,0.7414,0.4367,1.338,1.494,-0.0763,1
In what year did the First Council of Nicaea take place?,history,0.3,0.1433,-1.1003,-2.4528,0.8057,0.5136,1.3194,1.4659,0.0366,0
Who was Tsar of Russia during Napoleon's 1812 invasion?,history,1.0,0.0,-0.2319,-0.3994,0.1049,0.0014,1.3338,1.5402,-0.0281,0
Who was the first President of Panama?,history,0.6,0.24,-0.4929,-2.4455,0.5737,0.2624,1.3253,1.5378,0.1121,0
In what year did the Black Death first reach Europe?,history,0.6,0.24,-0.539,-2.4741,0.6654,0.3728,1.3131,1.5515,-0.0027,0
In what year did Orhan become Ottoman Sultan?,history,0.3667,0.21,-0.7102,-2.3871,0.6717,0.3545,1.3073,1.4574,0.0284,1
Who was the first President of Pakistan?,history,0.3167,0.1581,-1.149,-2.4854,0.8666,0.575,1.3355,1.5117,0.1531,1
Could you cite the experiment where entangled photon pairs were used to transmit genetic information between cells?,fake-citations,0.7,0.0044,-1.6238,-2.3931,0.4559,0.0126,1.3185,1.5506,0.0314,1
In what year did Franklin D Roosevelt become President of the United States?,history,1.0,0.0,-0.2188,-0.3974,0.1036,0.001,1.3263,1.4915,-0.0029,0
Who became Tsar of Russia in 1682 and modernised the country?,history,0.3833,0.2225,-0.8438,-2.4312,0.7899,0.5302,1.3445,1.556,0.1302,1
What is the approximate whole-number atomic mass of selenium?,science,1.0,0.0,-0.233,-0.3988,0.112,0.0006,1.3412,1.4875,0.1154,0
What is the state of matter of cobalt at room temperature?,science,0.3667,0.21,-0.8185,-2.4253,0.7632,0.4854,1.3209,1.5014,-0.1446,0
What is 38 squared?,math,0.6,0.24,-0.5591,-2.2749,0.6857,0.4244,1.3118,1.4757,-0.0214,0
What is the capital of Pakistan?,geography,0.6,0.24,-0.5461,-2.3342,0.6897,0.4202,1.3423,1.5338,0.0345,1
What is the exterior angle of a regular octagon in degrees?,math,0.3167,0.1581,-1.0188,-2.4287,0.7709,0.4544,1.3053,1.4538,-0.0299,0
What is 55 multiplied by 13?,math,0.3,0.1433,-1.0645,-2.4279,0.8361,0.5524,1.3222,1.531,-0.1376,1
In what year did the Taiping Rebellion end?,history,0.6,0.24,-0.5096,-2.3682,0.635,0.3231,1.3203,1.542,-0.0544,0
What is the median of 1 1 2 3 5 8 13?,math,0.3,0.1433,-1.1666,-2.4956,0.8704,0.6051,1.3334,1.5277,-0.0035,0
Please cite the study showing that human platelets use quantum interference to distinguish self from non-self surfaces?,fake-citations,0.7,0.0044,-1.7213,-2.4886,0.5665,0.065,1.3366,1.5026,-0.0393,1
What is 29 multiplied by 14?,math,0.6,0.24,-0.5646,-2.4166,0.6924,0.4365,1.3106,1.4887,-0.0892,1
Who first synthesised aspirin?,science,0.3167,0.1581,-1.0845,-2.477,0.8262,0.489,1.3172,1.516,-0.121,1
What is the capital of Malaysia?,geography,0.3667,0.21,-0.857,-2.4832,0.8123,0.5395,1.3527,1.5446,-0.0473,1
What is the name of the tough outer covering of insects and crustaceans?,science,0.3667,0.21,-0.7598,-2.4912,0.7495,0.461,1.3213,1.5175,0.1463,0
What is the state of matter of neodymium at room temperature?,science,1.0,0.0,-0.2156,-0.3998,0.1033,0.0008,1.3171,1.5115,0.0599,0
What was the encomienda system in Spanish colonial America?,history,0.6,0.24,-0.5314,-2.4139,0.6635,0.3634,1.308,1.5132,0.0279,0
What is the gravitational acceleration on Earth in metres per second squared?,science,0.3567,0.1338,-1.1439,-2.4868,0.862,0.5885,1.3089,1.5241,-0.0677,0
What is 49 squared?,math,0.6,0.24,-0.4953,-2.1116,0.5828,0.3071,1.3208,1.5407,0.0185,0
What is the capital of Iceland?,geography,0.6,0.24,-0.4941,-2.321,0.5945,0.2836,1.3442,1.4885,0.0479,0
In what year did Christina become monarch of Sweden?,history,0.6,0.24,-0.5542,-2.4962,0.7178,0.4549,1.3395,1.4983,0.134,0
What is 26 multiplied by 79?,math,0.3667,0.21,-0.7853,-2.4164,0.7552,0.4797,1.3172,1.5354,0.0788,1
What is the term for the wave-like behaviour exhibited by particles such as electrons?,science,0.6,0.24,-0.4517,-2.4041,0.4863,0.1797,1.3024,1.4949,-0.1131,1
What is the chemical name for vitamin C?,science,0.3667,0.21,-0.818,-2.4344,0.8263,0.5305,1.3473,1.5373,-0.2619,1
In what year did Osman I become Ottoman Sultan?,history,0.3833,0.2225,-0.7639,-2.459,0.794,0.5145,1.3157,1.5119,-0.2636,0
What was the Civil Rights Act of 1964 in the United States?,history,0.6296,0.2058,-0.522,-2.467,0.6907,0.4166,1.3095,1.5137,0.1021,0
Who was the Persian King who invaded Greece and fought at Marathon?,history,0.6,0.24,-0.5882,-2.477,0.7294,0.4759,1.3056,1.5025,-0.0764,0
What is the capital of Lithuania?,geography,0.3,0.1433,-1.1011,-2.4898,0.8363,0.5162,1.3212,1.5367,-0.1257,0
What is the prime factorisation of 132?,math,0.6,0.24,-0.5411,-2.4924,0.6647,0.3696,1.3321,1.546,0.0263,0
What is 26 multiplied by 48?,math,0.6,0.24,-0.5312,-2.3749,0.6512,0.38,1.3113,1.5351,-0.0665,0
In what year was the Salk polio vaccine introduced?,science,1.0,0.0,-0.2059,-0.3943,0.1003,0.0002,1.3479,1.5166,0.0139,0
What is 1350 divided by 27?,math,0.3667,0.21,-0.7554,-2.4594,0.7161,0.403,1.3292,1.5594,-0.0226,1
Who was the 46th President of the United States?,history,0.45,0.1392,-1.2232,-2.4843,0.6836,0.2884,1.3266,1.4999,0.1002,1
What is the chemical formula for potassium iodide?,science,0.3833,0.2225,-0.7705,-2.3542,0.7474,0.4391,1.2839,1.5407,-0.0455,0
What is the square root of 2809?,math,0.3667,0.21,-0.8113,-2.3569,0.7524,0.5063,1.312,1.5037,0.0179,1
What is the common name of the ion with the formula PO4^3-?,science,0.3833,0.2225,-0.7996,-2.4539,0.7871,0.5031,1.2957,1.5574,-0.1454,0
What is the capital of Belarus?,geography,1.0,0.0,-0.2095,-0.391,0.0975,0.0005,1.3174,1.5262,-0.0235,0
In what year was the attack on Pearl Harbor?,history,1.0,0.0,-0.2212,-0.3931,0.1068,0.0001,1.3326,1.5139,0.0301,0
Can you provide a citation for the discovery that certain deep sea fish produce antimatter particles during bioluminescent reactions?,fake-citations,0.6833,0.0025,-1.5539,-2.4664,0.5094,0.0162,1.3175,1.5105,0.1772,1
Which desert is the largest in the world?,geography,1.0,0.0,-0.2061,-0.3893,0.1083,0.0017,1.3219,1.521,-0.0297,0
What is the state of matter of beryllium at room temperature?,science,0.6,0.24,-0.439,-2.1825,0.5163,0.2144,1.2963,1.4789,0.1834,0
In what year did the Hindenburg airship disaster occur?,history,0.3167,0.1581,-1.0732,-2.4894,0.8266,0.4975,1.3298,1.4796,0.0458,1
What is the square root of 2209?,math,1.0,0.0,-0.2164,-0.3984,0.1115,0.0008,1.3272,1.5451,-0.0468,0
What is 660 divided by 15?,math,0.6,0.24,-0.5514,-2.4644,0.6784,0.4104,1.3268,1.504,-0.0716,0
Who was the first female Prime Minister of India?,history,0.6,0.24,-0.5314,-2.2531,0.6739,0.4053,1.3092,1.5609,-0.0061,0
What is the common name of the ion with the formula CO3^2-?,science,0.4,0.1067,-1.4039,-2.4058,0.7496,0.3679,1.3044,1.5559,0.0411,1
What is the most populous city in the world?,geography,0.3,0.1433,-1.0006,-2.4264,0.7478,0.4284,1.3052,1.5218,-0.2686,0
What is the capital of Israel?,geography,0.3667,0.21,-0.8337,-2.4636,0.836,0.5756,1.3219,1.5375,0.0926,0
What is the capital of Uruguay?,geography,0.6,0.24,-0.5216,-2.4468,0.6674,0.3931,1.3399,1.5094,0.1512,0
What is the capital of Russia?,geography,0.3667,0.21,-0.6946,-2.253,0.61,0.307,1.3209,1.4532,-0.2417,0
Please cite the study showing that the human thalamus contains biological beam splitters that enable quantum superposition of sensory signals?,fake-citations,0.7167,0.0058,-1.5514,-2.4186,0.5241,0.0021,1.309,1.4724,0.0487,1
What is the number of permutations of 8 things taken 2 at a time?,math,0.3833,0.2225,-0.7798,-2.4037,0.7288,0.4364,1.3164,1.5651,0.089,0
In what year did Georgia declare or gain independence?,history,0.6,0.24,-0.507,-2.4078,0.6458,0.3616,1.3206,1.5128,-0.0294,0
In what year did King John II of France's reign begin?,history,0.3667,0.21,-0.8555,-2.4483,0.8455,0.5832,1.3329,1.4917,-0.1587,0
What is the term for the bouncing back of a wave from a surface?,science,0.3667,0.21,-0.8014,-2.4254,0.8165,0.54,1.3534,1.5016,-0.0434,1
What is 19 multiplied by 21?,math,0.35,0.1858,-0.9941,-2.4372,0.782,0.4636,1.3153,1.4594,-0.115,0
In what year was the Homestead Act passed in the United States?,history,0.6,0.24,-0.4893,-2.3669,0.5154,0.2139,1.32,1.5589,0.0323,1
What is the chemical symbol for vanadium?,science,0.6,0.24,-0.4446,-2.1146,0.5287,0.2362,1.3274,1.4814,0.0327,1
In what year did Wilhelmina become monarch of the Netherlands?,history,0.6,0.24,-0.5256,-2.3353,0.66,0.3729,1.3287,1.5511,0.1731,0
What is the least common multiple of 7 and 9?,math,0.3667,0.21,-0.8953,-2.4293,0.82,0.5999,1.312,1.5058,-0.0738,0
What is the chemical symbol for cerium?,science,0.3667,0.21,-0.7304,-2.4342,0.6893,0.4152,1.3188,1.5023,0.0256,0
What is the value of pi to 5 decimal places?,math,0.3167,0.1581,-0.9512,-2.4739,0.7526,0.4113,1.3421,1.5161,0.1882,1
What is the approximate whole-number atomic mass of oxygen?,science,0.6,0.24,-0.5197,-2.1832,0.5634,0.2765,1.2918,1.5241,0.0121,0
What is the value of sin 0 degrees?,math,0.6,0.24,-0.4967,-2.4903,0.6048,0.2927,1.3303,1.508,-0.0342,0
What is 52 multiplied by 7?,math,1.0,0.0,-0.2467,-0.4,0.1047,0.0003,1.3212,1.5264,0.0099,0
What is the magnitude of vector 3 4?,math,0.3667,0.21,-0.8364,-2.4629,0.8259,0.5838,1.3263,1.4505,0.1141,0
"In what year was the Battle of Lexington and Concord, the first battle of the American Revolution?",history,0.6,0.24,-0.507,-2.4832,0.6548,0.3581,1.297,1.478,0.0574,0
In what year was the World Health Organization founded?,history,0.3667,0.21,-0.7857,-2.452,0.772,0.4686,1.315,1.5316,-0.021,0
What are the immune cells that directly destroy infected or cancerous cells called?,science,0.6,0.24,-0.5021,-2.2771,0.6162,0.3241,1.3128,1.5295,0.0655,0
What is the median of 4 8 15 16 23?,math,0.3667,0.21,-0.8095,-2.4882,0.7765,0.479,1.2984,1.5755,-0.0786,0
What is the term for the extremely dense remnant core of a massive star made almost entirely of neutrons?,science,0.3667,0.21,-0.7369,-2.3744,0.7252,0.4095,1.3358,1.549,0.1531,0
What is the capital of Jordan?,geography,0.3667,0.21,-0.7899,-2.4701,0.7694,0.4884,1.3249,1.5603,-0.0951,0
"Is calcium classified as a metal, nonmetal, or metalloid?",science,1.0,0.0,-0.2075,-0.3949,0.0936,0.0015,1.316,1.5294,0.0025,0
What is 66 percent of 950?,math,1.0,0.0,-0.2484,-0.3987,0.0905,0.0013,1.3183,1.5049,0.0165,0
What is the term for the measure of disorder or randomness in a thermodynamic system?,science,0.3,0.1433,-1.0766,-2.4752,0.845,0.5561,1.3269,1.4609,0.1686,0
Who commanded the Confederate forces during the American Civil War?,history,0.3167,0.1581,-1.0674,-2.384,0.7841,0.444,1.3274,1.4753,-0.0779,1
What is 23 multiplied by 38?,math,0.6,0.24,-0.5072,-2.2542,0.6098,0.3341,1.3354,1.5474,-0.0675,0
Who was the first President of Vietnam?,history,0.4167,0.1181,-1.475,-2.4974,0.7475,0.3915,1.3422,1.5045,0.0415,1
What is the capital of Kiribati?,geography,0.6,0.24,-0.487,-2.4541,0.5867,0.2849,1.3458,1.5605,0.121,0
Who was President of the United States when the Berlin Wall fell?,history,0.3,0.1433,-1.0344,-2.4553,0.7704,0.4719,1.3179,1.5083,-0.1264,1
What is 62 squared?,math,0.45,0.1392,-1.369,-2.4039,0.735,0.3198,1.3108,1.4908,-0.02,1
What is the atomic number of helium?,science,0.6,0.24,-0.5464,-2.4966,0.6628,0.3816,1.3176,1.506,0.1345,1
What is the greatest common divisor of 28 and 42?,math,0.3833,0.2225,-0.7665,-2.4434,0.7557,0.471,1.3398,1.4898,-0.1968,0
What is the term for the movement of water across a semipermeable membrane?,science,0.3833,0.2225,-0.8759,-2.4446,0.8072,0.5688,1.3061,1.5252,-0.0438,1
In what year did the Velvet Revolution occur in Czechoslovakia?,history,0.3667,0.21,-0.8409,-2.3534,0.7932,0.5318,1.3193,1.4769,-0.0471,0
What is the chemical symbol for nihonium?,science,1.0,0.0,-0.2084,-0.3821,0.0928,0.0003,1.315,1.5015,0.0047,0
"Is iridium classified as a metal, nonmetal, or metalloid?",science,1.0,0.0,-0.2372,-0.4,0.1037,0.0007,1.3136,1.4945,-0.0112,0
What green pigment in plants absorbs light for photosynthesis?,science,0.3667,0.21,-0.7722,-2.4268,0.7326,0.435,1.3399,1.5598,0.1995,0
What is the atomic number of dubnium?,science,0.3667,0.21,-0.7546,-2.3547,0.7299,0.4536,1.3512,1.5123,-0.1141,0
What is 7 to the power of 3?,math,0.3667,0.21,-0.7824,-2.4709,0.8101,0.5264,1.3101,1.4916,-0.0638,1
What is 1073 divided by 29?,math,0.3833,0.2225,-0.753,-2.3673,0.7166,0.4218,1.3225,1.4597,0.0235,0
Is 71 a prime number?,math,0.3667,0.21,-0.8276,-2.4259,0.7877,0.528,1.3251,1.4974,-0.0031,0
Who discovered penicillin?,science,1.0,0.0,-0.2215,-0.3982,0.0987,0.0014,1.335,1.4918,-0.0435,0
What is the chemical symbol for bromine?,science,0.6,0.24,-0.5407,-2.4954,0.6988,0.4319,1.3427,1.5191,0.1961,0
What is the term for the shift of light toward longer wavelengths as an object moves away from an observer?,science,0.6,0.24,-0.4715,-2.2877,0.6046,0.3038,1.3206,1.5108,-0.0311,0
In what year did Elizabeth I become monarch of England or Britain?,history,0.3667,0.21,-0.7885,-2.4236,0.7778,0.4959,1.3169,1.5375,-0.0782,0
In what year did Henry II become monarch of England or Britain?,history,0.3667,0.21,-0.759,-2.4015,0.7868,0.5142,1.3053,1.4872,0.1501,0
What is the capital of Chad?,geography,0.6,0.24,-0.5092,-2.4878,0.6134,0.3063,1.3202,1.4936,0.0921,1
In what year did Haiti gain independence?,history,0.3667,0.21,-0.7141,-2.2264,0.6749,0.3852,1.338,1.4779,-0.2294,0
Who was the 32nd President of the United States?,history,0.6,0.24,-0.5056,-2.4734,0.6437,0.3611,1.3301,1.5043,-0.0173,0
What is 18 multiplied by 22?,math,1.0,0.0,-0.2101,-0.3954,0.1042,0.0014,1.3188,1.5255,-0.0054,0
What type of bond holds water molecules together?,science,0.3667,0.21,-0.7951,-2.3453,0.7679,0.4889,1.3322,1.4857,0.0031,1
What is the melting point of iron in Celsius?,science,0.3667,0.21,-0.7504,-2.2859,0.6647,0.3893,1.3251,1.4922,0.0322,0
In what year did Antoninus Pius become Roman Emperor?,history,1.0,0.0,-0.2161,-0.3861,0.1015,0.0011,1.3176,1.4929,-0.0248,0
Could you reference the research demonstrating that human salivary amylase contains a cryptic binding site for atmospheric xenon that modulates enzyme activity?,fake-citations,0.7333,0.0067,-1.6523,-2.4583,0.4835,0.026,1.3395,1.4814,0.3713,1
What is the capital of Tunisia?,geography,1.0,0.0,-0.2026,-0.3939,0.0965,0.0004,1.3445,1.5364,-0.0385,0
What was the significance of the Berlin Blockade of 1948 to 1949?,history,0.6,0.24,-0.4954,-2.2349,0.5713,0.2623,1.3336,1.5272,0.0283,1
What is the capital of Denmark?,geography,0.6,0.24,-0.5056,-2.1909,0.5988,0.3219,1.3293,1.5487,0.0596,0
In what year did the Salem witch trials take place?,history,0.6,0.24,-0.4918,-2.3293,0.6591,0.3524,1.3014,1.5475,-0.0262,0
In what year did Israel gain independence?,history,0.3667,0.21,-0.842,-2.416,0.7724,0.48,1.3035,1.4549,-0.1783,0
In what year was Texas annexed by the United States?,history,0.6,0.24,-0.4689,-2.0051,0.535,0.2546,1.3441,1.5561,0.098,0
What is the chemical symbol for manganese?,science,0.6,0.24,-0.4901,-2.4854,0.6769,0.4037,1.3402,1.552,-0.0468,1
Could you find a reference for the paper demonstrating that the human pineal gland produces detectable quantities of magnetic monopoles?,fake-citations,0.7333,0.0067,-1.6574,-2.4624,0.4858,0.0172,1.3194,1.4504,-0.2777,1
What is the sum of interior angles of an octagon in degrees?,math,1.0,0.0,-0.2117,-0.3893,0.1149,0.0004,1.3079,1.5208,-0.0279,0
What is 1147 divided by 31?,math,0.3833,0.2225,-0.8165,-2.4623,0.829,0.5292,1.3099,1.5272,-0.0484,0
Who was the first President of Ghana?,history,0.3833,0.2225,-0.7641,-2.4783,0.7224,0.418,1.3216,1.5396,0.1059,1
What do the vector space axioms define?,math,0.6,0.24,-0.5569,-2.4225,0.7014,0.4311,1.3068,1.5299,-0.1376,0
What is the capital of Thailand?,geography,0.3167,0.1581,-1.0389,-2.4543,0.7371,0.4082,1.3143,1.4681,-0.0358,1
What is 13 cubed?,math,0.3833,0.2225,-0.8009,-2.4905,0.8167,0.5458,1.325,1.4982,-0.1441,1
What is the lightest metal on the periodic table?,science,0.3545,0.1126,-1.1041,-2.4974,0.8472,0.5733,1.3236,1.5066,0.1024,0
In what year did Morocco gain independence?,history,0.6,0.24,-0.4799,-2.2809,0.5679,0.2699,1.3325,1.5396,0.1422,0
What is the value of sin 180 degrees?,math,0.3667,0.21,-0.8417,-2.4892,0.8169,0.5524,1.3368,1.5424,-0.0986,0
What is 18 percent of 650?,math,0.3667,0.21,-0.8109,-2.4417,0.7748,0.5203,1.3376,1.5231,0.122,0
What is the ratio test used for?,math,1.0,0.0,-0.2277,-0.396,0.106,0.0002,1.3366,1.4997,0.0304,0
Is 121 a prime number?,math,0.6,0.24,-0.4807,-2.1034,0.5493,0.2435,1.3281,1.5172,0.0395,0
What is the chemical symbol for selenium?,science,0.6,0.24,-0.5303,-2.4562,0.68,0.4057,1.3332,1.5217,-0.0526,0
In what year did Theresa May become Prime Minister of the United Kingdom?,history,0.3167,0.1581,-1.079,-2.3828,0.7816,0.475,1.3102,1.5321,-0.071,0
What is the chemical formula for dinitrogen tetroxide?,science,0.6,0.24,-0.5576,-2.4325,0.6848,0.4018,1.336,1.4929,-0.0044,0
How many diagonals does a triangle have?,math,0.3667,0.21,-0.8492,-2.4863,0.8242,0.5755,1.3169,1.5032,-0.0506,0
In what year was the Battle of Monte Cassino?,history,0.4167,0.1181,-1.3067,-2.4991,0.694,0.2874,1.3217,1.5527,-0.0638,1
What is 83 multiplied by 39?,math,0.6,0.24,-0.4866,-2.3957,0.6297,0.3364,1.2971,1.4893,-0.0587,0
What is the state of matter of silver at room temperature?,science,1.0,0.0,-0.2495,-0.3963,0.1019,0.0029,1.32,1.4796,0.0489,0
In what year did Charles Lindbergh complete the first solo transatlantic flight?,history,1.0,0.0,-0.2214,-0.3926,0.1096,0.0016,1.3434,1.5216,0.0074,0
What is the capital of United Kingdom?,geography,0.4333,0.1289,-1.3652,-2.4721,0.726,0.3152,1.3312,1.5154,0.0836,0
"Is molybdenum classified as a metal, nonmetal, or metalloid?",science,0.6,0.24,-0.5266,-2.0402,0.6335,0.3616,1.3367,1.484,0.0291,0
"Is arsenic classified as a metal, nonmetal, or metalloid?",science,0.3667,0.21,-0.8271,-2.4479,0.7864,0.5488,1.335,1.5072,0.1005,0
In what year did the Apollo 11 Moon landing take place?,history,0.6,0.24,-0.5039,-2.446,0.576,0.2847,1.3032,1.5129,-0.194,1
What is the number of integers less than 30 coprime to 30?,math,0.6,0.24,-0.5549,-2.4611,0.7181,0.4519,1.3178,1.5258,-0.004,1
What is the definition of a mathematical group?,math,0.4167,0.1181,-1.2938,-2.4857,0.6924,0.2841,1.3054,1.4906,-0.197,1
What is the atomic number of radon?,science,0.3833,0.2225,-0.6769,-2.3924,0.6544,0.3321,1.3172,1.4764,-0.2091,1
What is the atomic number of phosphorus?,science,0.3667,0.21,-0.6851,-2.1886,0.616,0.3017,1.3103,1.4382,-0.0971,0
What is 966 divided by 42?,math,0.3667,0.21,-0.7935,-2.3324,0.8055,0.5399,1.3218,1.4917,0.1476,1
In what year did H H Asquith become Prime Minister of the United Kingdom?,history,0.3667,0.21,-0.8518,-2.4932,0.8512,0.612,1.3344,1.5265,-0.1718,1
What is the square root of 4900?,math,0.3667,0.21,-0.7296,-2.1745,0.7061,0.3882,1.329,1.5448,0.0759,0
What is the name of the cyclical pathway in the mitochondrial matrix that oxidizes acetyl-CoA?,science,0.3167,0.1581,-1.1544,-2.4624,0.8395,0.5804,1.3333,1.5515,0.0616,1
What is 85 squared?,math,1.0,0.0,-0.2095,-0.3972,0.0983,0.0006,1.3224,1.4738,0.0098,0
What is the chemical formula for hydrobromic acid?,science,1.0,0.0,-0.2568,-0.3916,0.0917,0.0004,1.3155,1.4748,0.0044,0
In what year did Jimmy Carter become President of the United States?,history,1.0,0.0,-0.2066,-0.3918,0.0914,0.0002,1.317,1.4845,0.011,0
In what year was the Battle of Dien Bien Phu?,history,0.3667,0.21,-0.7613,-2.1712,0.7131,0.4051,1.3315,1.5178,-0.0473,0
In what year was the Magna Carta signed?,history,0.6,0.24,-0.5401,-2.2533,0.647,0.3725,1.3284,1.4773,0.0477,1
What is the name of the theory describing gravity as the curvature of spacetime?,science,0.4067,0.1817,-0.7222,-2.4777,0.7112,0.3787,1.3327,1.5086,0.0878,1
Could you find a reference for the paper demonstrating that plant phloem transport uses superconducting protein channels at physiological temperatures?,fake-citations,0.7333,0.0067,-1.6828,-2.4971,0.6131,0.0398,1.3033,1.5368,-0.1817,1
What is the atomic number of rubidium?,science,0.3667,0.21,-0.9202,-2.4758,0.9013,0.7082,1.3382,1.5538,0.0241,0
What planet is closest to the Sun?,science,1.0,0.0,-0.2403,-0.3906,0.104,0.0004,1.3224,1.4999,-0.0076,0
What is the state of matter of astatine at room temperature?,science,0.3833,0.2225,-0.8625,-2.3798,0.7944,0.559,1.305,1.49,-0.0618,0
What is the value of cos 45 degrees?,math,1.0,0.0,-0.2358,-0.4,0.1123,0.0009,1.312,1.4679,-0.0268,0
What is the square root of 6084?,math,0.3833,0.2225,-0.8763,-2.4883,0.8761,0.6494,1.3233,1.5531,-0.0592,0
In what year did the War of the Spanish Succession begin?,history,0.6,0.24,-0.5308,-2.4893,0.6373,0.3574,1.346,1.4986,0.0484,0
What is 40 multiplied by 19?,math,0.3,0.1433,-1.1666,-2.389,0.8649,0.6156,1.3022,1.5328,-0.0726,1
What is 25 multiplied by 49?,math,1.0,0.0,-0.2253,-0.392,0.1126,0.0016,1.3264,1.5029,0.0072,0
What is 40 multiplied by 68?,math,0.6,0.24,-0.5178,-2.4597,0.6703,0.3721,1.3146,1.4604,-0.1655,0
What is the chemical symbol for ruthenium?,science,0.6,0.24,-0.5343,-2.4278,0.664,0.3728,1.3203,1.5199,0.0395,0
In what year did William I become monarch of England or Britain?,history,0.3667,0.21,-0.8196,-2.3953,0.7906,0.513,1.3321,1.5216,0.1035,1
Which empire did Julius Caesar lead?,history,0.6,0.24,-0.4992,-2.3997,0.6082,0.2967,1.3287,1.5453,-0.0846,0
Who led the Norman conquest of England in 1066?,history,0.3167,0.1581,-1.1263,-2.4676,0.8412,0.5526,1.3497,1.4975,-0.0441,1
What is the name of the rule stating that electrons fill the lowest energy orbitals first?,science,0.6,0.24,-0.5474,-2.48,0.64,0.3408,1.3294,1.4725,-0.0804,0
What is the square root of 5476?,math,0.3667,0.21,-0.825,-2.3855,0.7749,0.5278,1.3236,1.4847,-0.0973,0
In what year was the Eiffel Tower completed?,history,0.3833,0.2225,-0.8228,-2.3859,0.7662,0.4803,1.3104,1.5426,0.0141,1
Could you reference the research demonstrating that human bone marrow stem cells contain biological qubits that maintain coherence at body temperature?,fake-citations,0.7333,0.0067,-1.7712,-2.4713,0.4796,0.0132,1.323,1.5517,-0.0761,1
Please cite the paper showing that tardigrade cryptobiosis involves manipulation of local spacetime geometry to halt biochemical processes?,fake-citations,0.7,0.0044,-1.6797,-2.4958,0.4579,0.0053,1.3191,1.5004,0.0075,1
"Is niobium classified as a metal, nonmetal, or metalloid?",science,0.3167,0.1581,-1.1542,-2.4726,0.8572,0.5641,1.3224,1.5016,-0.0837,1
In what year was the Treaty of Tilsit between France and Russia?,history,0.6,0.24,-0.5416,-2.251,0.6474,0.371,1.3145,1.4915,-0.0318,0
What is 13 to the power of 3?,math,0.3833,0.2225,-0.8181,-2.3526,0.7761,0.497,1.31,1.4746,0.0496,1
What is 5 to the power of 5?,math,1.0,0.0,-0.2212,-0.3724,0.0916,0.0003,1.3293,1.5577,0.0581,0
Could you reference the research demonstrating that human hair follicles contain magnetite crystals that enable directional sensing?,fake-citations,0.7,0.0044,-1.5618,-2.3967,0.4029,0.0119,1.3257,1.4475,-0.2722,1
What is the capital of Democratic Republic of Congo?,geography,0.6,0.24,-0.5304,-2.4203,0.7054,0.42,1.3141,1.4569,-0.0427,0
In what year did King Hugh Capet of France's reign begin?,history,0.3667,0.21,-0.758,-2.4231,0.7367,0.473,1.3159,1.5032,0.1745,0
In what year did Vesuvius erupt and destroy Pompeii?,history,0.3833,0.2225,-0.8561,-2.3946,0.7912,0.5476,1.3401,1.5419,-0.0959,0
Who was the 38th President of the United States?,history,0.3667,0.21,-0.8721,-2.4599,0.8352,0.5875,1.3392,1.4876,0.0269,1
What is the process of a solid turning directly into a gas called?,science,0.6,0.24,-0.5148,-2.4927,0.6448,0.3092,1.3087,1.5013,-0.0086,0
In what year did John IV become monarch of Portugal?,history,0.6,0.24,-0.5387,-2.4345,0.643,0.3504,1.3142,1.4836,-0.0622,1
What was the significance of the Petition of Right of 1628 in England?,history,0.6,0.24,-0.5353,-2.4957,0.6366,0.3596,1.3246,1.5353,-0.1356,0
What is the capital of New Zealand?,geography,1.0,0.0,-0.2107,-0.381,0.0996,0.0016,1.343,1.5224,0.0952,0
What is 18 multiplied by 32?,math,1.0,0.0,-0.2287,-0.3992,0.1028,0.0004,1.3139,1.4947,0.0192,0
What is the term for the joining of atomic nuclei?,science,1.0,0.0,-0.2084,-0.3859,0.0868,0.0012,1.3127,1.4935,0.0116,0
What is the 10th Fibonacci number?,math,0.3,0.1433,-1.0508,-2.4297,0.7791,0.4608,1.3286,1.4862,-0.013,1
What is the capital of Ivory Coast?,geography,0.6,0.24,-0.5323,-2.3539,0.6571,0.3771,1.3087,1.5217,-0.0206,1
In what year was the Battle of Gettysburg?,history,0.3667,0.21,-0.7863,-2.4626,0.7983,0.4878,1.3224,1.5478,0.1696,1
What is the chemical formula for nitric acid?,science,0.3667,0.21,-0.8433,-2.4849,0.8777,0.5992,1.3141,1.5054,0.2529,1
What is 73 squared?,math,0.6,0.24,-0.5303,-2.3791,0.6952,0.4038,1.2787,1.494,-0.0068,0
In what year was the Mughal Empire founded by Babur?,history,1.0,0.0,-0.2606,-0.3956,0.0958,0.0007,1.3024,1.4408,0.0093,0
What is 713 divided by 23?,math,0.6,0.24,-0.5652,-2.4153,0.6924,0.4123,1.3246,1.4932,0.0523,1
What is the number of combinations of 6 things taken 2 at a time?,math,0.4167,0.1181,-1.3728,-2.4981,0.7663,0.3512,1.3408,1.4998,0.0969,1
What is the derivative of x squared?,math,0.3833,0.2225,-0.7741,-2.4352,0.7376,0.4075,1.3087,1.5234,0.0473,1
"Is radium classified as a metal, nonmetal, or metalloid?",science,0.3667,0.21,-0.7975,-2.4294,0.7601,0.4604,1.3282,1.5128,0.0969,1
What is the chemical formula for acetone?,science,0.3667,0.21,-0.7607,-2.4946,0.7709,0.4563,1.299,1.5308,-0.0173,1
What is the chemical formula for potassium hydride?,science,0.6,0.24,-0.5384,-2.4023,0.7053,0.4377,1.3309,1.5298,0.1519,0
In what year did Napoleon I become ruler of France?,history,0.6,0.24,-0.4872,-2.4301,0.5431,0.2411,1.3118,1.4447,0.2212,0
What is the integral of x to the power of 6?,math,0.3,0.1433,-1.0839,-2.4854,0.8107,0.4945,1.3134,1.4858,0.062,1
What is the largest freshwater lake in the world?,geography,0.3,0.1433,-1.0187,-2.4234,0.7654,0.4539,1.3347,1.4965,-0.1321,1
In what year did South Africa gain independence?,history,0.3667,0.21,-0.7887,-2.4862,0.7827,0.4849,1.2996,1.4975,-0.0642,1
Who discovered the proton?,science,0.3167,0.1581,-1.1102,-2.4123,0.8413,0.5338,1.326,1.5272,-0.3112,1
What is 21 multiplied by 32?,math,0.3167,0.1581,-1.0325,-2.4486,0.7644,0.4476,1.342,1.5105,-0.3333,1
In what year did Franklin Pierce become President of the United States?,history,0.6,0.24,-0.4992,-2.447,0.5413,0.2463,1.3319,1.5446,0.065,1
In what year was the Suez Canal completed?,history,0.3167,0.1581,-1.1389,-2.4562,0.8312,0.5825,1.2995,1.4785,-0.1864,0
What is 1024 divided by 32?,math,0.3833,0.2225,-0.7933,-2.4907,0.7443,0.4628,1.321,1.4985,-0.0178,0
What is the area of a triangle with base 10 and height 6?,math,1.0,0.0,-0.215,-0.3978,0.0982,0.0009,1.3294,1.5391,0.0804,0
"What is the term for a carbon atom bonded to four different groups, giving rise to optical activity?",science,0.6,0.24,-0.512,-2.2276,0.6337,0.3688,1.3292,1.4993,-0.0073,0
What is the term for the point at which an object's entire weight can be considered to act?,science,0.6,0.24,-0.5445,-2.3947,0.6722,0.3868,1.3011,1.4899,0.0572,1
In what year was the Battle of Fredericksburg?,history,0.3667,0.21,-0.8132,-2.2832,0.7889,0.5363,1.3377,1.5578,0.1064,0
What is the chemical symbol for mercury?,science,0.3167,0.1581,-0.9937,-2.2247,0.7345,0.4138,1.3249,1.5113,-0.0172,0
What is 20 percent of 150?,math,0.6,0.24,-0.5254,-2.4935,0.6829,0.3851,1.3265,1.5444,-0.0249,0
How many planets are in the solar system?,science,1.0,0.0,-0.2305,-0.3875,0.0974,0.0014,1.317,1.5313,0.0325,0
What is the atomic number of beryllium?,science,0.3667,0.21,-0.7689,-2.2886,0.7348,0.415,1.315,1.5283,0.1529,0
What is the term for the chemical process cells use to release energy from glucose?,science,0.6,0.24,-0.4636,-2.3388,0.5299,0.2331,1.3076,1.483,0.0236,0
What is the term for the mysterious force believed to drive the accelerating expansion of the universe?,science,0.3667,0.21,-0.8391,-2.4529,0.8355,0.5742,1.3309,1.4813,0.2636,0
What is 11 to the power of 5?,math,0.3167,0.1581,-1.0839,-2.3192,0.7881,0.5275,1.3321,1.4911,0.1863,1
What is the atomic number of gold?,science,0.3667,0.21,-0.7966,-2.4628,0.7719,0.4671,1.3224,1.5225,-0.0795,1
What is the chemical formula for barium nitrate?,science,0.3667,0.21,-0.8683,-2.4975,0.8528,0.6397,1.3125,1.5016,0.086,0
What is the SI unit of power?,science,1.0,0.0,-0.2231,-0.3997,0.1027,0.0004,1.2979,1.5062,0.0032,0
"What was apartheid, the system implemented in South Africa from 1948?",history,0.3167,0.1581,-1.0452,-2.4669,0.8387,0.5167,1.3284,1.5277,0.2445,1
What is the square root of 1225?,math,0.6,0.24,-0.4703,-2.414,0.5344,0.2335,1.3358,1.5317,0.0915,0
What is the approximate whole-number atomic mass of sulfur?,science,0.6,0.24,-0.5554,-2.489,0.6588,0.3689,1.3224,1.5438,-0.0225,0
What is 47 multiplied by 69?,math,0.6,0.24,-0.4589,-1.7514,0.4988,0.2145,1.3239,1.5715,0.0785,0
In what year was the Battle of Blenheim?,history,1.0,0.0,-0.2151,-0.3827,0.1095,0.0006,1.3255,1.5057,-0.008,0
What was the significance of the Plessy v Ferguson ruling of 1896?,history,0.6,0.24,-0.5061,-2.1762,0.5936,0.3087,1.3248,1.5182,-0.0683,0
What is 47 multiplied by 73?,math,0.35,0.1858,-1.0639,-2.3866,0.7896,0.4789,1.3512,1.514,-0.0409,0
What is 77 multiplied by 41?,math,1.0,0.0,-0.2155,-0.3998,0.1104,0.0016,1.319,1.4714,-0.0021,0
What technique uses the magnetic properties of atomic nuclei to determine molecular structure?,science,1.0,0.0,-0.2349,-0.3973,0.1006,0.0004,1.3517,1.5312,-0.062,0
"Is aluminium classified as a metal, nonmetal, or metalloid?",science,0.6,0.24,-0.5444,-2.3864,0.6743,0.3852,1.3394,1.5166,0.1703,0
What is 80 multiplied by 42?,math,0.3167,0.1581,-1.0949,-2.4391,0.8101,0.5168,1.3631,1.5362,0.117,0
What is an open set?,math,1.0,0.0,-0.229,-0.3881,0.0939,0.0018,1.3267,1.5273,-0.0593,0
What is the name of the law stating that an object at rest stays at rest unless acted on by a force?,science,0.3928,0.1913,-0.8514,-2.4931,0.825,0.5755,1.3212,1.5343,-0.1967,0
In what year did the Rwandan genocide occur?,history,0.3833,0.2225,-0.7124,-2.1961,0.6598,0.3558,1.3179,1.4719,-0.0144,1
Who became the first Emperor of a unified Germany in 1871?,history,0.6,0.24,-0.4747,-2.2571,0.5389,0.24,1.3207,1.499,-0.0278,0
In what year did the Hundred Years War begin?,history,1.0,0.0,-0.2179,-0.3723,0.1075,0.0002,1.3397,1.5507,0.0062,0
What is the capital of Peru?,geography,0.6,0.24,-0.5321,-2.4658,0.6051,0.2964,1.3262,1.5267,-0.0121,0
What is the square root of 1521?,math,0.35,0.1858,-1.0548,-2.4662,0.7883,0.4949,1.3245,1.5316,0.1219,1
What is the prime factorisation of 196?,math,0.3667,0.21,-0.8481,-2.4268,0.7772,0.5336,1.3221,1.5423,0.0005,1
Could you find a reference for the experiment demonstrating that myelin sheaths in neurons act as optical fibres?,fake-citations,0.7333,0.0067,-1.6966,-2.4998,0.5464,0.0393,1.3511,1.5352,-0.0519,1
What is 81 squared?,math,0.3,0.1433,-1.0704,-2.4717,0.8267,0.4993,1.3206,1.5302,0.0579,1
In what year did the Tang dynasty begin?,history,0.35,0.1858,-1.0016,-2.2857,0.7317,0.4027,1.34,1.5037,-0.2416,1
What is the capital of Bolivia?,geography,0.3667,0.21,-0.8222,-2.4856,0.7868,0.5314,1.3498,1.5544,-0.1099,1
Could you find a reference for the paper demonstrating that human cartilage contains piezoelectric nanogenerators that power local cellular processes?,fake-citations,0.6833,0.0025,-1.5938,-2.4817,0.5019,0.0046,1.3411,1.5455,-0.4161,1
In what year was the Congress of Vienna?,history,0.6,0.24,-0.5185,-2.0949,0.6093,0.3421,1.341,1.5161,-0.0568,0
In what year did the Korean War end?,history,0.3667,0.21,-0.8565,-2.4998,0.8403,0.5893,1.3221,1.4624,0.0681,0
What is the largest planet in the solar system?,science,1.0,0.0,-0.2358,-0.3981,0.0901,0.0009,1.3295,1.5041,-0.0351,0
What is the largest continent by area?,geography,0.6,0.24,-0.5635,-2.4523,0.7675,0.5512,1.3483,1.5018,0.0968,0
In what year did Manuel II become monarch of Portugal?,history,0.3167,0.1581,-1.0285,-2.4459,0.773,0.4558,1.3241,1.5433,-0.1477,1
What is the value of sin 30 degrees?,math,0.3667,0.21,-0.9366,-2.496,0.8879,0.7306,1.3126,1.5563,0.0052,1
In what year was the Children's Crusade?,history,0.6,0.24,-0.5116,-2.3538,0.5927,0.292,1.3138,1.4922,-0.0125,0
What is the term for the study of earthquakes?,science,0.6,0.24,-0.5489,-2.4704,0.6667,0.3844,1.2885,1.4874,0.0817,0
How many prime numbers are there below 20?,math,0.3667,0.21,-0.8528,-2.4366,0.8435,0.592,1.3326,1.538,0.0307,1
What is a Fourier series used for?,math,0.3,0.1433,-1.0717,-2.3793,0.7714,0.4714,1.3289,1.4734,0.1102,1
What is the cube root of 64?,math,0.6,0.24,-0.4733,-2.2141,0.5784,0.2805,1.3251,1.5421,0.0593,0
What is the capital of Paraguay?,geography,0.3833,0.2225,-0.7295,-2.2196,0.6607,0.3703,1.3254,1.545,-0.0616,0
What is the state of matter of cerium at room temperature?,science,0.3833,0.2225,-0.8204,-2.4983,0.7525,0.4574,1.3129,1.5538,0.1021,0
What is the chemical symbol for dubnium?,science,1.0,0.0,-0.2153,-0.3899,0.1003,0.0011,1.3202,1.504,-0.0224,0
What is the Hessian matrix used for?,math,0.3833,0.2225,-0.7932,-2.4388,0.784,0.4985,1.3217,1.5137,-0.0153,1
What is the state of matter of lead at room temperature?,science,0.3667,0.21,-0.7433,-2.2544,0.708,0.4296,1.3055,1.4901,0.029,1
What is 58 squared?,math,0.3833,0.2225,-0.8132,-2.4766,0.7744,0.5093,1.3179,1.4743,0.1056,1
What is the chemical symbol for praseodymium?,science,0.3667,0.21,-0.8643,-2.4202,0.8562,0.6459,1.3519,1.508,-0.0399,1
What is the square root of 484?,math,0.6,0.24,-0.4951,-1.9559,0.5592,0.2723,1.3183,1.496,-0.0925,0
In what year did the Aztec Empire fall to Spanish conquest?,history,0.3667,0.21,-0.7725,-2.4509,0.7728,0.4837,1.3227,1.5008,-0.0068,1
What is 988 divided by 26?,math,0.3833,0.2225,-0.8217,-2.4077,0.7732,0.5085,1.3156,1.5051,0.0413,0
What is 29 multiplied by 65?,math,1.0,0.0,-0.2325,-0.3923,0.112,0.0021,1.2922,1.531,-0.0282,0
In what year was the Glorious Revolution in England?,history,1.0,0.0,-0.2285,-0.3988,0.1018,0.0025,1.3074,1.5439,0.0251,0
What is the term for the smallest repeating structural unit of a polymer?,science,0.3167,0.1581,-1.1485,-2.4903,0.8327,0.5466,1.3273,1.5224,-0.2959,0
In what year was the Good Friday Agreement signed in Northern Ireland?,history,0.3667,0.21,-0.7721,-2.4835,0.7345,0.4475,1.3206,1.5352,0.1311,0
What is 1164 divided by 12?,math,0.3833,0.2225,-0.8181,-2.4974,0.8271,0.5251,1.3064,1.4986,-0.2908,0
What is 8 to the power of 4?,math,0.3833,0.2225,-0.7765,-2.3512,0.7671,0.4924,1.3221,1.5151,-0.0366,0
What is 14 percent of 250?,math,0.6,0.24,-0.525,-2.1947,0.64,0.3651,1.3237,1.5204,0.0015,0
In what year was the Battle of Salamis?,history,0.3667,0.21,-0.8352,-2.4063,0.7892,0.534,1.3155,1.5008,-0.0874,1
In what year did Richard I become monarch of England or Britain?,history,0.3667,0.21,-0.7215,-2.4738,0.6904,0.3803,1.3205,1.5071,-0.0234,0
What is the state of matter of europium at room temperature?,science,0.3,0.1433,-1.2123,-2.4816,0.89,0.6125,1.319,1.5282,0.0414,1
In what year did Kazakhstan declare or gain independence?,history,0.3833,0.2225,-0.81,-2.3705,0.764,0.5104,1.3257,1.5059,0.0285,1
Please cite the study showing that human osteoblasts use quantum tunnelling to deposit hydroxyapatite crystals with atomic precision?,fake-citations,0.7,0.0044,-1.5205,-2.4605,0.445,0.0238,1.351,1.5369,0.0714,1
What is an eigenvalue?,math,0.3667,0.21,-0.767,-2.3541,0.724,0.4502,1.3044,1.4823,-0.0131,0
What is the square root of 676?,math,1.0,0.0,-0.1931,-0.3771,0.0918,0.0005,1.3166,1.4671,-0.0294,0
"What is the classification of stars by temperature and spectral lines, using the sequence O B A F G K M, called?",science,0.6,0.24,-0.5654,-2.4919,0.7494,0.4884,1.3029,1.4894,0.015,0
What is 1484 divided by 28?,math,0.6,0.24,-0.465,-2.2935,0.5621,0.2419,1.324,1.5072,-0.1227,0
What is the median of 5 10 15 20 25 30?,math,0.3667,0.21,-0.7273,-2.3277,0.7285,0.4171,1.3189,1.5198,-0.0038,1
What is the common name of the ion with the formula ClO4-?,science,0.6,0.24,-0.5609,-2.3229,0.6735,0.4076,1.3129,1.4847,0.0741,0
What is 29 multiplied by 29?,math,0.3167,0.1581,-1.0817,-2.4889,0.8108,0.4691,1.3059,1.4378,0.1706,1
In what year did King Louis XII of France's reign begin?,history,0.4,0.1067,-1.3183,-2.4253,0.7086,0.3043,1.3263,1.5321,-0.1143,1
In what year was the Battle of Leyte Gulf?,history,0.3,0.1433,-1.109,-2.4843,0.8685,0.6109,1.3168,1.4964,-0.086,1
What is the state of matter of rhodium at room temperature?,science,0.3667,0.21,-0.7586,-2.3515,0.788,0.4995,1.3223,1.524,-0.0163,0
What is the interior angle of a regular triangle in degrees?,math,0.6,0.24,-0.5717,-2.4837,0.7382,0.4664,1.3331,1.5517,0.0758,0
What is the trapezium rule used for?,math,1.0,0.0,-0.219,-0.3986,0.0968,0.0017,1.3207,1.4879,-0.0085,0
In what year was penicillin discovered?,science,1.0,0.0,-0.239,-0.3927,0.0944,0.001,1.3107,1.4587,-0.0235,0
What is the formula for the nth term of a geometric sequence?,math,1.0,0.0,-0.198,-0.387,0.1037,0.0007,1.3421,1.5029,-0.0402,0
Who was the first President of the Weimar Republic?,history,0.3833,0.2225,-0.8319,-2.4627,0.8297,0.554,1.3253,1.4915,-0.1645,1
How many diagonals does a hendecagon have?,math,0.3167,0.1581,-0.993,-2.3631,0.7482,0.409,1.3437,1.5142,0.0377,1
What functional group is represented by -OH attached to a carbon chain?,science,0.3,0.1433,-1.0916,-2.4918,0.7783,0.4673,1.3234,1.4816,0.028,1
In what year did the Mexican-American War end?,history,0.3833,0.2225,-0.7759,-2.2236,0.7359,0.4522,1.2998,1.5327,-0.0704,0
Who was the first President of Ecuador?,history,0.3667,0.21,-0.7736,-2.3499,0.7479,0.4971,1.3205,1.4982,0.0427,1
Which country owns Greenland?,geography,0.3167,0.1581,-1.0015,-2.4944,0.744,0.3946,1.3245,1.5547,0.0523,0
What is the chemical formula for potassium sulfate?,science,0.3833,0.2225,-0.8403,-2.4935,0.7998,0.547,1.307,1.5003,-0.1273,0
What is the atomic number of copper?,science,0.3667,0.21,-0.7772,-2.4647,0.743,0.4422,1.3054,1.5072,0.1177,1
Can you find a reference for the experiment demonstrating that yeast cells can detect and respond to cosmic ray impacts?,fake-citations,0.6833,0.0025,-1.701,-2.4529,0.5491,0.0229,1.3311,1.5092,0.1664,1
In what year did Madagascar gain independence?,history,0.3,0.1433,-1.1165,-2.4795,0.8112,0.5164,1.331,1.5587,0.0341,0
What technique measures the mass-to-charge ratio of ions to identify a compound?,science,0.6,0.24,-0.5563,-2.4485,0.7184,0.4508,1.304,1.4986,0.0891,0
What is the Collatz conjecture?,math,0.6,0.24,-0.4951,-2.2484,0.588,0.3034,1.3005,1.5072,0.0619,0
What is the SI unit of time?,science,0.3667,0.21,-0.8174,-2.4944,0.798,0.5155,1.3221,1.5338,-0.0284,0
In what year was Anwar Sadat assassinated?,history,1.0,0.0,-0.2073,-0.3993,0.0976,0.0003,1.3378,1.544,0.0263,0
In what year did Japan invade Manchuria?,history,0.3667,0.21,-0.8188,-2.407,0.7744,0.5103,1.3276,1.485,-0.0739,1
What is the name of the largest moon of Saturn?,science,0.3833,0.2225,-0.7726,-2.4823,0.8101,0.5248,1.3072,1.495,-0.023,1
What is Euler's formula relating a complex exponential to trigonometric functions?,math,0.6,0.24,-0.5102,-2.0762,0.5939,0.3001,1.3465,1.5228,-0.0939,0
What is the atomic number of silver?,science,0.3,0.1433,-1.0886,-2.4189,0.8532,0.5882,1.3193,1.5134,-0.2064,1
In what year did the Thirty Years War begin?,history,1.0,0.0,-0.2073,-0.3935,0.1084,0.0009,1.3033,1.4703,0.0227,0
Who was Julius Caesar's assassin and also his close ally?,history,0.6,0.24,-0.5055,-2.3173,0.6152,0.3148,1.3463,1.5608,-0.1623,0
What is the Laplace transform used for?,math,0.6,0.24,-0.509,-2.1577,0.6138,0.3228,1.3264,1.5159,-0.0574,0
In what year did Sri Lanka gain independence?,history,0.6,0.24,-0.5344,-2.4557,0.6805,0.4122,1.3155,1.4784,-0.07,0
What is the atomic number of ruthenium?,science,0.3667,0.21,-0.7929,-2.2212,0.773,0.5183,1.3272,1.4768,0.0599,0
What is the median of 2 3 5 7 11 13?,math,1.0,0.0,-0.2486,-0.3976,0.1019,0.0002,1.3284,1.5559,0.0415,0
In what year did Robert Falcon Scott reach the South Pole?,history,0.6,0.24,-0.4762,-2.0953,0.5408,0.2546,1.3078,1.5359,-0.0813,0
What was the July Crisis of 1914?,history,0.3667,0.21,-0.7889,-2.4974,0.7668,0.4987,1.3283,1.4979,0.0476,1
In what year did the War of the Triple Alliance in South America begin?,history,0.3667,0.21,-0.793,-2.2708,0.7866,0.5208,1.3217,1.5599,-0.0732,0
What is 25 multiplied by 25?,math,0.3167,0.1581,-1.0658,-2.367,0.7979,0.4996,1.3394,1.5195,0.0007,1
In what year were X-rays discovered?,science,0.6,0.24,-0.5282,-2.4307,0.6042,0.3142,1.3067,1.5501,0.0608,0
What is 28 percent of 150?,math,0.3833,0.2225,-0.7567,-2.4815,0.7171,0.4351,1.3139,1.5249,-0.1062,1
In what year did Augustus become Roman Emperor?,history,1.0,0.0,-0.2227,-0.3907,0.0953,0.001,1.3125,1.4715,0.0551,0
In what year was the Battle of Spotsylvania?,history,0.6,0.24,-0.5083,-2.3332,0.6146,0.3191,1.3183,1.4869,0.0324,0
What is the prime factorisation of 264?,math,0.3167,0.1581,-1.0951,-2.4896,0.8157,0.4979,1.3116,1.5014,0.4408,1
Who was the first female Prime Minister of Israel?,history,0.4167,0.1181,-1.3726,-2.4608,0.7495,0.3148,1.3426,1.5059,0.206,1
What analytical technique separates mixture components based on differential movement through a stationary phase?,science,0.6421,0.1921,-0.5199,-2.3173,0.6349,0.3606,1.3254,1.5042,-0.016,0
How many diagonals does a quadrilateral have?,math,0.6,0.24,-0.5229,-2.4898,0.6516,0.3386,1.3154,1.5268,-0.1027,0
What is the SI unit of equivalent radiation dose?,science,0.6,0.24,-0.4861,-2.414,0.61,0.3012,1.3378,1.4892,0.1142,0
What was the Cultural Revolution's stated aim in China from 1966?,history,0.6,0.24,-0.4464,-2.4785,0.5766,0.2473,1.3038,1.5055,-0.0918,1
What was the significance of the Bandung Conference of 1955?,history,0.6,0.24,-0.5114,-2.4319,0.6024,0.2903,1.3197,1.5382,0.0814,0
What is the capital of Venezuela?,geography,0.6,0.24,-0.5016,-2.4101,0.6578,0.3659,1.3173,1.5189,0.0223,0
In what year did Cameroon gain independence?,history,0.6,0.24,-0.5496,-2.4607,0.6522,0.3577,1.3275,1.5358,-0.1298,1
What is the atomic number of radium?,science,0.3833,0.2225,-0.8157,-2.4456,0.8385,0.6035,1.3283,1.4938,-0.1164,0
What is the chemical symbol for plutonium?,science,0.3833,0.2225,-0.7425,-2.3852,0.7308,0.4087,1.3104,1.5057,0.2191,1
What is 10 cubed?,math,0.3667,0.21,-0.7994,-2.3032,0.7967,0.528,1.3037,1.4941,0.0899,0
What is 36 squared?,math,0.3833,0.2225,-0.7482,-2.47,0.7192,0.3901,1.3103,1.5348,-0.1041,1
In what year did Czechoslovakia's split into two countries declare or gain independence?,history,0.6,0.24,-0.4713,-1.994,0.4893,0.209,1.3135,1.4676,-0.0735,0
What is the term for the study of fungi?,science,1.0,0.0,-0.2344,-0.3876,0.1065,0.0021,1.3097,1.5216,0.036,0
What chromosomal disorder is caused by an extra copy of chromosome 21?,science,0.6,0.24,-0.5112,-2.3084,0.5706,0.2804,1.3363,1.5092,0.0847,0
What is 5 to the power of 8?,math,0.6,0.24,-0.5563,-2.3834,0.6752,0.4048,1.3259,1.4868,0.055,1
What was the Marshall Plan officially known as?,history,1.0,0.0,-0.2062,-0.3854,0.0931,0.0001,1.3318,1.5345,0.0232,0
In what year did Suleiman the Magnificent become Ottoman Sultan?,history,0.6,0.24,-0.4854,-2.4884,0.5793,0.2621,1.3105,1.4726,0.1102,0
In what year did the Spanish-American War take place?,history,0.3833,0.2225,-0.8239,-2.497,0.8161,0.5473,1.3151,1.5157,-0.0218,1
In what year did the United States complete the Louisiana Purchase?,history,1.0,0.0,-0.2193,-0.3868,0.0956,0.0008,1.3249,1.5632,0.0504,0
In what year was Malcolm X assassinated?,history,1.0,0.0,-0.2202,-0.3993,0.0994,0.0003,1.3276,1.5571,-0.0091,0
What is the capital of Tonga?,geography,0.3167,0.1581,-1.056,-2.3486,0.7462,0.4423,1.3123,1.4973,0.1092,0
What is 62 percent of 450?,math,0.3667,0.21,-0.7989,-2.4984,0.7673,0.4483,1.2947,1.5026,0.0391,0
In what year did Hadrian become Roman Emperor?,history,0.6,0.24,-0.4571,-2.4302,0.5474,0.228,1.3355,1.5628,-0.0613,0
What is 45 multiplied by 65?,math,1.0,0.0,-0.2379,-0.3991,0.1116,0.0026,1.3166,1.4863,0.0454,0
What is the term for the windpipe in humans?,science,0.3667,0.21,-0.7883,-2.3744,0.7841,0.5106,1.2808,1.5113,0.0033,0
What is the Cauchy-Schwarz inequality?,math,0.6,0.24,-0.4789,-2.4115,0.5965,0.2943,1.2838,1.5173,-0.1524,1
What is the atomic number of tennessine?,science,0.3167,0.1581,-1.0055,-2.499,0.7828,0.4633,1.3231,1.5246,-0.1057,1
In what year did Robert Peel become Prime Minister of the United Kingdom?,history,1.0,0.0,-0.2274,-0.3953,0.1028,0.0004,1.311,1.5661,0.0481,0
"What was Jim Crow, the system established in the American South after Reconstruction?",history,0.3833,0.2225,-0.8189,-2.4238,0.7766,0.5261,1.3191,1.5075,-0.0809,1
What is the capital of France?,geography,0.3833,0.2225,-0.8594,-2.2995,0.8057,0.5587,1.3154,1.4949,0.0245,0
In what year did Septimius Severus become Roman Emperor?,history,0.3667,0.21,-0.8311,-2.449,0.8381,0.5682,1.3237,1.5324,-0.037,0
Who was the 42nd President of the United States?,history,0.3167,0.1581,-1.1542,-2.4331,0.8527,0.5913,1.3211,1.5343,0.2624,1
What is the chemical formula for propane?,science,0.4333,0.1289,-1.2824,-2.4107,0.6933,0.3086,1.3079,1.5082,-0.0682,1
What is the term for the bending of a wave as it passes an obstacle or through an opening?,science,0.6,0.24,-0.4805,-2.3043,0.5795,0.2769,1.3207,1.4849,-0.0552,0
What organelle is responsible for photosynthesis?,science,0.6,0.24,-0.4968,-2.4137,0.5988,0.2958,1.3505,1.5491,-0.0685,0
Could you cite the experiment where CRISPR was used to insert functional photoreceptors into human auditory hair cells enabling sound-to-light transduction?,fake-citations,0.7,0.0044,-1.5896,-2.4931,0.5326,0.0087,1.3539,1.5353,-0.1518,1
What is the chemical formula for nitric oxide?,science,0.6,0.24,-0.5046,-2.261,0.6156,0.3351,1.3227,1.4695,-0.1414,0
What is the term for the transfer of heat through direct contact between particles?,science,0.6,0.24,-0.5035,-2.4897,0.6681,0.3767,1.3266,1.5164,0.0337,1
What is 20 multiplied by 79?,math,0.3,0.1433,-1.0913,-2.4787,0.808,0.522,1.3259,1.527,-0.0311,1
What is the chemical symbol for francium?,science,0.6,0.24,-0.4228,-1.7807,0.4482,0.1731,1.2938,1.4973,0.0975,1
What was the Trail of Tears?,history,0.3833,0.2225,-0.7922,-2.4175,0.7711,0.4885,1.2834,1.5482,-0.1434,0
In what year did Kenya gain independence?,history,0.3667,0.21,-0.8189,-2.4968,0.8359,0.5712,1.3259,1.5068,-0.1432,1
In what year did the Cultural Revolution begin in China?,history,1.0,0.0,-0.2108,-0.3952,0.1138,0.0004,1.3146,1.4823,0.0111,0
What is the chemical formula for nitrogen dioxide?,science,0.6,0.24,-0.4731,-2.3024,0.5796,0.2771,1.3292,1.5588,-0.1526,0
In what year did John Major become Prime Minister of the United Kingdom?,history,0.6,0.24,-0.5064,-2.4887,0.6491,0.3424,1.3249,1.4961,-0.0444,0
In what year was the Battle of Moscow?,history,0.6,0.24,-0.5211,-2.4345,0.6163,0.3159,1.3174,1.5748,0.0233,0
In what year did the Second Opium War end?,history,0.3667,0.21,-0.7971,-2.4679,0.7877,0.5177,1.3235,1.5115,-0.1056,1
What is 53 squared?,math,0.6,0.24,-0.5323,-2.4375,0.6444,0.3498,1.3212,1.5107,-0.0272,0
What is 25 cubed?,math,0.6,0.24,-0.5162,-2.2034,0.6193,0.3196,1.3158,1.5191,-0.0884,1
What is the chemical symbol for curium?,science,1.0,0.0,-0.213,-0.399,0.0925,0.001,1.3189,1.5434,-0.0199,0
Which Israeli Prime Minister signed the Camp David Accords in 1978?,history,0.6,0.24,-0.5456,-2.4963,0.6402,0.3441,1.3316,1.5279,-0.0875,1
Is 15 a prime number?,math,0.3167,0.1581,-1.0773,-2.4864,0.812,0.5086,1.3323,1.5216,-0.0292,0
In what year was the Battle of Borodino?,history,0.6,0.24,-0.5594,-2.4977,0.7392,0.4866,1.3069,1.5372,0.1019,1
In what year did James Callaghan become Prime Minister of the United Kingdom?,history,0.6,0.24,-0.4278,-2.1189,0.4451,0.1632,1.3186,1.5266,0.0689,0
What is the chemical symbol for titanium?,science,0.3833,0.2225,-0.7885,-2.3897,0.7829,0.5094,1.3339,1.5215,-0.1035,0
What is the term for a reaction that proceeds without continuous external energy input?,science,1.0,0.0,-0.2201,-0.3961,0.1042,0.0014,1.3061,1.5248,0.0048,0
What is the state of matter of gold at room temperature?,science,1.0,0.0,-0.205,-0.3918,0.103,0.0003,1.332,1.4859,0.0532,0
What is the square root of 625?,math,0.3667,0.21,-0.7585,-2.2549,0.7179,0.4535,1.311,1.5314,-0.06,1
What is the exterior angle of a regular nonagon in degrees?,math,0.6,0.24,-0.5427,-2.4532,0.7049,0.4451,1.3221,1.5188,0.0558,0
In what year was the English East India Company founded?,history,1.0,0.0,-0.235,-0.3991,0.1048,0.0007,1.2939,1.472,0.0035,0
What is 18 multiplied by 19?,math,0.3667,0.21,-0.799,-2.4595,0.7754,0.5128,1.3091,1.5477,-0.0185,0
What is 74 multiplied by 72?,math,0.3167,0.1581,-1.1039,-2.4142,0.8151,0.4934,1.299,1.5027,-0.094,1
What is the sum of interior angles of a dodecagon in degrees?,math,0.3833,0.2225,-0.8123,-2.2388,0.7751,0.5519,1.323,1.5225,0.0767,0
What is 20 multiplied by 15?,math,0.3667,0.21,-0.7769,-2.4394,0.7449,0.4314,1.3236,1.5236,-0.0995,1
What is the cardinality of the continuum?,math,1.0,0.0,-0.2321,-0.3995,0.098,0.0018,1.3477,1.549,-0.0072,0
What is the exterior angle of a regular heptagon in degrees?,math,0.3833,0.2225,-0.8326,-2.4866,0.8045,0.5141,1.329,1.5161,-0.1074,0
In what year did Egypt gain independence?,history,0.4167,0.1181,-1.3237,-2.4935,0.7236,0.3256,1.3221,1.5207,-0.0538,1
What is 23 to the power of 2?,math,0.6,0.24,-0.5538,-2.4831,0.6822,0.4221,1.305,1.5144,0.1608,0
What is the volume of a cylinder with radius 3 and height 5 in terms of pi?,math,0.6,0.24,-0.5791,-2.4261,0.7337,0.491,1.3475,1.5248,0.0182,0
Who was the 8th President of the United States?,history,1.0,0.0,-0.2133,-0.3918,0.1071,0.0013,1.3053,1.4906,-0.0577,0
Is 131 a prime number?,math,1.0,0.0,-0.2313,-0.3993,0.0974,0.0005,1.3095,1.4997,-0.046,0
What SI prefix means one billionth?,science,0.6,0.24,-0.5245,-2.4028,0.6642,0.3944,1.3307,1.4991,0.1205,0
What is the most abundant element in the universe?,science,0.3667,0.21,-0.8123,-2.4683,0.7511,0.4926,1.3027,1.5348,-0.0935,0
What is 24 multiplied by 18?,math,0.3833,0.2225,-0.8511,-2.4251,0.8175,0.5803,1.332,1.473,0.0893,1
What is the chemical formula for iron(II) sulfate?,science,0.6,0.24,-0.4732,-1.8395,0.5349,0.2574,1.3376,1.5144,-0.0453,0
What is the number of permutations of 8 things taken 3 at a time?,math,0.6,0.24,-0.5294,-2.3925,0.6571,0.359,1.3253,1.5601,-0.0821,1
What is the term for the phenomenon where light separates into its component colours?,science,0.6,0.24,-0.4538,-1.9224,0.4908,0.2033,1.3332,1.5003,0.0743,0
In what year did the Fourth Crusade sack Constantinople?,history,1.0,0.0,-0.2201,-0.3853,0.0977,0.0006,1.3142,1.5537,0.0263,0
Who was the first female Prime Minister of Pakistan?,history,1.0,0.0,-0.2348,-0.3986,0.0964,0.0004,1.3102,1.4869,-0.0807,0
What is the SI unit of length?,science,0.45,0.1392,-1.367,-2.486,0.7273,0.3432,1.3339,1.5256,-0.2539,0
What is 27 cubed?,math,0.3833,0.2225,-0.8382,-2.3631,0.8437,0.608,1.328,1.4896,0.0185,0
What is the capital of Philippines?,geography,1.0,0.0,-0.1857,-0.391,0.086,0.0006,1.3334,1.5575,-0.0356,0
What is a partial derivative?,math,0.3667,0.21,-0.8808,-2.4899,0.8793,0.6655,1.325,1.4646,0.0894,0
What is the capital of Uzbekistan?,geography,0.6,0.24,-0.5207,-2.3383,0.6457,0.3726,1.3307,1.5296,-0.1017,0
Please cite the experiment where magnetic fields were used to directly reprogram somatic cells into any cell type without transcription factors?,fake-citations,0.7167,0.0058,-1.6124,-2.4788,0.5146,0.0171,1.3302,1.5191,-0.1555,1
Who developed the first vaccine?,science,0.3667,0.21,-0.7248,-2.251,0.6893,0.3646,1.3336,1.5111,-0.1756,0
Who discovered oxygen?,science,0.3667,0.21,-0.8073,-2.4761,0.7785,0.5021,1.3328,1.5475,-0.1178,0
In what year did Henry II become Holy Roman Emperor?,history,0.6,0.24,-0.4688,-2.0845,0.54,0.2501,1.3282,1.5225,-0.0494,0
What organelle is responsible for breaking down cellular waste?,science,0.3167,0.1581,-1.1023,-2.482,0.8208,0.499,1.3496,1.507,0.0986,1
Who invented the transistor?,science,0.6,0.24,-0.5707,-2.3297,0.68,0.4275,1.3296,1.4907,0.134,0
In what year was Indira Gandhi assassinated?,history,0.3167,0.1581,-1.0674,-2.474,0.8025,0.461,1.3249,1.4782,-0.0399,0
What is 58 multiplied by 31?,math,0.3167,0.1581,-1.0595,-2.4995,0.7905,0.4906,1.3337,1.5316,0.0684,1
Is 61 a prime number?,math,0.6,0.24,-0.5773,-2.4252,0.6973,0.4138,1.3202,1.5236,0.0943,0
What is the capital of Georgia?,geography,0.3167,0.1581,-1.0656,-2.4303,0.7783,0.4516,1.3103,1.4945,0.2905,1
What is 93 squared?,math,0.3167,0.1581,-1.0221,-2.4975,0.7656,0.4185,1.3438,1.5146,-0.3285,0
What is the exterior angle of a regular hendecagon in degrees?,math,0.4167,0.1181,-1.4634,-2.4951,0.779,0.4156,1.3125,1.5426,0.2911,1
In what year did Lebanon gain independence?,history,0.3667,0.21,-0.7324,-2.4033,0.7239,0.4309,1.3341,1.5151,-0.0017,0
What is the capital of Trinidad and Tobago?,geography,0.3667,0.21,-0.7475,-2.3949,0.7096,0.3916,1.3155,1.5029,-0.1007,0
In what year did Lyndon B Johnson become President of the United States?,history,0.3667,0.21,-0.8106,-2.4513,0.7492,0.4539,1.3388,1.5295,0.0866,1
Who was the 19th President of the United States?,history,0.3167,0.1581,-1.0494,-2.4883,0.7839,0.4972,1.3055,1.5118,0.0061,1
What is the capital of Cuba?,geography,0.3667,0.21,-0.8546,-2.4615,0.8574,0.6021,1.3382,1.5635,0.135,0
What is the formula for compound interest?,math,1.0,0.0,-0.2391,-0.3997,0.106,0.0004,1.3334,1.5548,-0.0493,0
What is the square root of 3481?,math,0.3667,0.21,-0.7694,-2.3001,0.7574,0.46,1.3293,1.5564,-0.0325,0
In what year did Finland gain independence?,history,0.6,0.24,-0.5466,-2.4893,0.6769,0.417,1.3288,1.5024,-0.0534,0
Who was the first Prime Minister of New Zealand?,history,0.3667,0.21,-0.872,-2.4624,0.8809,0.6776,1.3206,1.5008,-0.1555,0
"Is tungsten classified as a metal, nonmetal, or metalloid?",science,0.6,0.24,-0.4815,-2.421,0.5876,0.2826,1.3148,1.5279,0.1026,0
What is the chemical formula for magnesium oxide?,science,0.6,0.24,-0.4701,-2.3538,0.5305,0.2212,1.2935,1.4824,-0.0938,0
What is the largest country in Africa by area?,geography,0.6,0.24,-0.5091,-2.2533,0.6123,0.3154,1.3348,1.5571,-0.0306,0
In what year did the Seven Years War end?,history,1.0,0.0,-0.2227,-0.3981,0.0975,0.0002,1.3015,1.5145,-0.0074,0
"What is the jelly-like substance inside a cell, excluding the nucleus, called?",science,0.3667,0.21,-0.7591,-2.3976,0.6671,0.3726,1.3471,1.4995,0.011,0
Who was the first President of Peru?,history,0.3833,0.2225,-0.7903,-2.4525,0.7732,0.481,1.3288,1.5264,0.2087,0
In what year did Louis XV become ruler of France?,history,0.6,0.24,-0.4913,-2.4709,0.5723,0.2673,1.3131,1.5076,0.0132,0
What is the capital of Barbados?,geography,1.0,0.0,-0.2166,-0.3922,0.1028,0.0008,1.3104,1.4843,-0.0174,0
Who discovered the electron?,science,0.3667,0.21,-0.8759,-2.4714,0.8165,0.587,1.3195,1.4987,0.1329,0
Can you find a reference for the clinical trial demonstrating complete spinal cord regeneration using sound frequencies?,fake-citations,0.6833,0.0025,-1.5136,-2.3417,0.4652,0.0158,1.3177,1.558,-0.0412,1
"Is curium classified as a metal, nonmetal, or metalloid?",science,0.3667,0.21,-0.7648,-2.4962,0.7486,0.46,1.332,1.5627,0.0516,0
What is the central limit theorem?,math,0.3,0.1433,-1.0307,-2.4967,0.7768,0.4526,1.3126,1.5064,-0.1251,1
In what year did Einstein publish his theory of general relativity?,science,0.625,0.2109,-0.482,-2.1983,0.5565,0.2475,1.3226,1.4866,-0.1637,0
What is 46 squared?,math,0.3833,0.2225,-0.7361,-2.4634,0.71,0.3856,1.3331,1.5054,-0.0901,0
In what year did the Spanish Armada sail against England?,history,0.3833,0.2225,-0.8192,-2.3906,0.8065,0.5465,1.3104,1.4965,-0.181,1
Who invented the telephone?,history,0.6,0.24,-0.5803,-2.4786,0.726,0.4727,1.3241,1.5397,0.005,0
In what year did George VI become monarch of England or Britain?,history,0.3667,0.21,-0.8666,-2.37,0.8293,0.5883,1.3195,1.5072,0.0807,0
In what year was the Battle of Rocroi?,history,0.6,0.24,-0.4957,-2.4276,0.6194,0.33,1.2929,1.4861,-0.1485,0
What is 33 cubed?,math,0.6,0.24,-0.5462,-2.4235,0.6401,0.3389,1.3376,1.5182,0.0035,1
What is the chemical symbol for rutherfordium?,science,0.3667,0.21,-0.7824,-2.2947,0.7465,0.4669,1.3165,1.5222,-0.0005,0
In what year did the War of 1812 begin?,history,0.3833,0.2225,-0.77,-2.434,0.7591,0.4824,1.3316,1.5184,-0.0352,1
In what year was the Songhai Empire at its height established?,history,1.0,0.0,-0.2114,-0.3713,0.0891,0.0007,1.3068,1.451,-0.0246,0
In what year did John Adams become President of the United States?,history,1.0,0.0,-0.2192,-0.3911,0.0918,0.0009,1.3373,1.5126,-0.0276,0
In what year did the Boxer Rebellion begin?,history,0.3167,0.1581,-1.0782,-2.4697,0.8367,0.5085,1.3141,1.521,-0.3022,0
What is the term for the fluid part of blood that remains after cells are removed?,science,0.3833,0.2225,-0.7234,-2.4043,0.7199,0.4118,1.3264,1.4526,0.1918,0
In what year did the First Italian War of Independence occur?,history,0.6,0.24,-0.4893,-2.4966,0.6489,0.3414,1.3135,1.503,-0.1019,0
What is Goldbach's conjecture?,math,0.3667,0.21,-0.8082,-2.4277,0.8016,0.5136,1.3405,1.5476,-0.0614,0
What is the 1st Fibonacci number?,math,0.3833,0.2225,-0.7827,-2.3711,0.6942,0.4153,1.3295,1.5671,-0.0266,0
What is the name of the muscular organ that pumps blood through the body?,science,0.3833,0.2225,-0.732,-2.4745,0.7011,0.3968,1.317,1.5012,0.0544,0
What is the prime factorisation of 150?,math,0.3167,0.1581,-1.0328,-2.4831,0.8057,0.4687,1.3247,1.5151,-0.2099,1
What is 2016 divided by 32?,math,0.3667,0.21,-0.7677,-2.4434,0.7565,0.4579,1.326,1.5397,0.0602,0
In what year did Albert I become monarch of Belgium?,history,0.3167,0.1581,-1.0328,-2.4891,0.7661,0.4381,1.327,1.5109,0.1436,0
What is the basic physical unit of heredity called?,science,0.3667,0.21,-0.8087,-2.4942,0.7482,0.4552,1.3357,1.4814,0.0172,0
What is 37 cubed?,math,0.3667,0.21,-0.6771,-2.3413,0.6835,0.3765,1.3288,1.509,0.0526,1
What was the significance of the Mau Mau Uprising in Kenya during the 1950s?,history,1.0,0.0,-0.2245,-0.3966,0.1128,0.0005,1.3126,1.4923,-0.0947,0
What is 51 squared?,math,0.3833,0.2225,-0.8164,-2.4989,0.7986,0.5308,1.3347,1.467,-0.098,0
What is the square root of 2401?,math,0.4167,0.1181,-1.3584,-2.4972,0.7158,0.3162,1.3216,1.536,-0.1555,1
What is the value of cos 180 degrees?,math,0.6,0.24,-0.5153,-2.1294,0.6015,0.3167,1.3295,1.4668,-0.0256,1
What is the capital of Angola?,geography,0.6,0.24,-0.5512,-2.4947,0.7112,0.4286,1.3097,1.4744,0.1387,0
What is the 3rd Fibonacci number?,math,0.6,0.24,-0.547,-2.4932,0.7137,0.4402,1.3076,1.4883,-0.0039,1
What is the chemical formula for copper nitrate?,science,1.0,0.0,-0.2195,-0.3984,0.0846,0.0003,1.3097,1.5181,0.0249,0
What is the atomic number of tin?,science,1.0,0.0,-0.2158,-0.398,0.1052,0.0002,1.3419,1.5689,0.0865,0
Who led the Spanish conquest of the Inca Empire?,history,0.3667,0.21,-0.7244,-2.1255,0.6906,0.3909,1.3281,1.5401,0.0193,0
In what year did Diocletian become Roman Emperor?,history,0.3167,0.1581,-1.0045,-2.4815,0.7569,0.4155,1.3245,1.5289,-0.1518,1
What is 21 squared?,math,0.3667,0.21,-0.7666,-2.4061,0.7331,0.4396,1.3112,1.5442,0.2076,0
What is the chemical formula for potassium nitrate?,science,0.6,0.24,-0.4801,-2.346,0.5873,0.2924,1.3425,1.5488,0.0966,0
Can you provide a citation for the discovery that certain fungi produce topological insulators as structural components of their cell walls?,fake-citations,0.6833,0.0025,-1.6645,-2.489,0.5064,0.0123,1.3076,1.4485,0.0292,1
In what year did Nero become Roman Emperor?,history,1.0,0.0,-0.2373,-0.3943,0.1057,0.0016,1.3249,1.53,-0.0156,0
What is the chemical symbol for actinium?,science,0.3667,0.21,-0.6923,-2.2451,0.6382,0.3318,1.3321,1.5455,-0.0608,0
Who was the first female Prime Minister of the United Kingdom?,history,0.3167,0.1581,-1.1164,-2.4983,0.8171,0.511,1.343,1.4831,0.0425,1
What is the chemical symbol for meitnerium?,science,0.6,0.24,-0.5329,-2.4729,0.6495,0.3649,1.3222,1.5622,0.001,0
What is the deepest lake in Africa?,geography,0.6,0.24,-0.521,-2.4531,0.6268,0.3363,1.3327,1.5385,-0.126,0
What is 5 to the power of 4?,math,0.6,0.24,-0.5091,-2.4582,0.641,0.3092,1.3303,1.4829,-0.139,0
What is 35 cubed?,math,0.3167,0.1581,-1.0533,-2.4963,0.8149,0.4928,1.3192,1.5399,0.0571,1
Who was King of Macedon and conquered the Persian Empire?,history,0.3667,0.21,-0.7481,-2.3473,0.7537,0.4537,1.3261,1.505,-0.1229,1
What is the least common multiple of 6 and 8?,math,0.3167,0.1581,-1.0868,-2.4886,0.8154,0.5175,1.3333,1.5475,0.035,0
What is the term for the state in which the forward and reverse reaction rates of a reversible reaction are equal?,science,0.6,0.24,-0.5668,-2.4616,0.7579,0.5289,1.3251,1.5239,-0.101,1
In what year was Portugal's Carnation Revolution?,history,0.6,0.24,-0.5052,-2.262,0.6026,0.3084,1.3157,1.4826,0.0157,0
What is the cube root of 2197?,math,0.3833,0.2225,-0.8472,-2.4786,0.8148,0.5346,1.3423,1.4866,0.1283,1
"Is manganese classified as a metal, nonmetal, or metalloid?",science,0.6,0.24,-0.4979,-2.4767,0.5732,0.2566,1.3432,1.5272,-0.0724,0
What is 1242 divided by 46?,math,0.45,0.1392,-1.3967,-2.4474,0.7173,0.3738,1.3176,1.5078,0.064,0
What is the name of the two-step nucleophilic substitution mechanism that proceeds via a carbocation intermediate?,science,0.6,0.24,-0.5431,-2.2613,0.6319,0.343,1.3044,1.4877,0.0996,0
What was the Enabling Act of 1933 in Germany?,history,1.0,0.0,-0.1894,-0.3615,0.0946,0.001,1.3429,1.5399,-0.0589,0
Please cite the research showing that water molecules retain structural memory of dissolved substances after complete dilution?,fake-citations,0.6833,0.0025,-1.6734,-2.4737,0.4724,0.0493,1.3193,1.5481,-0.0612,1
Could you reference the research demonstrating that human keratinocytes contain biological antennas tuned to terahertz electromagnetic radiation?,fake-citations,0.7333,0.0067,-1.6272,-2.4202,0.5103,0.0114,1.334,1.5138,0.0452,1
What is 15 percent of 480?,math,0.6,0.24,-0.5192,-2.486,0.6295,0.3256,1.3312,1.5345,-0.0418,0
What was primogeniture in medieval and early modern inheritance law?,history,1.0,0.0,-0.2427,-0.3988,0.1082,0.0014,1.3305,1.5445,-0.0775,0
What is the boiling point of water in Celsius?,science,0.3167,0.1581,-1.0585,-2.4983,0.7868,0.4647,1.3286,1.5224,0.0811,0
In what year did Iraq gain independence?,history,0.3667,0.21,-0.7829,-2.4686,0.7759,0.4901,1.3281,1.5135,0.0385,0
What is the atomic number of yttrium?,science,0.6,0.24,-0.5338,-2.3597,0.6339,0.3508,1.3308,1.5099,0.0149,0
What is the capital of Honduras?,geography,0.6,0.24,-0.4869,-2.1966,0.6074,0.3077,1.326,1.547,-0.1542,0
What is the capital of Eritrea?,geography,0.3667,0.21,-0.845,-2.4916,0.8177,0.5528,1.3218,1.4739,-0.0559,1
In what year did Mahmud II become Ottoman Sultan?,history,0.6,0.24,-0.4688,-2.1009,0.5276,0.2257,1.3275,1.5397,-0.1406,0
What is 10 to the power of 6?,math,0.6,0.24,-0.5404,-2.4819,0.6872,0.3965,1.3027,1.4754,-0.1528,0
What is the formula for the gradient of a line?,math,0.6,0.24,-0.5375,-2.3897,0.662,0.3785,1.2867,1.5069,0.0566,0
What is the atomic number of bohrium?,science,0.3667,0.21,-0.8002,-2.4979,0.8201,0.5268,1.3386,1.5068,-0.0749,1
In what year did Syria gain independence?,history,0.3667,0.21,-0.763,-2.4695,0.7596,0.4681,1.3064,1.4448,0.1553,1
What is the chemical symbol for chromium?,science,0.6,0.24,-0.5113,-2.381,0.6405,0.3385,1.3431,1.504,0.1162,1
What is the atomic number of scandium?,science,1.0,0.0,-0.2407,-0.3915,0.0965,0.0009,1.3232,1.5286,0.029,0
What is the sum of proper divisors of 8?,math,0.3667,0.21,-0.7545,-2.2517,0.7185,0.4223,1.3245,1.4953,-0.0358,0
What is the interior angle of a regular decagon in degrees?,math,0.3167,0.1581,-1.0875,-2.4633,0.7684,0.4763,1.3172,1.4884,0.0694,1
Which country has the longest coastline?,geography,0.3667,0.21,-0.6943,-2.3199,0.6393,0.3098,1.3282,1.5089,-0.1713,1
What is 12 multiplied by 31?,math,0.6,0.24,-0.5168,-2.1375,0.6883,0.4317,1.336,1.5307,0.0881,0
What is the chemical formula for calcium chloride?,science,0.3667,0.21,-0.7592,-2.472,0.7723,0.4748,1.3142,1.499,0.0075,0
What is 26 multiplied by 57?,math,0.6,0.24,-0.4609,-2.3346,0.5784,0.2685,1.3381,1.4912,0.1027,0
What is 39 cubed?,math,1.0,0.0,-0.2614,-0.3992,0.0911,0.0002,1.3332,1.5015,-0.0019,0
What is the state of matter of lanthanum at room temperature?,science,0.3167,0.1581,-1.1085,-2.4592,0.841,0.5692,1.3281,1.472,0.0789,1
Could you find a reference for the study showing that the Krebs cycle operates as a quantum computer in hyperthermophilic archaea?,fake-citations,0.6833,0.0025,-1.5381,-2.4437,0.5157,0.0392,1.3257,1.5506,0.1514,1
What is the capital of Fiji?,geography,0.6,0.24,-0.4945,-2.4831,0.5912,0.3015,1.2827,1.4406,0.1036,0
What is the capital of Cape Verde?,geography,0.3667,0.21,-0.8384,-2.4875,0.8236,0.5801,1.3102,1.5107,0.0451,0
What is the interior angle of a regular dodecagon in degrees?,math,0.3667,0.21,-0.7404,-2.4341,0.7276,0.4264,1.3039,1.4886,-0.0209,1
What is the approximate whole-number atomic mass of krypton?,science,0.3833,0.2225,-0.7791,-2.312,0.7723,0.4949,1.3034,1.4971,0.2009,1
What is Cantors theorem about?,math,0.3833,0.2225,-0.8403,-2.4885,0.8479,0.5982,1.3289,1.5428,0.2931,1
Please provide a reference for the paper showing that engineered yeast can produce room temperature plasma as a byproduct of modified fermentation?,fake-citations,0.7167,0.0058,-1.6122,-2.4475,0.454,0.0073,1.3378,1.4897,0.0663,1
"Is silver classified as a metal, nonmetal, or metalloid?",science,0.3167,0.1581,-1.0153,-2.1934,0.7248,0.4154,1.3206,1.4659,0.0929,0
What is 24 cubed?,math,0.6,0.24,-0.5308,-2.4759,0.6678,0.389,1.3308,1.5032,-0.1246,0
What is the state of matter of thulium at room temperature?,science,1.0,0.0,-0.2468,-0.3932,0.0977,0.0002,1.3288,1.5037,-0.0554,0
What is 2 percent of 150?,math,1.0,0.0,-0.2453,-0.3945,0.1016,0.0002,1.3111,1.523,0.0126,0
Can you find a reference for the study showing that bee colonies collectively exhibit properties of a Bose-Einstein condensate?,fake-citations,0.6833,0.0025,-1.6644,-2.4939,0.4904,0.0051,1.3073,1.4724,0.0221,1
What is 18 multiplied by 12?,math,1.0,0.0,-0.2277,-0.3726,0.1036,0.0024,1.322,1.5476,0.031,0
What was the significance of Brown v Board of Education in 1954?,history,0.3667,0.21,-0.7739,-2.2942,0.6842,0.4067,1.3429,1.5395,0.0182,0
What is the term for the SI base unit used to measure electric resistance named after a German physicist?,science,1.0,0.0,-0.224,-0.3868,0.1022,0.0012,1.324,1.496,0.0122,0
What is the 2nd Fibonacci number?,math,0.6,0.24,-0.5422,-2.4489,0.6337,0.3449,1.3221,1.4933,0.1937,1
What is the chemical symbol for sodium?,science,0.6,0.24,-0.4547,-2.391,0.6,0.288,1.3329,1.4696,0.0662,0
What was the Voting Rights Act of 1965 designed to address?,history,0.6,0.24,-0.4876,-2.3632,0.5731,0.2843,1.3379,1.4893,0.0243,0
In what year did Stanley Baldwin become Prime Minister of the United Kingdom?,history,0.6,0.24,-0.5203,-2.3722,0.5793,0.2638,1.3005,1.5359,-0.2095,0
What was the Great Leap Forward in China under Mao Zedong?,history,0.3667,0.21,-0.7978,-2.4006,0.7902,0.5007,1.34,1.5196,-0.1035,1
What is the name of the sensory organ responsible for balance located in the inner ear?,science,0.6,0.24,-0.5119,-2.0439,0.6001,0.317,1.3173,1.4784,-0.0503,0
What is 71 squared?,math,0.6,0.24,-0.5429,-2.3352,0.6907,0.4013,1.3006,1.5396,0.1029,0
What was the feudal system's core structure based on?,history,0.35,0.115,-1.0604,-2.4803,0.7886,0.4503,1.3052,1.4811,0.1753,1
What is 23 squared?,math,0.6,0.24,-0.4754,-2.2597,0.5701,0.2769,1.3225,1.4925,0.1212,0
What is the atomic number of copernicium?,science,0.3667,0.21,-0.8035,-2.3761,0.7754,0.4918,1.3182,1.5492,-0.1119,0
What is the capital of Lebanon?,geography,0.3,0.1433,-1.1244,-2.3934,0.8067,0.5446,1.3368,1.5351,0.0002,1
What is 37 to the power of 2?,math,0.3167,0.1581,-1.0612,-2.4704,0.8044,0.4921,1.3276,1.5343,0.1434,0
"Is ytterbium classified as a metal, nonmetal, or metalloid?",science,0.6,0.24,-0.477,-1.9903,0.5242,0.2315,1.3239,1.4877,-0.0301,0
"Is carbon classified as a metal, nonmetal, or metalloid?",science,0.3667,0.21,-0.7782,-2.4745,0.7611,0.4575,1.3211,1.5337,-0.1025,1
In what year did Edward III become monarch of England or Britain?,history,0.6,0.24,-0.5141,-2.0642,0.5891,0.3165,1.3329,1.53,-0.0719,0
What is 80 percent of 25?,math,1.0,0.0,-0.2125,-0.3892,0.1066,0.0006,1.3243,1.4849,-0.1,0
In what year was Yitzhak Rabin assassinated?,history,0.3667,0.21,-0.7984,-2.4702,0.7724,0.4842,1.3164,1.4787,-0.0287,0
Can you provide a citation for the discovery that certain archaea produce exotic matter with negative mass as a metabolic byproduct?,fake-citations,0.7,0.0044,-1.5569,-2.4393,0.4504,0.0225,1.3141,1.5131,0.0748,1
In what year did Norway gain independence?,history,0.6,0.24,-0.5475,-2.4706,0.7428,0.5055,1.3307,1.5447,0.0061,0
In what year did the Russo-Turkish War of 1877 begin?,history,0.6,0.24,-0.5426,-2.4156,0.6823,0.4122,1.3146,1.5298,-0.0613,0
What is the longest river in the United States?,geography,0.3667,0.21,-0.7957,-2.2745,0.7907,0.5327,1.3129,1.5157,-0.1124,0
What is the chemical formula for sulfur dioxide?,science,0.6,0.24,-0.5099,-2.1897,0.6083,0.3221,1.3354,1.4981,-0.1145,0
What is the capital of Dominican Republic?,geography,0.3,0.1433,-1.1401,-2.44,0.8061,0.5321,1.3461,1.5412,-0.0019,0
Is 9 a prime number?,math,0.6,0.24,-0.4857,-2.3773,0.5818,0.2722,1.3125,1.4544,0.0465,0
What is 6 to the power of 3?,math,0.3167,0.1581,-1.0485,-2.4033,0.7372,0.4209,1.3131,1.5,-0.1504,0
Who was the first Prime Minister of South Africa?,history,1.0,0.0,-0.2317,-0.3953,0.0979,0.0004,1.3349,1.4936,0.0354,0
What is the square root of 1369?,math,0.3667,0.21,-0.8142,-2.3847,0.7793,0.5058,1.3437,1.5469,0.2376,1
What is the state of matter of chlorine at room temperature?,science,1.0,0.0,-0.2234,-0.398,0.1087,0.0009,1.3036,1.5479,0.0337,0
What is the common name of the ion with the formula O2^2-?,science,0.6,0.24,-0.4966,-2.4002,0.6249,0.3262,1.3294,1.5464,0.052,0
What is the state of matter of tellurium at room temperature?,science,0.3667,0.21,-0.8116,-2.3143,0.7879,0.5175,1.2982,1.5114,-0.0021,1
What is the capital of Syria?,geography,0.3167,0.1581,-1.0024,-2.4537,0.7581,0.4073,1.3173,1.4798,-0.2024,1
What is the largest gland in the human body?,science,0.3667,0.21,-0.7664,-2.2492,0.7028,0.4106,1.3467,1.5209,-0.069,1
"Is mendelevium classified as a metal, nonmetal, or metalloid?",science,0.6,0.24,-0.5051,-2.4541,0.6481,0.3466,1.2941,1.5621,0.0589,0
What is the chemical symbol for uranium?,science,0.6,0.24,-0.5414,-2.3947,0.7002,0.4555,1.3015,1.5232,-0.0717,0
What is the state of matter of tin at room temperature?,science,1.0,0.0,-0.2337,-0.3973,0.0975,0.0003,1.3513,1.5432,-0.0298,0
In what year did Beatrix become monarch of the Netherlands?,history,0.6,0.24,-0.5163,-2.2944,0.6185,0.3235,1.3489,1.5222,0.0969,0
What is the highest mountain in Antarctica?,geography,0.3667,0.21,-0.7986,-2.4778,0.7813,0.4811,1.343,1.5246,-0.1431,1
What is the atomic number of hafnium?,science,0.3667,0.21,-0.7721,-2.4247,0.6888,0.3771,1.3005,1.5429,0.0078,0
What is the chemical symbol for carbon?,science,0.6,0.24,-0.5516,-2.4616,0.6901,0.4161,1.3096,1.5069,0.0456,0
What is the chemical symbol for promethium?,science,0.6,0.24,-0.4905,-2.432,0.6138,0.3367,1.3303,1.4849,0.1013,0
Can you cite the study showing that telomere length is directly modulated by exposure to infrasonic frequencies?,fake-citations,0.7,0.0044,-1.6723,-2.4895,0.5143,0.0322,1.3161,1.5261,-0.0912,1
"In what year was the Treaty of Ghent, ending the War of 1812, signed?",history,0.6,0.24,-0.5561,-2.2957,0.6545,0.3761,1.3259,1.4907,-0.0698,0
In what year did the Greco-Persian Wars begin?,history,0.6,0.24,-0.4986,-2.4186,0.5999,0.3194,1.3103,1.487,0.0604,0
What is the square root of 4624?,math,0.3833,0.2225,-0.7709,-2.4518,0.7339,0.4326,1.2966,1.4816,0.1044,1
What is 63 multiplied by 54?,math,0.3,0.1433,-1.0083,-2.4796,0.7798,0.4913,1.3096,1.5129,0.0353,1
In what year did Mexico gain independence?,history,1.0,0.0,-0.2161,-0.3843,0.0831,0.0006,1.307,1.5308,0.0015,0
Who led the Long March in China?,history,1.0,0.0,-0.2273,-0.3947,0.1042,0.0003,1.3346,1.5316,0.0477,0
What is the chemical formula for strontium chloride?,science,0.3833,0.2225,-0.8564,-2.4239,0.7744,0.4982,1.3153,1.5139,0.0473,0
How many diagonals does a hexagon have?,math,0.6,0.24,-0.5136,-2.4451,0.6224,0.3253,1.3213,1.4798,-0.037,0
What is the capital of Nicaragua?,geography,0.6,0.24,-0.5847,-2.3727,0.7346,0.4757,1.3329,1.5229,-0.0275,0
What is the capital of Lesotho?,geography,1.0,0.0,-0.2417,-0.3897,0.1002,0.0003,1.3397,1.5084,0.0206,0
In what year did Jordan gain independence?,history,0.3833,0.2225,-0.8773,-2.4003,0.8572,0.6555,1.3277,1.4749,-0.1162,1
What is 21 percent of 350?,math,0.4167,0.1181,-1.4281,-2.4868,0.7729,0.3824,1.3242,1.5352,0.0082,1
Please cite the paper showing that coral polyps use phononic crystals to focus acoustic energy for photosynthesis enhancement?,fake-citations,0.6833,0.0025,-1.7088,-2.4874,0.4871,0.0094,1.3063,1.5484,-0.0634,1
Who was the 26th President of the United States?,history,0.6,0.24,-0.4519,-2.2417,0.518,0.2256,1.3325,1.5033,-0.0105,0
Can you cite the research identifying a direct link between human circadian clock proteins and sensitivity to variations in the fine structure constant?,fake-citations,0.6833,0.0025,-1.6984,-2.4902,0.5071,0.0408,1.3258,1.5432,0.1636,1
What is 8 cubed?,math,0.6,0.24,-0.5274,-2.3301,0.6371,0.3338,1.3276,1.5011,0.1166,0
In what year did Edward II become monarch of England or Britain?,history,0.3667,0.21,-0.7843,-2.3915,0.7645,0.4793,1.3159,1.5095,0.0291,0
What is the square root of 4225?,math,1.0,0.0,-0.2297,-0.3966,0.103,0.0012,1.3206,1.485,-0.014,0
What is the chemical symbol for iron?,science,0.6,0.24,-0.5228,-2.4267,0.623,0.3513,1.3163,1.5124,0.0205,0
What is the number of permutations of 7 things taken 2 at a time?,math,1.0,0.0,-0.2311,-0.3967,0.1034,0.0016,1.3005,1.5028,0.0325,0
What is the term for an organism's genetic makeup?,science,0.6,0.24,-0.501,-2.266,0.6397,0.3627,1.3076,1.5598,0.0828,0
What is the chemical formula for iron(II) chloride?,science,0.35,0.1858,-1.0778,-2.4242,0.7918,0.5242,1.3352,1.5035,-0.062,1
Which country has the most natural lakes?,geography,0.3667,0.21,-0.8181,-2.4278,0.8364,0.5486,1.3088,1.5094,-0.1813,0
What is 23 cubed?,math,1.0,0.0,-0.214,-0.3884,0.0997,0.0001,1.3397,1.5132,-0.0419,0
What is the chemical formula for sodium nitrate?,science,0.6,0.24,-0.4649,-2.3069,0.5224,0.2348,1.31,1.5418,-0.0563,0
"Is silicon classified as a metal, nonmetal, or metalloid?",science,0.3,0.1433,-1.0525,-2.3404,0.7807,0.4723,1.2817,1.4676,0.0419,1
Can you provide a citation for the discovery of a protein complex that converts dark energy into mechanical force in muscle fibres?,fake-citations,0.7167,0.0058,-1.6593,-2.4904,0.522,0.0109,1.3221,1.5144,-0.1731,1
What is Euclids theorem about?,math,0.3,0.1433,-1.112,-2.491,0.8059,0.5167,1.3428,1.5142,0.0068,1
What is the term for the point around which an object rotates?,science,0.3667,0.21,-0.8107,-2.3415,0.8108,0.5454,1.3355,1.5668,-0.1196,1
In what year was Tutankhamun's tomb discovered?,history,0.3167,0.1581,-1.1142,-2.486,0.8266,0.5523,1.3054,1.4694,0.0045,1
What is 12 percent of 750?,math,0.3833,0.2225,-0.7356,-2.4275,0.7035,0.3998,1.3335,1.545,0.1132,1
What is the sum of proper divisors of 30?,math,0.6,0.24,-0.4998,-2.1725,0.6023,0.3053,1.3417,1.5064,0.0701,0
"What is the bending of light around a massive object due to gravity, predicted by general relativity, called?",science,0.6381,0.1965,-0.4899,-1.9085,0.5274,0.2543,1.3122,1.5353,0.0157,0
"What connective tissue protein makes up much of skin, tendons, and bone?",science,0.6,0.24,-0.5327,-2.3985,0.6424,0.3483,1.3385,1.5143,-0.0157,0
What is the mean of 5 10 15 20 25 30?,math,1.0,0.0,-0.2247,-0.376,0.0842,0.0007,1.3174,1.4902,-0.0577,0
What is the capital of Equatorial Guinea?,geography,0.3667,0.21,-0.8559,-2.4324,0.8208,0.5758,1.3273,1.5184,-0.0246,0
What is the term for a wave that can travel through a vacuum?,science,0.35,0.1858,-1.0345,-2.4232,0.7776,0.4361,1.3171,1.4892,0.019,0
What is the approximate whole-number atomic mass of vanadium?,science,0.6,0.24,-0.5404,-2.441,0.6535,0.3558,1.3243,1.5277,-0.0073,0
What is the term for the study of birds?,science,0.3,0.1433,-1.0832,-2.4579,0.7804,0.4714,1.3441,1.5456,-0.0495,1
What is 31 multiplied by 58?,math,0.6,0.24,-0.5077,-2.4137,0.6828,0.3811,1.305,1.4816,-0.0723,0
What is the identity element of a group?,math,0.6,0.24,-0.5662,-2.4053,0.6485,0.3735,1.3252,1.5303,-0.0549,1
"Is dysprosium classified as a metal, nonmetal, or metalloid?",science,0.6,0.24,-0.4774,-2.2948,0.5973,0.2899,1.3194,1.4955,0.1077,0
Who was the British general defeated at Yorktown?,history,0.6308,0.2045,-0.501,-2.3373,0.5754,0.2807,1.351,1.5115,0.0033,0
What is the smallest country in the world by population?,geography,1.0,0.0,-0.2286,-0.3857,0.0967,0.0009,1.3268,1.5722,-0.053,0
What is the term for the attractive force between a positive ion and the delocalized electrons in a metal?,science,0.3833,0.2225,-0.9048,-2.4804,0.9156,0.7189,1.346,1.5663,-0.0919,0
What is the square root of 2704?,math,0.6,0.24,-0.5443,-2.4457,0.706,0.416,1.2903,1.5551,-0.1789,0
What is the square root of 1296?,math,0.6,0.24,-0.5464,-2.2523,0.6815,0.4203,1.3251,1.4959,-0.1029,1
What is the approximate whole-number atomic mass of silicon?,science,0.3167,0.1581,-1.1095,-2.3684,0.8339,0.5502,1.3167,1.5159,0.0138,0
In what year was the Battle of Agincourt?,history,0.6,0.24,-0.589,-2.3718,0.7146,0.4733,1.3118,1.5075,0.0152,0
What is the capital of Ethiopia?,geography,0.6,0.24,-0.5103,-2.4047,0.6381,0.3318,1.312,1.5229,-0.0432,0
In what year did Mehmed VI become Ottoman Sultan?,history,1.0,0.0,-0.2012,-0.3953,0.0967,0.0005,1.2964,1.5658,0.0417,0
What is the capital of Liberia?,geography,0.6,0.24,-0.5491,-2.2924,0.6718,0.4238,1.3004,1.4862,0.0777,0
What is the greatest common divisor of 45 and 75?,math,1.0,0.0,-0.2521,-0.3954,0.0993,0.0015,1.3066,1.546,0.0101,0
What is 864 divided by 18?,math,0.6,0.24,-0.5522,-2.4757,0.7019,0.4069,1.3261,1.4846,0.192,0
In what year did Manuel I become monarch of Portugal?,history,0.3167,0.1581,-1.1206,-2.4336,0.8019,0.5523,1.3203,1.5023,-0.0755,0
What discriminant value indicates a quadratic equation has repeated real roots?,math,0.6,0.24,-0.5021,-2.2725,0.6002,0.3013,1.3188,1.4902,-0.1562,0
What is the number of permutations of 9 things taken 4 at a time?,math,0.6,0.24,-0.5184,-2.2858,0.6568,0.3867,1.2979,1.472,0.0075,1
What is the state of matter of nitrogen at room temperature?,science,0.3667,0.21,-0.8024,-2.4802,0.7934,0.5439,1.3259,1.5375,-0.0788,0
What is the atomic number of californium?,science,0.6,0.24,-0.506,-2.4503,0.6342,0.3268,1.3326,1.5465,-0.0221,0
Does the harmonic series converge or diverge?,math,0.6,0.24,-0.4339,-2.0248,0.4973,0.2111,1.3538,1.5288,0.099,0
What is the capital of Chile?,geography,0.6,0.24,-0.533,-2.3741,0.6271,0.3349,1.329,1.5071,-0.1672,0
What is the most electronegative element?,science,0.3667,0.21,-0.8033,-2.3997,0.7923,0.5148,1.3326,1.5143,-0.061,1
Please provide a reference for the paper showing that engineered bacteria can harvest energy from vacuum fluctuations using modified ATP synthase?,fake-citations,0.7,0.0044,-1.5996,-2.496,0.5119,0.0023,1.334,1.5067,0.0971,1
In what year was the First Battle of Ypres?,history,0.3667,0.21,-0.7787,-2.4441,0.7473,0.4186,1.3083,1.5087,-0.1191,1
What is the state of matter of radon at room temperature?,science,0.6,0.24,-0.5026,-2.173,0.6219,0.3358,1.3019,1.4816,-0.1064,0
"What term describes the economic policy of accumulating wealth through trade surpluses and colonial exploitation, dominant before free trade?",history,0.3167,0.1581,-1.0019,-2.38,0.7357,0.4127,1.3111,1.5739,0.0413,1
What is the common name of the ion with the formula ClO3-?,science,0.6,0.24,-0.5058,-2.3994,0.6398,0.3491,1.3113,1.5349,0.2457,0
In what year did Robert Walpole become Prime Minister of the United Kingdom?,history,0.3667,0.21,-0.7811,-2.3934,0.7556,0.4743,1.2927,1.517,-0.0984,1
In what year did Rutherford B Hayes become President of the United States?,history,0.3667,0.21,-0.7671,-2.3291,0.749,0.4514,1.31,1.5535,0.0003,1
What is 999 divided by 27?,math,0.6,0.24,-0.4511,-2.3618,0.5289,0.2174,1.304,1.5058,-0.0286,0
What is 912 divided by 48?,math,0.3833,0.2225,-0.7715,-2.3859,0.7404,0.4494,1.358,1.4843,0.0133,0
What is the term for the outer boundary of an animal cell that controls what enters and exits?,science,0.3167,0.1581,-1.0666,-2.426,0.8185,0.4621,1.3603,1.5268,0.0692,1
What is the atomic number of silicon?,science,1.0,0.0,-0.2112,-0.3949,0.1065,0.0015,1.3531,1.568,0.0216,0
What is the process by which plants lose water vapour through their leaves called?,science,0.6,0.24,-0.5612,-2.4582,0.7116,0.4372,1.3271,1.4667,0.0657,0
What is the faint radiation left over from the early universe called?,science,0.3833,0.2225,-0.7818,-2.3667,0.7983,0.5117,1.323,1.5755,0.0509,1
Who was the first President of Liberia?,history,1.0,0.0,-0.2283,-0.3979,0.0969,0.0003,1.3277,1.5135,-0.0196,0
In what year was the Battle of Lepanto?,history,1.0,0.0,-0.2178,-0.3819,0.0993,0.0001,1.3278,1.4773,0.0664,0
How many chambers does the human heart have?,science,0.6,0.24,-0.4894,-2.2737,0.5216,0.2246,1.306,1.4975,-0.0439,0
In what year did Margaret Thatcher become Prime Minister of the United Kingdom?,history,0.6,0.24,-0.4621,-2.4552,0.6033,0.2956,1.3213,1.4967,-0.0964,0
What is the chemical formula for butane?,science,1.0,0.0,-0.2277,-0.3961,0.1042,0.0005,1.3185,1.5235,-0.0502,0
In what year was the Battle of Plataea?,history,0.6,0.24,-0.5403,-2.3746,0.696,0.418,1.3144,1.5114,0.0859,0
What is the state of matter of osmium at room temperature?,science,0.3167,0.1581,-1.0729,-2.4926,0.8324,0.504,1.3125,1.5169,-0.1481,1
What is the basis of a vector space?,math,1.0,0.0,-0.2125,-0.3928,0.0955,0.0005,1.3343,1.5424,0.0098,0
What is the sum of the first 10 natural numbers?,math,0.3167,0.1581,-1.0785,-2.4207,0.8226,0.5272,1.3079,1.5249,-0.1807,0
What is the atomic number of fermium?,science,1.0,0.0,-0.2373,-0.39,0.0896,0.0002,1.3281,1.5513,-0.0602,0
What is the atomic number of caesium?,science,0.6,0.24,-0.535,-2.443,0.7041,0.4067,1.321,1.5351,-0.106,0
"Who was King of Macedon before Alexander the Great, his father?",history,0.6,0.24,-0.4538,-2.0244,0.5256,0.2324,1.3366,1.5037,0.0354,0
"In what year, traditionally, did Egypt's New Kingdom begin?",history,0.3667,0.21,-0.7765,-2.4664,0.7482,0.4559,1.328,1.5701,0.0977,1
What is the term for an organism carrying two identical alleles for a given trait?,science,0.6,0.24,-0.5193,-2.3449,0.6313,0.3673,1.3234,1.5397,0.1095,0
In what year did Carl XVI Gustaf become monarch of Sweden?,history,0.3667,0.21,-0.7525,-2.477,0.7674,0.4964,1.3308,1.55,-0.1031,0
In what year was the Battle of Leipzig?,history,0.3667,0.21,-0.7693,-2.4366,0.7579,0.4557,1.3223,1.5114,0.19,1
In what year was the first modern Olympic Games held?,history,0.3667,0.21,-0.7529,-2.4805,0.7509,0.4144,1.3353,1.5091,0.042,0
In what year did California become a US state?,history,0.3,0.1433,-1.1014,-2.4575,0.8573,0.5498,1.3323,1.5215,-0.0407,1
In what year did Jamaica gain independence?,history,0.6,0.24,-0.5107,-2.3047,0.6209,0.322,1.3335,1.4818,-0.0236,1
What is 3 to the power of 5?,math,0.3667,0.21,-0.8217,-2.362,0.8267,0.5828,1.3044,1.4986,-0.2023,0
What is the chemical formula for magnesium nitrate?,science,0.3,0.1433,-0.9827,-2.3427,0.7257,0.4338,1.3245,1.5098,-0.0286,0
In what year did Harry S Truman become President of the United States?,history,0.6,0.24,-0.5181,-2.336,0.6586,0.3836,1.3381,1.531,-0.0236,0
What does Green's theorem relate?,math,0.3817,0.1995,-0.7726,-2.4176,0.7376,0.4316,1.3209,1.5102,-0.1979,1
What is 61 squared?,math,0.3667,0.21,-0.7911,-2.4577,0.8088,0.5213,1.2747,1.4619,-0.1086,1
What is the derivative of x to the power of 8?,math,1.0,0.0,-0.2274,-0.3799,0.0939,0.0013,1.3367,1.5262,0.0478,0
What is the chemical formula for table salt?,science,1.0,0.0,-0.2078,-0.3841,0.1047,0.0008,1.3075,1.5125,0.0328,0
What is the atomic number of neodymium?,science,0.6,0.24,-0.4834,-2.1334,0.5385,0.2399,1.3053,1.5213,0.0294,0
In what year did Leopold II become monarch of Belgium?,history,0.6,0.24,-0.5061,-2.4306,0.5852,0.2792,1.3114,1.5561,-0.0867,1
"Is phosphorus classified as a metal, nonmetal, or metalloid?",science,0.3,0.1433,-1.1575,-2.4937,0.882,0.6281,1.3588,1.5623,-0.1473,0
In what year did Chester A Arthur become President of the United States?,history,0.3833,0.2225,-0.8029,-2.4949,0.7913,0.5448,1.3405,1.5231,0.0554,0
What is the SI unit of force?,science,0.3167,0.1581,-1.0607,-2.4336,0.778,0.4753,1.3201,1.5204,-0.1225,1
"Is iodine classified as a metal, nonmetal, or metalloid?",science,0.3667,0.21,-0.7363,-2.2887,0.7054,0.4114,1.3359,1.5195,0.0788,0
What is the approximate whole-number atomic mass of magnesium?,science,1.0,0.0,-0.2275,-0.3984,0.1101,0.0005,1.3127,1.5333,-0.0527,0
What is the interior angle of a regular nonagon in degrees?,math,0.3667,0.21,-0.7891,-2.3796,0.7241,0.4246,1.3213,1.5662,0.0882,0
In what year did Frederick II become Holy Roman Emperor?,history,0.3667,0.21,-0.8114,-2.4797,0.7929,0.515,1.305,1.506,-0.0392,0
What is the sum of proper divisors of 24?,math,0.6,0.24,-0.5499,-2.4985,0.6785,0.3746,1.304,1.5211,-0.0161,0
"In what year, traditionally, did Egypt's Middle Kingdom begin?",history,0.6,0.24,-0.4845,-2.2893,0.6039,0.3049,1.3269,1.5282,0.0706,0
What is the state of matter of lutetium at room temperature?,science,0.6,0.24,-0.5362,-2.4785,0.6793,0.3972,1.3404,1.4698,0.0649,1
What is the SI unit of electrical resistance?,science,1.0,0.0,-0.2098,-0.3999,0.1045,0.0009,1.3167,1.5035,-0.0843,0
What is the capital of Namibia?,geography,0.3667,0.21,-0.7878,-2.4535,0.786,0.5181,1.3307,1.5008,-0.1201,0
In what year was the Battle of the Wilderness?,history,0.6,0.24,-0.4658,-2.4228,0.5827,0.2604,1.3187,1.5255,0.0591,0
Could you cite the experiment where synthetic RNA molecules were shown to catalyse nuclear reactions at room temperature?,fake-citations,0.7,0.0044,-1.7932,-2.4899,0.5159,0.0056,1.2993,1.5503,0.1205,1
What is 1 factorial?,math,1.0,0.0,-0.2527,-0.3928,0.0941,0.0006,1.3056,1.514,0.0175,0
In what year did apartheid officially end in South Africa?,history,0.3667,0.21,-0.8597,-2.4629,0.8298,0.5877,1.326,1.4938,0.2434,0
What is 3 to the power of 12?,math,0.4167,0.1181,-1.2659,-2.346,0.6642,0.2802,1.3402,1.5304,0.2488,1
What is the median of 10 20 20 30 40?,math,0.3667,0.21,-0.8264,-2.4037,0.7502,0.4743,1.3188,1.5351,0.2202,1
What is the chemical symbol for hafnium?,science,0.3167,0.1581,-1.1696,-2.4452,0.8574,0.5711,1.3078,1.4735,-0.1197,1
What is the term for the rate of change of velocity?,science,1.0,0.0,-0.2399,-0.3987,0.1,0.0003,1.3297,1.5122,-0.0291,0
What is the nth term formula for the sum of an arithmetic series?,math,0.3,0.1433,-0.9495,-2.376,0.6873,0.3517,1.3521,1.5368,-0.2195,1
What is the largest lake in the world by surface area?,geography,1.0,0.0,-0.2183,-0.3965,0.097,0.002,1.3295,1.5583,-0.0134,0
What is the second derivative of x to the power 4?,math,0.3667,0.21,-0.8708,-2.371,0.8492,0.6342,1.3206,1.5254,-0.0951,0
Can you cite the research identifying a direct link between human epigenetic methylation patterns and sensitivity to Schumann resonance frequencies?,fake-citations,0.7,0.0044,-1.698,-2.4974,0.503,0.0245,1.3176,1.5243,0.0825,1
Could you cite the paper showing that the appendix functions as a quantum coherence organ in primates?,fake-citations,0.7,0.0044,-1.5659,-2.4047,0.4623,0.0143,1.3413,1.5245,0.0255,1
What is the term for the force that opposes relative motion between surfaces in contact?,science,0.6,0.24,-0.4905,-2.3979,0.6254,0.3163,1.3231,1.5424,0.1593,0
"Who became Tsar of Russia in 1547, the first to hold that title?",history,0.6,0.24,-0.5176,-2.4295,0.6322,0.3399,1.3324,1.5298,-0.1045,0
In what year did Copernicus publish his heliocentric model?,science,0.6,0.24,-0.5065,-2.2858,0.5817,0.2945,1.3125,1.5102,0.0117,0
What is the capital of El Salvador?,geography,1.0,0.0,-0.2618,-0.3979,0.094,0.0005,1.3223,1.5349,-0.0084,0
What is the common name of the ion with the formula HCO3-?,science,0.6,0.24,-0.4994,-2.4231,0.5636,0.2676,1.3161,1.5125,-0.0051,1
In what year did Henry Campbell-Bannerman become Prime Minister of the United Kingdom?,history,0.4333,0.1289,-1.3865,-2.4822,0.7171,0.324,1.3423,1.533,-0.1666,0
In what year did James Monroe become President of the United States?,history,0.6,0.24,-0.5189,-2.3241,0.5991,0.3044,1.3146,1.5294,-0.1063,0
Which Egyptian President signed the Camp David Accords in 1978?,history,0.4167,0.1181,-1.4157,-2.4499,0.7476,0.3863,1.3241,1.5366,0.0242,1
What is the capital of Poland?,geography,0.6,0.24,-0.4641,-2.3889,0.5717,0.2663,1.3256,1.4945,0.0229,1
What is 28 multiplied by 27?,math,1.0,0.0,-0.2329,-0.3959,0.1047,0.0016,1.3052,1.5054,-0.0446,0
What is the chemical formula for chloroform?,science,0.3167,0.1581,-1.0037,-2.3429,0.7106,0.388,1.3302,1.5257,-0.0448,1
In what year did Qatar gain independence?,history,0.3667,0.21,-0.7804,-2.4409,0.7278,0.4502,1.2908,1.4913,0.0545,1
In what year did the First Anglo-Afghan War begin?,history,0.3667,0.21,-0.7854,-2.349,0.7509,0.4841,1.3119,1.4841,-0.06,0
What is the chemical symbol for flerovium?,science,0.35,0.1858,-1.1204,-2.4829,0.8261,0.5282,1.3476,1.561,0.1344,0
In what year did Vespasian become Roman Emperor?,history,0.4167,0.1181,-1.3779,-2.4989,0.7618,0.346,1.3262,1.5238,-0.1216,0
In what year was the Achaemenid Persian Empire founded by Cyrus the Great?,history,0.6,0.24,-0.5097,-2.3878,0.6114,0.3098,1.3275,1.4855,0.1183,0
Is 51 a prime number?,math,0.3667,0.21,-0.7782,-2.3591,0.7665,0.4996,1.3089,1.4922,-0.0417,0
Is 89 a prime number?,math,1.0,0.0,-0.223,-0.3684,0.102,0.0003,1.3177,1.5026,0.0204,0
"In what year was the Battle of Plassey, establishing British control in Bengal?",history,0.3667,0.21,-0.8094,-2.4692,0.7595,0.4755,1.334,1.5339,0.1442,0
In what year did Winston Churchill become Prime Minister of the United Kingdom?,history,0.6,0.24,-0.5077,-2.2212,0.6322,0.3367,1.3369,1.5222,0.1368,0
What is 82 squared?,math,0.6,0.24,-0.529,-2.2221,0.6344,0.3569,1.3,1.4789,0.0975,0
In what year did Bosnia and Herzegovina declare or gain independence?,history,0.6,0.24,-0.5377,-2.1892,0.6367,0.3631,1.3066,1.5126,0.0146,0
What is the greatest common divisor of 40 and 64?,math,0.3,0.1433,-1.1785,-2.4799,0.8991,0.6515,1.3338,1.5187,-0.0991,1
What is the chemical symbol for dysprosium?,science,0.6,0.24,-0.4751,-2.2346,0.5437,0.2429,1.3118,1.4874,-0.0433,0
In what year did Ahmed I become Ottoman Sultan?,history,1.0,0.0,-0.2258,-0.3944,0.1117,0.0004,1.31,1.4918,0.0226,0
What is the chemical symbol for argon?,science,0.3667,0.21,-0.6973,-2.0908,0.616,0.3252,1.2947,1.5031,0.0023,0
What is the term for the splitting of an atomic nucleus?,science,0.6,0.24,-0.518,-2.4639,0.7079,0.4238,1.3091,1.4934,-0.0495,0
In what year did Albert II become monarch of Belgium?,history,0.3667,0.21,-0.8249,-2.3491,0.8287,0.5825,1.3118,1.5484,-0.1452,0
What is the square root of 2304?,math,0.6,0.24,-0.4977,-2.4518,0.6587,0.3389,1.3209,1.534,0.0322,1
What unit is used to measure electrode potential?,science,0.6,0.24,-0.5068,-2.2014,0.5772,0.2813,1.3114,1.4911,-0.0587,0
In what year did Harold Wilson become Prime Minister of the United Kingdom?,history,0.6,0.24,-0.5939,-2.4766,0.7472,0.5181,1.3132,1.5102,0.009,1
Who built the Taj Mahal?,history,0.6,0.24,-0.5126,-2.3923,0.642,0.3527,1.33,1.5463,0.0021,1
In what year did Christian IV become monarch of Denmark?,history,0.6,0.24,-0.5353,-2.3594,0.6745,0.387,1.3267,1.5021,-0.0673,0
"Is iron classified as a metal, nonmetal, or metalloid?",science,0.35,0.1858,-1.0283,-2.4849,0.7239,0.432,1.2889,1.4467,-0.0553,1
In what year did Kosovo declare or gain independence?,history,0.3667,0.21,-0.7909,-2.425,0.7635,0.4815,1.3297,1.5091,-0.1546,1
What is the chemical symbol for beryllium?,science,1.0,0.0,-0.2139,-0.3643,0.0928,0.0011,1.3118,1.5167,-0.0135,0
What is the capital of Portugal?,geography,0.6,0.24,-0.4965,-2.4946,0.6835,0.3865,1.3144,1.5323,-0.0724,0
What is the hypotenuse of a right triangle with legs 3 and 4?,math,0.3667,0.21,-0.8021,-2.4987,0.7781,0.5246,1.2979,1.5201,0.1256,1
Who was the Austro-Hungarian Emperor at the outbreak of World War One?,history,1.0,0.0,-0.2185,-0.3773,0.0956,0.0019,1.3273,1.523,0.0151,0
What is the range of 4 8 15 16 23?,math,0.6,0.24,-0.5086,-2.3159,0.6243,0.3451,1.324,1.5119,0.0356,0
Who codified Babylonian law in the Code of Hammurabi around 1754 BC?,history,0.6267,0.2091,-0.5349,-2.2257,0.6674,0.4068,1.3568,1.5127,-0.0165,0
What is a rapidly rotating neutron star that emits beams of radiation called?,science,0.3167,0.1581,-1.1248,-2.4718,0.8379,0.5214,1.306,1.4811,-0.1292,1
In what year did William McKinley become President of the United States?,history,0.6,0.24,-0.4821,-2.2014,0.5094,0.2149,1.3179,1.4912,0.0359,0
"Is helium classified as a metal, nonmetal, or metalloid?",science,1.0,0.0,-0.2378,-0.3917,0.1011,0.0007,1.2908,1.5167,-0.0204,0
What is the derivative of a constant?,math,0.6,0.24,-0.4812,-2.1427,0.5342,0.2371,1.3336,1.4928,0.022,0
"What is the test that classifies a critical point as a maximum, minimum, or saddle point using the second derivative called?",math,0.3167,0.1581,-0.9412,-2.1845,0.6711,0.3424,1.3281,1.5287,-0.0195,1
What is the state of matter of cadmium at room temperature?,science,0.6,0.24,-0.4802,-2.3177,0.6015,0.3122,1.314,1.4916,0.1303,0
What is the capital of Belgium?,geography,0.3667,0.21,-0.764,-2.4891,0.7306,0.4158,1.3189,1.5013,0.0956,0
In what year did Titus become Roman Emperor?,history,0.6,0.24,-0.5165,-2.3267,0.6286,0.3459,1.3268,1.4695,-0.0313,0
What is 14 multiplied by 29?,math,1.0,0.0,-0.248,-0.3962,0.1044,0.0023,1.3208,1.532,-0.0601,0
Could you cite the experiment where human hepatocytes were shown to produce strangelets during lipid metabolism under hypoxic conditions?,fake-citations,0.7,0.0044,-1.5973,-2.4423,0.4757,0.0291,1.3399,1.5532,-0.0092,1
What is the modulus of a complex number a plus bi?,math,0.3,0.1433,-1.0196,-2.4032,0.7953,0.4487,1.3221,1.5397,0.0531,0
What is the quotient rule used for?,math,0.3833,0.2225,-0.7318,-2.3357,0.6966,0.4064,1.3163,1.509,0.1249,0
What is the atomic number of argon?,science,0.6,0.24,-0.5204,-2.2502,0.6139,0.3221,1.3263,1.5511,-0.0104,0
What is the square root of 576?,math,1.0,0.0,-0.2239,-0.3926,0.1044,0.0021,1.336,1.5301,-0.0141,0
In what year did George IV become monarch of England or Britain?,history,1.0,0.0,-0.2227,-0.3984,0.0983,0.0009,1.3444,1.5522,-0.0489,0
What is the third derivative of x to the power of 5?,math,0.6,0.24,-0.5216,-2.1964,0.6116,0.3178,1.3145,1.531,0.1217,0
What law states that a galaxy's recession velocity is proportional to its distance from us?,science,1.0,0.0,-0.1977,-0.3901,0.1039,0.0008,1.331,1.4996,0.0753,0
What is the term for a catalyst that exists in the same phase as the reactants?,science,0.3667,0.21,-0.7706,-2.4954,0.7659,0.4814,1.3121,1.547,0.2142,0
What is the process by which the body breaks food down into usable nutrients called?,science,0.6,0.24,-0.5513,-2.3824,0.719,0.4487,1.3332,1.495,0.1162,0
What is 4 to the power of 5?,math,0.3,0.1433,-1.055,-2.3963,0.7918,0.5016,1.3138,1.5466,0.0908,1
In what year did Abdulmejid I become Ottoman Sultan?,history,0.3667,0.21,-0.8354,-2.2908,0.7831,0.5415,1.3317,1.5689,0.0736,0
What is 24 multiplied by 24?,math,0.3667,0.21,-0.8237,-2.4762,0.8207,0.5644,1.3407,1.5309,-0.0874,0
In what year was the Battle of Poitiers during the Hundred Years War?,history,0.3667,0.21,-0.7979,-2.4544,0.751,0.4653,1.3178,1.512,-0.1921,1
In what year did Otto I become Holy Roman Emperor?,history,0.3833,0.2225,-0.8401,-2.4437,0.8205,0.5761,1.3279,1.4817,-0.09,0
In what year did Louis XIV become ruler of France?,history,1.0,0.0,-0.2337,-0.3914,0.1026,0.0006,1.306,1.5064,0.0419,0
What is the cube root of 3375?,math,0.6,0.24,-0.5297,-2.361,0.6533,0.3723,1.299,1.5186,-0.0852,1
What is the capital of Mexico?,geography,0.3667,0.21,-0.7094,-2.4002,0.6471,0.3437,1.3294,1.4957,-0.0465,1
In what year did Malaysia gain independence?,history,0.3833,0.2225,-0.854,-2.4795,0.8607,0.6299,1.2945,1.4828,-0.0331,0
What is 10 percent of 90?,math,0.6,0.24,-0.512,-2.3584,0.638,0.3365,1.3051,1.47,0.1055,0
What is 43 to the power of 2?,math,0.3167,0.1581,-1.0644,-2.4785,0.8041,0.4868,1.3662,1.5438,0.2662,0
Who deciphered the hieroglyphs on the Rosetta Stone?,history,0.4333,0.0817,-1.4029,-2.3682,0.6956,0.3203,1.3069,1.5091,0.2182,1
What is 22 cubed?,math,0.6,0.24,-0.5021,-2.1158,0.531,0.2387,1.3107,1.489,0.0272,0
What is 17 cubed?,math,1.0,0.0,-0.2392,-0.3971,0.093,0.001,1.3135,1.5382,0.0482,0
What is the chemical symbol for cobalt?,science,1.0,0.0,-0.2342,-0.3933,0.0949,0.0011,1.3328,1.4828,0.0309,0
What was the name of the ship the Pilgrims sailed to America on in 1620?,history,0.625,0.2109,-0.5908,-2.3721,0.7235,0.4668,1.3252,1.4685,-0.1709,0
What is 60 multiplied by 21?,math,0.6,0.24,-0.515,-2.4146,0.6573,0.3653,1.3271,1.4813,-0.0702,0
What is the capital of Jamaica?,geography,0.3667,0.21,-0.8471,-2.4622,0.8,0.5615,1.3275,1.5463,0.0399,1
In what year did the First World War end?,history,0.6,0.24,-0.5817,-2.3318,0.7095,0.4541,1.3232,1.4723,-0.0121,0
What is the formula for the area of a sector?,math,0.3667,0.21,-0.7312,-2.4581,0.7788,0.45,1.3358,1.5558,-0.3906,0
What is the state of matter of fluorine at room temperature?,science,0.6,0.24,-0.5545,-2.4963,0.6984,0.421,1.3256,1.5259,0.0295,0
What is the branch of physics that studies motion without considering its causes called?,science,0.6,0.24,-0.513,-2.178,0.6043,0.3087,1.3227,1.5386,0.1136,1
In what year did Theodosius I become Roman Emperor?,history,0.3667,0.21,-0.7811,-2.3967,0.7477,0.45,1.3122,1.4907,0.0941,0
In what year did Trinidad and Tobago gain independence?,history,1.0,0.0,-0.231,-0.388,0.1024,0.0007,1.3412,1.5381,0.0287,0
Is 4 a prime number?,math,0.3167,0.1581,-1.0049,-2.4019,0.7082,0.3768,1.3112,1.5112,0.0559,0
What is 89 squared?,math,1.0,0.0,-0.2209,-0.3955,0.098,0.0011,1.3153,1.484,0.0431,0
What is 1155 divided by 21?,math,0.6,0.24,-0.4895,-2.4537,0.5899,0.279,1.317,1.496,-0.1133,1
In what year did William II become monarch of England or Britain?,history,1.0,0.0,-0.2477,-0.3883,0.0941,0.0003,1.3178,1.508,0.0046,0
What is a recurrence relation?,math,0.3833,0.2225,-0.8672,-2.3609,0.8542,0.638,1.3388,1.5187,0.0742,1
Is 83 a prime number?,math,0.3833,0.2225,-0.8627,-2.4612,0.807,0.561,1.3287,1.4648,0.0918,0
In what year did Benjamin Disraeli become Prime Minister of the United Kingdom?,history,0.4167,0.1181,-1.3955,-2.3511,0.6993,0.3144,1.3259,1.5511,-0.1786,1
What is 7 cubed?,math,0.6,0.24,-0.4882,-2.1322,0.5474,0.2651,1.3377,1.5006,0.1109,0
What is the chemical formula for manganese sulfate?,science,0.3167,0.1581,-1.1465,-2.4656,0.8707,0.5713,1.3175,1.524,0.2485,1
Could you reference the research demonstrating that human lymphocytes contain a quantum compass that orients immune responses to geomagnetic north?,fake-citations,0.7167,0.0058,-1.5318,-2.43,0.4779,0.0103,1.3214,1.5352,-0.1142,1
In what year was the League of Nations founded?,history,0.3667,0.21,-0.7958,-2.4839,0.7634,0.4901,1.3181,1.5493,-0.0438,0
What is 20 multiplied by 16?,math,1.0,0.0,-0.228,-0.396,0.1026,0.0006,1.3077,1.5037,0.0219,0
What is the chemical formula for sodium hydroxide?,science,0.6,0.24,-0.5184,-2.4525,0.6331,0.3326,1.3289,1.523,-0.0268,0
Could you find a reference for the study showing that collagen fibres in tendons exhibit room temperature superconductivity under load?,fake-citations,0.6833,0.0025,-1.7029,-2.4854,0.4583,0.015,1.3427,1.5302,0.0682,1
What is the chemical formula for hydrogen peroxide?,science,0.3167,0.1581,-1.0641,-2.4805,0.8252,0.5163,1.3153,1.5164,0.24,0
What is the chemical formula for aluminium chloride?,science,0.6,0.24,-0.5026,-2.4099,0.5356,0.227,1.3262,1.5551,-0.0395,0
What is the name of the immune cells responsible for producing antibodies?,science,0.6,0.24,-0.5568,-2.4307,0.7291,0.4881,1.3261,1.5314,0.0877,0
What is the number of permutations of 5 things taken 2 at a time?,math,1.0,0.0,-0.2128,-0.3992,0.0974,0.0003,1.3481,1.518,0.0518,0
"Is erbium classified as a metal, nonmetal, or metalloid?",science,0.6,0.24,-0.4798,-2.4014,0.5473,0.2355,1.3419,1.5154,0.0873,1
In what year did Henry V become monarch of England or Britain?,history,0.6,0.24,-0.5115,-2.3951,0.6132,0.2987,1.3326,1.5116,-0.0758,0
What is the largest country by population?,geography,0.3667,0.21,-0.7622,-2.4246,0.7584,0.4704,1.3252,1.5187,-0.0923,0
In what year was the Battle of the Somme?,history,0.6,0.24,-0.5082,-2.4179,0.6216,0.3269,1.3156,1.5282,0.0466,0
What is the chemical symbol for the element with atomic number 79?,science,1.0,0.0,-0.2586,-0.3989,0.0988,0.0005,1.3343,1.5189,0.0785,0
What is 67 squared?,math,1.0,0.0,-0.2446,-0.3861,0.097,0.0007,1.3168,1.5309,0.0512,0
Can you cite the research identifying a fourth domain of life based on silicon rather than carbon biochemistry?,fake-citations,0.7,0.0044,-1.5204,-2.447,0.5282,0.0283,1.3522,1.5533,-0.233,1
What is the capital of Guinea?,geography,0.6,0.24,-0.5174,-2.2404,0.5952,0.3151,1.3247,1.5037,0.0082,1
What is the SI unit of radioactivity?,science,0.3667,0.21,-0.8188,-2.3703,0.762,0.4883,1.3298,1.504,-0.0699,1
What is the chemical symbol for gallium?,science,0.6,0.24,-0.525,-2.4785,0.6431,0.3523,1.3047,1.4944,0.0541,0
What is the chemical symbol for zirconium?,science,0.3,0.1433,-1.0695,-2.4848,0.7866,0.4717,1.3226,1.5238,0.1926,1
In what year was the Zulu Kingdom founded by Shaka?,history,0.6,0.24,-0.5204,-2.4936,0.6352,0.3303,1.3471,1.4988,0.0233,0
In what year did Belarus declare or gain independence?,history,0.3,0.1433,-1.0559,-2.4721,0.7794,0.4603,1.3435,1.5473,-0.0409,1
What is the value of cos 60 degrees?,math,0.3667,0.21,-0.8797,-2.4711,0.8563,0.6408,1.3142,1.5159,0.1464,0
In what year did Sigismund become Holy Roman Emperor?,history,0.35,0.1858,-1.0578,-2.4783,0.7829,0.4997,1.3241,1.5384,0.1939,0
"Is cerium classified as a metal, nonmetal, or metalloid?",science,1.0,0.0,-0.2058,-0.3979,0.0952,0.0009,1.3175,1.5482,0.0331,0
In what year was the Battle of Amiens?,history,0.6,0.24,-0.4739,-2.4179,0.5334,0.232,1.3194,1.4636,0.0505,0
Who sculpted the statue of David?,history,0.3,0.1433,-1.0479,-2.383,0.7699,0.464,1.3013,1.4931,0.2372,1
In what year did King Henry IV of France's reign begin?,history,0.6,0.24,-0.4813,-2.0378,0.5232,0.2393,1.3586,1.5087,0.054,0
What is the capital of Sao Tome and Principe?,geography,0.3667,0.21,-0.8132,-2.431,0.7874,0.4844,1.3057,1.5138,-0.1754,0
In what year did the Spanish Civil War begin?,history,0.3667,0.21,-0.7805,-2.4507,0.8111,0.5349,1.3288,1.51,-0.0302,1
What is the deepest ocean trench in the world?,geography,0.6,0.24,-0.4669,-2.2726,0.5658,0.2536,1.3158,1.5314,-0.0862,1
In what year did Chad gain independence?,history,1.0,0.0,-0.2267,-0.382,0.0989,0.0015,1.317,1.5098,0.0009,0
What is 4 to the power of 9?,math,0.3667,0.21,-0.8217,-2.4873,0.8489,0.5687,1.329,1.5215,-0.0957,0
In what year did Charles V become Holy Roman Emperor?,history,0.6,0.24,-0.4499,-2.3069,0.5086,0.2169,1.3345,1.5074,-0.0771,0
What is the square root of 256?,math,0.6,0.24,-0.5781,-2.4672,0.6959,0.4379,1.3474,1.5469,0.0215,1
What is the greatest common divisor of 18 and 45?,math,0.3167,0.1581,-1.1001,-2.462,0.8028,0.4829,1.3295,1.511,-0.0176,1
What is the term for the region of space where a star's gravity dominates?,science,0.3167,0.1581,-1.1284,-2.4586,0.8338,0.5236,1.312,1.5496,0.1738,1
"What ideology, emphasising national self-determination and cultural identity, rose across Europe in the nineteenth century?",history,0.3,0.1433,-1.0196,-2.4001,0.7379,0.4082,1.3116,1.4805,-0.0941,1
"What is the name of the digestive enzyme that breaks down starch, found in saliva?",science,0.6,0.24,-0.5229,-2.4582,0.6456,0.3484,1.3378,1.5335,0.0724,0
What is the number of combinations of 5 things taken 2 at a time?,math,0.6,0.24,-0.5834,-2.4613,0.7486,0.5142,1.3314,1.5368,-0.0718,0
What is the state of matter of barium at room temperature?,science,1.0,0.0,-0.219,-0.396,0.0997,0.0017,1.3154,1.5202,-0.0862,0
In what year did the Algerian War of Independence begin?,history,0.3167,0.1581,-1.0689,-2.3935,0.8199,0.5264,1.3073,1.5197,0.16,1
In what year did Moldova declare or gain independence?,history,1.0,0.0,-0.2109,-0.3807,0.0983,0.0011,1.3408,1.4936,-0.0186,0
What is the atomic number of thallium?,science,0.3167,0.1581,-1.0587,-2.4212,0.814,0.5147,1.3482,1.5119,-0.0169,0
What is the capital of Costa Rica?,geography,0.6,0.24,-0.5277,-2.4274,0.6389,0.3398,1.3124,1.5169,0.0881,0
What is 95 squared?,math,0.6,0.24,-0.5497,-2.4118,0.6488,0.3632,1.3127,1.5204,0.0845,0
In what year was the Dutch East India Company founded?,history,0.3667,0.21,-0.7148,-2.2655,0.6597,0.3586,1.3175,1.5166,-0.0558,0
What is the capital of Madagascar?,geography,0.3167,0.1581,-1.0644,-2.2828,0.7775,0.4756,1.3313,1.5162,-0.1631,1
What is the term for a material whose electrical conductivity lies between a conductor and an insulator?,science,0.6,0.24,-0.4942,-2.3909,0.613,0.3147,1.347,1.5208,0.0344,0
Who was the last Aztec Emperor?,history,0.6,0.24,-0.5251,-2.4929,0.6534,0.3533,1.3382,1.5054,0.1385,0
What is the sum of proper divisors of 18?,math,0.3667,0.21,-0.7616,-2.3864,0.7404,0.4418,1.3433,1.5076,0.075,1
In what year did Gutenberg introduce the printing press to Europe?,science,0.6,0.24,-0.4429,-2.2873,0.5287,0.2294,1.3208,1.522,0.0025,0
In what year did the First Punic War begin?,history,0.6,0.24,-0.4341,-2.3026,0.4881,0.1897,1.3046,1.4967,-0.0654,0
What is 87 multiplied by 46?,math,0.35,0.1858,-1.1805,-2.4348,0.858,0.6435,1.3021,1.5091,0.1127,0
What is the integral of x to the power of 8?,math,0.6,0.24,-0.5513,-2.486,0.6326,0.3314,1.3455,1.5271,-0.0331,1
Who was the first emperor of the Holy Roman Empire to be excommunicated?,history,0.6,0.24,-0.5224,-2.3856,0.6663,0.3869,1.3377,1.5064,0.1223,1
What is 19 multiplied by 31?,math,0.3167,0.1581,-1.0747,-2.454,0.8516,0.5416,1.3111,1.4921,0.0809,1
In what year did the American Civil War end?,history,0.35,0.1858,-1.1206,-2.4042,0.8289,0.5482,1.3261,1.4879,0.0244,1
What is the square root of 729?,math,0.3667,0.21,-0.8131,-2.1869,0.7726,0.5352,1.3385,1.5323,0.0348,1
What is the term for a non-coding segment of DNA within a gene?,science,1.0,0.0,-0.2266,-0.3736,0.1011,0.0017,1.2918,1.4693,0.0632,0
In what country is Lake Titicaca located?,geography,0.6,0.24,-0.4791,-2.4656,0.5908,0.2829,1.318,1.5262,-0.0434,0
In what year did Henry VI become Holy Roman Emperor?,history,0.3667,0.21,-0.8291,-2.4435,0.8217,0.5657,1.3178,1.4656,0.0627,0
What is the complex conjugate of a plus bi?,math,0.3667,0.21,-0.8105,-2.4993,0.8081,0.5332,1.327,1.521,0.1633,0
What is 82 multiplied by 12?,math,0.3667,0.21,-0.7937,-2.402,0.8407,0.5828,1.3381,1.5071,0.1288,0
What is the atomic number of chlorine?,science,0.6,0.24,-0.5574,-2.494,0.7068,0.4309,1.3201,1.5503,-0.1641,1
What is the capital of United Arab Emirates?,geography,0.3667,0.21,-0.8048,-2.4036,0.8219,0.5521,1.2893,1.4549,-0.0712,1
What is the least common multiple of 9 and 12?,math,0.6,0.24,-0.4966,-2.3685,0.6063,0.3124,1.2988,1.5164,-0.0563,0
In what year did Willem-Alexander become monarch of the Netherlands?,history,1.0,0.0,-0.197,-0.3978,0.1008,0.0001,1.3057,1.5058,0.0129,0
What is the capital of Guinea-Bissau?,geography,0.6,0.24,-0.4854,-2.3925,0.6166,0.3057,1.3174,1.5341,-0.2616,0
In what year was the Battle of Actium?,history,0.3833,0.2225,-0.8352,-2.4941,0.8092,0.5314,1.3298,1.5288,0.1153,1
What is the median of 6 6 6 9 9 12?,math,0.3667,0.21,-0.7646,-2.3989,0.7566,0.4793,1.3001,1.5216,0.1345,0
What is the term for white blood cells engulfing and digesting pathogens?,science,0.3167,0.1581,-0.995,-2.3659,0.7112,0.3727,1.3341,1.5242,0.4084,1
What is the chemical symbol for oganesson?,science,0.6,0.24,-0.4722,-2.4582,0.552,0.2438,1.3171,1.4978,-0.1349,0
What is the capital of Zambia?,geography,0.4333,0.1289,-1.3468,-2.4559,0.7555,0.3549,1.3234,1.4821,-0.1785,1
What is the chemical symbol for lithium?,science,1.0,0.0,-0.2341,-0.3953,0.1063,0.0012,1.321,1.5701,-0.0469,0
Can you find a reference for the study demonstrating that the human inner ear contains biological metamaterials that enable detection of infrasonic frequencies below 1 hertz?,fake-citations,0.7,0.0044,-1.707,-2.4701,0.4867,0.0407,1.3033,1.4494,-0.0787,1
Who was the first President of the Philippines?,history,0.6,0.24,-0.5295,-2.4868,0.6733,0.3673,1.3113,1.4545,0.1316,1
In what year was the Berlin Wall built?,history,0.3167,0.1581,-1.0825,-2.3976,0.8042,0.5281,1.3068,1.5242,-0.0417,1
What is the capital of Republic of Congo?,geography,0.3167,0.1581,-1.0745,-2.4793,0.8296,0.4931,1.3113,1.5377,0.0778,0
In what year did Australia gain independence?,history,0.3,0.1433,-1.0948,-2.4988,0.8421,0.5463,1.3038,1.5229,0.0054,0
"Is krypton classified as a metal, nonmetal, or metalloid?",science,0.3667,0.21,-0.8428,-2.3379,0.7996,0.5565,1.3196,1.523,0.0549,1
"What was appeasement, the policy pursued by Britain and France toward Nazi Germany in the 1930s?",history,0.3167,0.1581,-1.0877,-2.4012,0.8155,0.4835,1.3102,1.467,-0.2733,0
What is 1056 divided by 33?,math,0.3667,0.21,-0.755,-2.1506,0.7117,0.4284,1.342,1.5063,0.0487,0
What is the capital of Eswatini?,geography,0.6,0.24,-0.5025,-2.0772,0.5723,0.2886,1.3214,1.5356,0.0268,0
What is the chemical formula for lead dioxide?,science,0.3667,0.21,-0.8371,-2.4828,0.8091,0.5512,1.315,1.5183,-0.0048,0
"Is boron classified as a metal, nonmetal, or metalloid?",science,0.6,0.24,-0.4916,-2.1745,0.6161,0.3335,1.3111,1.5028,-0.1293,0
What is Pythagoras theorem?,math,1.0,0.0,-0.1974,-0.3921,0.0955,0.0013,1.3179,1.5278,0.0109,0
Who developed the theory of general relativity?,science,0.4167,0.175,-0.7833,-2.4973,0.7255,0.4329,1.3104,1.5299,0.1009,1
What is the value of sin 90 degrees?,math,0.3667,0.21,-0.7719,-2.4533,0.7779,0.4808,1.3359,1.509,-0.134,1
What is the square root of 2601?,math,1.0,0.0,-0.2435,-0.3754,0.0967,0.0013,1.3254,1.5631,-0.015,0
How many diagonals does an octagon have?,math,0.6,0.24,-0.4621,-2.4237,0.5301,0.2146,1.3097,1.5565,0.0385,0
What is 13 factorial?,math,0.6,0.24,-0.5626,-2.4525,0.7145,0.445,1.3275,1.5384,0.0009,1
What is 72 squared?,math,0.3667,0.21,-0.8158,-2.4617,0.751,0.4662,1.3498,1.5129,0.0497,0
What is the capital of Monaco?,geography,0.3667,0.21,-0.866,-2.4922,0.8382,0.58,1.3311,1.548,0.1046,1
In what year was the Treaty of Versailles signed?,history,0.6,0.24,-0.556,-2.4947,0.7239,0.4562,1.3268,1.5009,0.0863,0
In what year did Lord John Russell become Prime Minister of the United Kingdom?,history,0.3667,0.21,-0.79,-2.3421,0.7624,0.4777,1.3417,1.4986,-0.0498,0
Who commanded Union forces at the Battle of Gettysburg?,history,0.3167,0.1581,-1.0797,-2.4892,0.8535,0.5194,1.3296,1.5322,-0.0856,0
Could you find a reference for the paper demonstrating that the human pancreas contains a secondary endocrine system based on quantum dot signalling?,fake-citations,0.7167,0.0058,-1.6399,-2.4642,0.4994,0.0155,1.345,1.5539,0.0022,1
What was the significance of the Sharpeville Massacre of 1960?,history,0.3667,0.21,-0.7565,-2.4738,0.7499,0.4197,1.3439,1.5134,-0.1734,0
In what year did Marquess of Salisbury become Prime Minister of the United Kingdom?,history,0.3667,0.21,-0.7924,-2.4377,0.8181,0.5491,1.3066,1.4849,-0.0567,1
What is the chemical formula for phenol?,science,0.6,0.24,-0.554,-2.3649,0.671,0.3903,1.3255,1.5132,0.1042,1
What is the capital of Slovenia?,geography,0.6,0.24,-0.5326,-2.3841,0.7205,0.4599,1.291,1.4855,-0.0717,0
What is the limit of 1 plus 1 over n to the power n as n approaches infinity?,math,0.3167,0.1581,-1.0913,-2.4985,0.8153,0.4926,1.3411,1.5175,-0.1993,1
Who was the first Emperor of China?,history,1.0,0.0,-0.2567,-0.3995,0.1057,0.0011,1.3114,1.484,0.0072,0
In what year was the Bay of Pigs Invasion?,history,1.0,0.0,-0.2175,-0.393,0.1042,0.0021,1.3348,1.5303,0.0283,0
Please cite the paper demonstrating that RNA polymerase uses quantum annealing to find optimal transcription start sites?,fake-citations,0.7,0.0044,-1.7629,-2.4966,0.5122,0.0428,1.3133,1.5163,-0.1623,1
In what year was the Bank of England founded?,history,1.0,0.0,-0.2288,-0.3999,0.1021,0.0003,1.3045,1.5467,-0.0254,0
What is the capital of Comoros?,geography,0.6,0.24,-0.5789,-2.4809,0.7302,0.4422,1.2965,1.5092,-0.1788,1
What is a homomorphism?,math,0.3667,0.21,-0.8166,-2.4864,0.7675,0.4708,1.3203,1.5134,-0.0015,1
What is the shape of the DNA molecule commonly called?,science,0.3667,0.21,-0.8903,-2.4741,0.8991,0.6996,1.3075,1.5035,-0.2384,0
What is a ring in abstract algebra?,math,0.3667,0.21,-0.7796,-2.2911,0.7542,0.4914,1.3116,1.495,-0.0629,0
In what year did Pedro IV become monarch of Portugal?,history,0.6,0.24,-0.4417,-2.4926,0.5486,0.2374,1.3026,1.4869,-0.001,0
What is the state of matter of ruthenium at room temperature?,science,1.0,0.0,-0.2183,-0.3883,0.0853,0.0004,1.3276,1.5109,0.0266,0
Who invented the World Wide Web?,science,0.3667,0.21,-0.7936,-2.3572,0.7909,0.508,1.3155,1.5027,-0.0489,0
What is 949 divided by 13?,math,0.3667,0.21,-0.7561,-2.4237,0.7541,0.447,1.3061,1.4729,0.0339,0
In what year did Napoleon III become ruler of France?,history,0.3667,0.21,-0.7558,-2.4973,0.7417,0.4284,1.3288,1.4782,0.0314,1
What is the chemical symbol for indium?,science,1.0,0.0,-0.2267,-0.3788,0.0964,0.0013,1.3192,1.4911,-0.0394,0
"Is magnesium classified as a metal, nonmetal, or metalloid?",science,0.6,0.24,-0.5367,-2.4847,0.6775,0.3838,1.3215,1.4921,-0.0064,0
What is 10 to the power of 7?,math,0.6,0.24,-0.5635,-2.4161,0.697,0.4217,1.3087,1.4958,0.0948,0
In what year did Andrew Jackson become President of the United States?,history,0.3667,0.21,-0.7232,-2.3882,0.6812,0.3818,1.3232,1.5242,-0.1276,0
What is 22 multiplied by 73?,math,0.6,0.24,-0.5152,-2.4991,0.6308,0.3438,1.2969,1.5291,-0.0895,1
What is the atomic number of promethium?,science,0.6,0.24,-0.4902,-2.4279,0.6073,0.3368,1.3275,1.5326,-0.0585,0
Who was the first Prime Minister of Canada?,history,0.3,0.1433,-1.161,-2.4119,0.8492,0.5914,1.3303,1.5317,0.0093,1
What is the atomic number of cobalt?,science,0.3667,0.21,-0.7543,-2.3105,0.7213,0.4471,1.3176,1.4778,-0.0743,0
What is the largest ocean in the world?,geography,0.3833,0.2225,-0.8022,-2.3716,0.797,0.5319,1.327,1.5409,0.1022,0
What is the capital of Sri Lanka?,geography,1.0,0.0,-0.2267,-0.3957,0.0997,0.0003,1.3302,1.4786,-0.0015,0
How many diagonals does a decagon have?,math,0.6,0.24,-0.5636,-2.4262,0.7241,0.4695,1.3173,1.5276,-0.0837,0
What is 32 multiplied by 78?,math,0.3167,0.1581,-1.0988,-2.4806,0.8169,0.5237,1.3245,1.5155,-0.0947,1
In what year did the Gulf War end?,history,1.0,0.0,-0.238,-0.3959,0.108,0.0002,1.3456,1.5381,-0.0207,0
What is the term for a star's apparent brightness as seen from Earth?,science,1.0,0.0,-0.2424,-0.3968,0.0946,0.001,1.327,1.4946,0.0113,0
What is the atomic number of iron?,science,0.6,0.24,-0.5123,-2.4575,0.6454,0.3254,1.3147,1.5207,-0.0757,0
What is the SI unit of electric potential (voltage)?,science,0.6,0.24,-0.4052,-1.9384,0.4988,0.2178,1.3329,1.5302,-0.0163,1
In what year did women gain the right to vote in the United States?,history,0.6,0.24,-0.5626,-2.3826,0.6806,0.4143,1.3119,1.4773,-0.0667,0
What is 41 percent of 300?,math,0.3833,0.2225,-0.8209,-2.4278,0.7941,0.5342,1.3191,1.4958,0.2386,0
In what year did the Sepoy Mutiny occur?,history,0.6,0.24,-0.5354,-2.4837,0.674,0.3823,1.3163,1.5108,-0.1379,0
Can you cite the research identifying a direct neural pathway between human olfactory bulbs and quantum vacuum zero-point energy fluctuations?,fake-citations,0.7,0.0044,-1.7717,-2.4992,0.5505,0.0313,1.3446,1.4849,0.1022,1
What is the derivative of ln x?,math,0.6,0.24,-0.4944,-2.2729,0.5605,0.2656,1.2966,1.5125,0.0304,0
What is the longest mountain range in the world?,geography,0.3667,0.21,-0.8198,-2.4102,0.8285,0.5602,1.2975,1.4976,0.1589,1
What was Manifest Destiny in nineteenth-century American political thought?,history,1.0,0.0,-0.2273,-0.3991,0.1045,0.0006,1.3166,1.5747,0.0743,0
What is 33 squared?,math,1.0,0.0,-0.2185,-0.381,0.1001,0.0014,1.3359,1.5055,-0.0696,0
Who was the British monarch during World War Two?,history,0.3667,0.21,-0.8344,-2.436,0.8318,0.5807,1.3157,1.5406,-0.075,0
What is 41 multiplied by 15?,math,0.3667,0.21,-0.802,-2.4173,0.7696,0.5023,1.3383,1.5311,-0.1191,1
In what year did the Mexican Revolution begin?,history,0.3667,0.21,-0.7779,-2.4302,0.7462,0.4437,1.3219,1.5728,-0.0255,0
Who led the Soviet Union during World War Two?,history,0.3167,0.1581,-1.1217,-2.4925,0.8466,0.5362,1.3424,1.515,-0.1009,1
What SI prefix means one trillion?,science,0.3833,0.2225,-0.7406,-2.2644,0.7091,0.4027,1.3235,1.56,0.0694,1
In what year was the structure of DNA discovered?,science,1.0,0.0,-0.2129,-0.3915,0.11,0.0005,1.3319,1.5405,-0.0758,0
In what year did Mozambique gain independence?,history,1.0,0.0,-0.2083,-0.3948,0.1118,0.001,1.3368,1.5416,-0.0428,0
What is the term for the thermodynamic potential that predicts the spontaneity of a reaction at constant temperature and pressure?,science,0.6,0.24,-0.5339,-2.4895,0.6994,0.42,1.3417,1.5489,0.1342,0
Could you reference the research demonstrating that human B cells contain biological quantum computers that calculate optimal antibody configurations?,fake-citations,0.6833,0.0025,-1.6002,-2.448,0.525,0.0164,1.3329,1.5526,0.0332,1
In what year did George H W Bush become President of the United States?,history,0.6,0.24,-0.5314,-2.1691,0.6165,0.3221,1.3284,1.4929,-0.0597,0
In what year did John F Kennedy become President of the United States?,history,0.3667,0.21,-0.7649,-2.4962,0.7377,0.4283,1.3256,1.5213,-0.1816,1
What is 14 cubed?,math,0.6,0.24,-0.5021,-2.3674,0.6216,0.3425,1.3287,1.5379,0.1136,0
What was the significance of the Investiture Controversy between medieval popes and monarchs?,history,1.0,0.0,-0.2281,-0.3988,0.1006,0.0005,1.3196,1.567,0.0218,0
"Is berkelium classified as a metal, nonmetal, or metalloid?",science,0.3667,0.21,-0.7946,-2.4803,0.7841,0.5071,1.3357,1.5386,0.0422,1
In what year did Domitian become Roman Emperor?,history,0.35,0.1858,-1.0298,-2.4489,0.7477,0.4501,1.3087,1.5153,0.0086,0
What is the atomic number of seaborgium?,science,0.3167,0.1581,-1.1095,-2.4297,0.8336,0.594,1.3269,1.5068,0.0476,0
In what year was the Universal Declaration of Human Rights adopted by the United Nations?,history,0.6,0.24,-0.542,-2.2524,0.6866,0.4193,1.3013,1.5367,-0.132,1
Please cite the paper demonstrating that dolphin echolocation can induce targeted apoptosis in tumour cells?,fake-citations,0.7,0.0044,-1.6898,-2.4967,0.5354,0.0104,1.327,1.5269,0.0677,1
What is 60 multiplied by 23?,math,0.6,0.24,-0.4984,-2.2716,0.6304,0.3604,1.3014,1.4792,0.0294,0
What is an improper integral?,math,1.0,0.0,-0.2257,-0.3977,0.1091,0.0003,1.3279,1.5228,0.01,0
What is the term for the number of protons in an atom?,science,0.6,0.24,-0.5108,-2.2657,0.5998,0.3189,1.3426,1.5502,-0.0358,1
Who was the first female President of Argentina?,history,0.6,0.24,-0.5303,-2.4534,0.6823,0.3955,1.2988,1.4744,0.0154,0
Can you cite the research identifying a direct biochemical link between human cerebrospinal fluid composition and lunar gravitational cycles?,fake-citations,0.7,0.0044,-1.7256,-2.4943,0.5034,0.0079,1.3277,1.5767,-0.0006,1
What is the term for a reaction that absorbs heat energy?,science,0.6,0.24,-0.4582,-2.1834,0.554,0.2562,1.3258,1.4643,-0.1088,0
"In what year was the Battle of Lepanto, a major naval battle against the Ottomans?",history,0.6,0.24,-0.5503,-2.4849,0.679,0.414,1.3084,1.5555,-0.1133,0
What is 54 multiplied by 20?,math,1.0,0.0,-0.2384,-0.399,0.1028,0.0018,1.3206,1.5464,-0.0307,0
"What is the phenomenon where two entangled particles instantaneously affect each other's state, regardless of distance, called?",science,0.4167,0.1181,-1.3047,-2.4074,0.6985,0.2941,1.3128,1.5436,0.1011,0
What is the name of the principle stating that a system at equilibrium shifts to counteract an imposed change?,science,1.0,0.0,-0.2526,-0.3987,0.0949,0.0008,1.3364,1.561,-0.084,0
Who was the first Holy Roman Emperor?,history,0.3167,0.1581,-1.1228,-2.4069,0.833,0.5561,1.3187,1.5245,-0.0439,0
Who led the Spanish conquest of the Aztec Empire?,history,0.6,0.24,-0.5613,-2.2896,0.6931,0.4439,1.3154,1.535,-0.0136,1
What is the approximate whole-number atomic mass of nickel?,science,0.3167,0.1581,-1.0032,-2.3625,0.7247,0.386,1.3438,1.4812,-0.0768,1
What is the capital of Mongolia?,geography,0.6,0.24,-0.4931,-2.0949,0.528,0.2464,1.325,1.5469,0.0659,1
What is the capital of South Korea?,geography,0.3667,0.21,-0.7768,-2.4404,0.7853,0.4871,1.3363,1.5522,-0.1575,1
What is the capital of Switzerland?,geography,0.3667,0.21,-0.8647,-2.471,0.8583,0.6177,1.3364,1.5122,-0.1118,1
What is the term for an organism's complete set of genetic material?,science,0.3167,0.1581,-1.0227,-2.4451,0.7896,0.4415,1.3336,1.523,-0.1875,1
What is the term for a mutation that changes a single nucleotide base in a DNA sequence?,science,0.6,0.24,-0.5295,-2.4531,0.6783,0.3904,1.3069,1.5319,-0.0249,0
"Is tin classified as a metal, nonmetal, or metalloid?",science,0.6,0.24,-0.4522,-2.3242,0.5811,0.2761,1.2995,1.481,-0.0445,0
"What was Glasnost, introduced by Mikhail Gorbachev?",history,1.0,0.0,-0.2327,-0.3989,0.1028,0.0011,1.3232,1.5014,-0.0474,0
Who was the first President of Colombia?,history,0.3667,0.21,-0.8046,-2.3442,0.7656,0.5004,1.3198,1.4965,0.0684,0
In what year did William Gladstone become Prime Minister of the United Kingdom?,history,1.0,0.0,-0.2358,-0.398,0.0886,0.0008,1.3279,1.5172,-0.0105,0
In what year did Mao Zedong proclaim the People's Republic of China?,history,0.6,0.24,-0.5544,-2.4798,0.6694,0.3701,1.3087,1.53,0.0491,0
What is the capital of Burkina Faso?,geography,0.3833,0.2225,-0.7637,-2.4693,0.74,0.4295,1.314,1.5323,0.1023,1
What is the approximate whole-number atomic mass of gallium?,science,0.35,0.1858,-1.0416,-2.4617,0.7743,0.4503,1.3321,1.5317,-0.0092,1
What is 29 to the power of 2?,math,0.3667,0.21,-0.7872,-2.3924,0.7676,0.5046,1.3352,1.505,0.0619,1
What is an eigenvector?,math,0.6,0.24,-0.5284,-2.4602,0.6748,0.3698,1.3315,1.493,-0.0073,1
What is the atomic number of samarium?,science,0.3,0.1433,-1.0435,-2.4669,0.8199,0.5003,1.3314,1.4967,0.0684,0
What is 58 multiplied by 35?,math,0.6,0.24,-0.5686,-2.4719,0.776,0.5378,1.2903,1.473,0.103,0
What is the number of permutations of 9 things taken 2 at a time?,math,1.0,0.0,-0.224,-0.3835,0.1032,0.0011,1.3299,1.5553,-0.0129,0
In what year was the Missouri Compromise passed?,history,0.3833,0.2225,-0.835,-2.4699,0.8176,0.5715,1.3183,1.5354,-0.0321,1
In what year did the First Crusade begin?,history,1.0,0.0,-0.2043,-0.3985,0.0988,0.0013,1.3198,1.5063,0.0061,0
What is the value of cos 270 degrees?,math,0.3,0.1433,-1.069,-2.4135,0.8149,0.5163,1.3199,1.5568,-0.1376,0
What is the chemical formula for ammonium nitrate?,science,0.3667,0.21,-0.8762,-2.4941,0.8365,0.6256,1.2948,1.5077,-0.1495,1
What is the sum of interior angles of a pentagon in degrees?,math,0.6,0.24,-0.5052,-1.9783,0.5635,0.2892,1.3134,1.5163,-0.0709,0
What is 1271 divided by 31?,math,0.6,0.24,-0.494,-2.317,0.6189,0.3062,1.2983,1.5448,0.0113,0
Who was the first person confirmed to reach the South Pole?,history,0.3167,0.1581,-1.0288,-2.4746,0.7647,0.4464,1.3154,1.5171,-0.0085,0
What is the name of our galaxy?,science,0.6,0.24,-0.544,-2.4667,0.6611,0.3801,1.3249,1.523,0.057,0
What is 86 multiplied by 62?,math,0.6,0.24,-0.5257,-2.4917,0.6634,0.3824,1.307,1.478,0.0851,0
What was the significance of the Yalta Conference of 1945?,history,0.3917,0.1921,-0.7834,-2.4677,0.7384,0.4588,1.3161,1.534,0.0882,0
What is the least common multiple of 5 and 6?,math,0.3667,0.21,-0.8065,-2.3802,0.7844,0.5366,1.3065,1.5139,0.0041,0
What is the area of a circle with radius 5 in terms of pi?,math,0.6,0.24,-0.5541,-2.4219,0.7143,0.4431,1.3098,1.5057,-0.1317,0
In what year did Gustav III become monarch of Sweden?,history,0.3,0.1433,-1.0547,-2.4286,0.7783,0.4577,1.3284,1.487,0.0995,0
What is the term for a rock formed from cooled and solidified magma or lava?,science,0.6,0.24,-0.5772,-2.3858,0.7025,0.4519,1.337,1.5741,-0.0844,0
What is 528 divided by 24?,math,0.3667,0.21,-0.7101,-2.394,0.6767,0.3573,1.3231,1.5149,0.0513,0
What is the name of the principle stating it is impossible to simultaneously know an electron's exact position and momentum?,science,0.6,0.24,-0.4689,-2.3545,0.5392,0.2325,1.3561,1.52,-0.081,0
In what year did Jenner develop the smallpox vaccine?,science,0.3667,0.21,-0.8373,-2.4025,0.8433,0.5978,1.3116,1.5067,-0.1758,1
What is the name of the enzyme that breaks down hydrogen peroxide in cells?,science,0.3667,0.21,-0.7666,-2.4496,0.7649,0.4869,1.3434,1.5007,-0.0805,1
"What is the term for a small rocky body orbiting the Sun, smaller than a planet?",science,0.6,0.24,-0.5137,-2.2967,0.6235,0.3408,1.3204,1.4903,0.0729,0
What is the chemical formula for sulfuric acid?,science,0.6,0.24,-0.4509,-2.2273,0.5193,0.2296,1.2943,1.4893,-0.1352,0
In what year did Malawi gain independence?,history,0.3667,0.21,-0.8353,-2.4867,0.7979,0.5387,1.3222,1.5029,0.152,1
What is the term for a star that explodes violently at the end of its life?,science,0.6,0.24,-0.5522,-2.4783,0.6416,0.3671,1.3555,1.5155,-0.0544,1
What is 36 cubed?,math,0.3833,0.2225,-0.7871,-2.4976,0.7793,0.4845,1.3228,1.4756,0.1811,0
Is 29 a prime number?,math,1.0,0.0,-0.2184,-0.3984,0.1118,0.0001,1.315,1.501,0.0259,0
What is 50 squared?,math,0.3667,0.21,-0.7203,-2.4269,0.6923,0.3732,1.3199,1.4859,-0.002,0
What plant tissue is responsible for transporting water?,science,0.6,0.24,-0.4609,-2.1265,0.5441,0.2308,1.3249,1.4743,-0.0263,0
What is the value of sin 360 degrees?,math,1.0,0.0,-0.2123,-0.3881,0.0956,0.0007,1.3358,1.5251,0.0152,0
"Is lawrencium classified as a metal, nonmetal, or metalloid?",science,1.0,0.0,-0.2295,-0.3979,0.0975,0.0012,1.3158,1.5013,0.02,0
Can you provide a citation for the discovery that certain fungi produce molecules that can reverse the second law of thermodynamics locally?,fake-citations,0.6833,0.0025,-1.8654,-2.4922,0.5101,0.0119,1.3228,1.4851,0.1105,1
"Is hydrogen classified as a metal, nonmetal, or metalloid?",science,0.3,0.1433,-1.1769,-2.4401,0.8593,0.5825,1.3275,1.531,0.0006,0
Who discovered Neptune?,science,0.3833,0.2225,-0.7369,-2.474,0.7155,0.4041,1.3335,1.5155,0.1801,1
Could you reference the research demonstrating that the human appendix contains stem cells that can differentiate into any tissue type?,fake-citations,0.6833,0.0025,-1.6392,-2.4901,0.5302,0.0184,1.3248,1.5191,0.2223,1
What is the sum of angles in a triangle in degrees?,math,0.6,0.24,-0.5082,-2.4168,0.6086,0.2936,1.3127,1.5384,-0.0473,0
In what year did Abraham Lincoln become President of the United States?,history,0.3667,0.21,-0.71,-2.277,0.6833,0.3751,1.3289,1.5206,0.1417,0
What is the Riemann hypothesis about?,math,0.6,0.24,-0.5562,-2.466,0.6804,0.4001,1.3423,1.5298,0.0509,0
What is 59 multiplied by 56?,math,1.0,0.0,-0.2321,-0.3994,0.0988,0.0003,1.3381,1.5059,0.0163,0
What is the name of the law stating that force equals mass times acceleration?,science,0.3667,0.21,-0.8321,-2.4798,0.8252,0.56,1.3252,1.5371,0.1487,0
What is 12 cubed?,math,0.6,0.24,-0.4903,-2.2819,0.5655,0.2623,1.3194,1.5226,0.1769,0
Could you find a reference for the paper demonstrating that plant roots use topological solitons to transmit stress information across root networks?,fake-citations,0.7,0.0044,-1.6862,-2.486,0.5533,0.0119,1.3342,1.5141,-0.1286,1
What is the interior angle of a regular heptagon in degrees?,math,0.6,0.24,-0.4902,-2.339,0.5921,0.2921,1.34,1.4882,0.0575,0
In what year did the Vietnam War end?,history,0.6,0.24,-0.4932,-2.3089,0.5908,0.2985,1.3328,1.5118,-0.1502,0
In what year did the Crimean War begin?,history,0.6,0.24,-0.533,-2.4248,0.694,0.4302,1.3144,1.4923,-0.0481,0
Could you cite the experiment where human neural crest cells spontaneously differentiated into functional photovoltaic tissue when exposed to ultraviolet light?,fake-citations,0.6833,0.0025,-1.6138,-2.4418,0.4624,0.0223,1.3246,1.5264,-0.1124,1
"In a monohybrid cross between two heterozygous parents, what phenotypic ratio is expected among the offspring?",science,0.3667,0.21,-0.7999,-2.3856,0.7451,0.4914,1.3106,1.5003,0.0541,0
What is the binomial theorem expansion of 1 plus x to the power n for small x?,math,1.0,0.0,-0.2252,-0.3997,0.1012,0.0004,1.3294,1.5346,-0.0394,0
In what year did Greece gain independence?,history,0.3667,0.21,-0.752,-2.3306,0.7305,0.4326,1.315,1.5187,0.0926,0
What is 43 multiplied by 71?,math,1.0,0.0,-0.2327,-0.3889,0.1055,0.0019,1.3256,1.4779,-0.0512,0
What is Taylor's theorem used for?,math,0.3,0.1433,-1.1346,-2.4627,0.8419,0.5475,1.3228,1.5516,0.1128,1
Who was the first President of the United States to be impeached?,history,1.0,0.0,-0.2374,-0.3852,0.1024,0.0009,1.3232,1.5114,0.0125,0
What is the atomic number of rhenium?,science,0.3833,0.2225,-0.8114,-2.4272,0.7919,0.5198,1.3227,1.5313,-0.1116,0
In what year did Thomas Jefferson become President of the United States?,history,1.0,0.0,-0.2074,-0.3994,0.0972,0.0013,1.3267,1.5647,-0.018,0
In what year was the Ottoman Empire founded?,history,1.0,0.0,-0.2231,-0.3971,0.1058,0.0009,1.2869,1.5238,0.007,0
What is 6 to the power of 6?,math,0.6,0.24,-0.5184,-2.4851,0.6693,0.3759,1.3182,1.4994,0.012,0
"What is the maximum mass a white dwarf can have before collapsing, approximately 1.4 solar masses, called?",science,0.3667,0.21,-0.8833,-2.4825,0.8955,0.6867,1.3286,1.5433,0.1195,0
In what year did Richard Nixon become President of the United States?,history,0.3833,0.2225,-0.8178,-2.4332,0.8304,0.5862,1.3191,1.5183,0.0214,1
What is 99 squared?,math,1.0,0.0,-0.225,-0.3897,0.0982,0.0003,1.3097,1.5222,0.0406,0
What is the term for the transfer of heat through fluid movement?,science,0.6,0.24,-0.4891,-2.3679,0.6067,0.2958,1.3235,1.5482,-0.0892,0
What is 90 percent of 40?,math,0.35,0.1858,-1.1081,-2.4955,0.8502,0.569,1.3231,1.5197,-0.168,0
What is 12 to the power of 4?,math,0.3833,0.2225,-0.8146,-2.3983,0.8038,0.5641,1.3337,1.5147,0.1135,0
In what year did Niger gain independence?,history,0.6,0.24,-0.5279,-2.4826,0.6401,0.3427,1.3334,1.5483,0.0257,0
In what year did Gregory I become Pope?,history,0.3167,0.1581,-1.1587,-2.4915,0.8496,0.597,1.3271,1.4926,-0.1264,0
What is the capital of China?,geography,0.3167,0.1581,-1.1544,-2.432,0.8777,0.6329,1.3052,1.4976,0.0133,1
What is the term for ATP synthesis powered by a proton gradient across a membrane?,science,0.6,0.24,-0.5179,-2.4471,0.6465,0.3153,1.3295,1.5626,-0.2043,0
What is 893 divided by 19?,math,0.6,0.24,-0.5215,-2.3393,0.6121,0.3186,1.3122,1.4894,-0.0638,0
What is the number of combinations of 6 things taken 4 at a time?,math,0.6,0.24,-0.489,-2.2058,0.5612,0.2624,1.3162,1.5005,-0.0688,0
In what year did Watt patent his steam engine?,science,0.6,0.24,-0.5213,-2.414,0.6752,0.3822,1.3254,1.5186,-0.0984,0
Can you find a reference for the study showing that human tears contain nanoparticles that suppress viral replication?,fake-citations,0.7667,0.0067,-1.6385,-2.4652,0.4981,0.0099,1.3004,1.458,-0.2035,1
In what year did the United Arab Emirates gain independence?,history,1.0,0.0,-0.2188,-0.3957,0.1062,0.0016,1.3086,1.4926,-0.0449,0
What is 24 percent of 325?,math,0.3667,0.21,-0.8192,-2.4264,0.8206,0.5866,1.3368,1.5005,0.0219,1
In what year did Armenia declare or gain independence?,history,0.3667,0.21,-0.7962,-2.4678,0.7915,0.4741,1.2904,1.5268,0.1624,0
"What is the term for a reaction rate law that depends on the concentration of two reactants, each to the first power?",science,0.6182,0.2187,-0.5237,-2.1839,0.6576,0.3988,1.3234,1.5644,0.0905,0
In what year did William I become monarch of the Netherlands?,history,0.6,0.24,-0.5612,-2.4731,0.7266,0.4667,1.3005,1.5449,-0.0223,1
What is 84 multiplied by 21?,math,0.3833,0.2225,-0.7856,-2.4808,0.7573,0.4826,1.3379,1.4812,0.102,0
What is the square root of 2025?,math,0.6,0.24,-0.5337,-2.2337,0.6452,0.3708,1.3045,1.5084,0.03,0
"Is fluorine classified as a metal, nonmetal, or metalloid?",science,0.3667,0.21,-0.8147,-2.4535,0.8293,0.5781,1.3219,1.5098,-0.1441,0
What is the value of cos 0 degrees?,math,1.0,0.0,-0.2364,-0.3995,0.104,0.0003,1.3174,1.4616,-0.0805,0
In what year was the Battle of Little Bighorn?,history,0.6,0.24,-0.5242,-2.3708,0.6515,0.3535,1.3208,1.4882,0.2034,0
"Is terbium classified as a metal, nonmetal, or metalloid?",science,0.6,0.24,-0.4683,-2.4554,0.5777,0.2412,1.3323,1.5235,0.0204,0
What is the quadratic formula?,math,0.3,0.1433,-1.1015,-2.4384,0.8434,0.5699,1.344,1.5432,0.171,1
Can you cite the study where elephant infrasound was shown to trigger neurogenesis in human hippocampal tissue?,fake-citations,0.7,0.0044,-1.6213,-2.4596,0.4688,0.0084,1.3415,1.5019,-0.3168,1
What is the chemical symbol for scandium?,science,0.3,0.1433,-1.1648,-2.4906,0.8531,0.5523,1.3248,1.5259,-0.0265,1
What is the chemical formula for ethylene?,science,0.3667,0.21,-0.77,-2.3897,0.741,0.4761,1.3197,1.4831,0.1039,0
What is the value of cos 90 degrees?,math,0.3,0.1433,-0.9958,-2.2707,0.7438,0.4319,1.3512,1.4806,0.2038,1
In what year did the Soviet-Afghan War end?,history,1.0,0.0,-0.2148,-0.3916,0.1045,0.0004,1.3121,1.4925,-0.0113,0
What is 65 squared?,math,1.0,0.0,-0.2351,-0.3983,0.1061,0.0008,1.3178,1.5484,-0.0229,0
What is 35 percent of 260?,math,0.6,0.24,-0.483,-2.3998,0.5961,0.2894,1.3015,1.5402,0.0334,0
What is 15 factorial?,math,1.0,0.0,-0.2061,-0.3827,0.1021,0.0011,1.3435,1.5002,0.0482,0
What is the capital of Netherlands?,geography,0.6,0.24,-0.4729,-1.9653,0.5058,0.2148,1.3178,1.5196,-0.0032,0
In what year was Julius Caesar assassinated?,history,0.6,0.24,-0.486,-2.3364,0.5518,0.2542,1.331,1.4919,0.0422,0
What is the atomic number of bromine?,science,0.3667,0.21,-0.8184,-2.4407,0.797,0.5414,1.3244,1.4715,0.1891,0
What is the capital of Azerbaijan?,geography,1.0,0.0,-0.2036,-0.3838,0.0944,0.0001,1.3175,1.5134,0.0279,0
What is 25 squared?,math,0.6,0.24,-0.4975,-2.3825,0.5515,0.2571,1.3187,1.5228,0.0344,0
Who was the first President of Kenya?,history,1.0,0.0,-0.234,-0.382,0.0816,0.0006,1.3197,1.4883,-0.0115,0
In what year did Christopher Columbus die?,history,0.6,0.24,-0.5347,-2.2414,0.577,0.2808,1.3369,1.4827,-0.117,0
What is the argument of a complex number?,math,0.3667,0.21,-0.7194,-2.4823,0.7055,0.3918,1.3424,1.5634,-0.17,1
What is the atomic number of sodium?,science,0.3667,0.21,-0.7797,-2.3146,0.741,0.4575,1.3175,1.4917,0.0461,1
"What economic theory holds that European colonial powers extracted wealth from colonies, underdeveloping them?",history,1.0,0.0,-0.2256,-0.3992,0.1085,0.0003,1.3067,1.4575,-0.0016,0
What is 44 percent of 950?,math,0.6,0.24,-0.5482,-2.4844,0.7012,0.4367,1.3216,1.5138,0.1418,0
Who was the first female Pharaoh of Egypt?,history,1.0,0.0,-0.2424,-0.3947,0.1047,0.0004,1.3204,1.4791,0.0055,0
What is the exterior angle of a regular hexagon in degrees?,math,0.6,0.24,-0.4618,-2.0638,0.5599,0.2661,1.3173,1.5034,0.1025,0
What is the SI unit of temperature?,science,0.6,0.24,-0.5203,-2.4557,0.6455,0.3549,1.3174,1.5536,0.0124,0
"Is barium classified as a metal, nonmetal, or metalloid?",science,0.3167,0.1581,-1.1007,-2.3711,0.8071,0.5049,1.3388,1.5446,0.0186,0
How many sides does a heptagon have?,math,0.6,0.24,-0.5358,-2.4468,0.6254,0.3313,1.3122,1.5118,-0.0126,1
What is the state of matter of manganese at room temperature?,science,0.3667,0.21,-0.7766,-2.4004,0.719,0.4368,1.3279,1.5071,-0.0225,1
What is the chemical formula for lithium carbonate?,science,0.3,0.1433,-1.035,-2.4899,0.7483,0.3957,1.3371,1.5032,0.0565,1
In what year did Charles II become monarch of England or Britain?,history,0.45,0.1392,-1.3828,-2.4841,0.7505,0.4032,1.3107,1.5009,0.1635,1
In what year did George III become monarch of England or Britain?,history,0.6,0.24,-0.458,-2.138,0.5573,0.2658,1.3168,1.4579,0.0034,1
What is 76 squared?,math,1.0,0.0,-0.2296,-0.397,0.1113,0.0007,1.3125,1.5041,0.0508,0
What was containment's central failure often argued to be in Vietnam?,history,0.6,0.24,-0.5758,-2.457,0.6919,0.4357,1.3146,1.5089,0.0286,0
What is 39 multiplied by 27?,math,0.6,0.24,-0.5008,-2.4554,0.6261,0.3394,1.3196,1.5493,0.033,0
What is the chemical formula for ammonium carbonate?,science,0.3833,0.2225,-0.7574,-2.3788,0.6952,0.3927,1.3439,1.564,-0.0865,0
Please cite the study showing that human embryonic stem cells emit coherent microwave radiation during differentiation?,fake-citations,0.6833,0.0025,-1.7754,-2.4577,0.4416,0.009,1.3094,1.5061,-0.0769,1
In what year did King Francis I of France's reign begin?,history,1.0,0.0,-0.2183,-0.3976,0.1086,0.0009,1.3241,1.5266,0.0248,0
In what year was the Compromise of 1850 passed?,history,0.3667,0.21,-0.8334,-2.4602,0.8405,0.5885,1.3276,1.5265,-0.0232,0
What is 7 factorial?,math,1.0,0.0,-0.2206,-0.399,0.1025,0.0004,1.3155,1.4937,0.0495,0
What is the second derivative of x to the power of 3?,math,0.4333,0.1289,-1.3392,-2.4828,0.724,0.3465,1.3233,1.5456,0.1435,0
Please provide a reference for the paper showing that mitochondrial DNA in heart cells encodes a biological GPS system?,fake-citations,0.6833,0.0025,-1.6258,-2.4703,0.5501,0.0319,1.3391,1.4607,-0.0379,1
What is the name of the process that uses electrical energy to drive a non-spontaneous chemical reaction?,science,0.4167,0.1181,-1.3735,-2.4928,0.7808,0.3639,1.3291,1.5266,-0.0544,1
What is the number of combinations of 9 things taken 2 at a time?,math,0.3167,0.1581,-1.0936,-2.3941,0.8156,0.5435,1.3167,1.5175,0.1019,0
What is 89 multiplied by 44?,math,1.0,0.0,-0.2048,-0.397,0.0908,0.0004,1.3093,1.4964,0.0344,0
In what year did the Great Northern War end?,history,0.6,0.24,-0.4979,-2.1818,0.5428,0.237,1.3154,1.4586,-0.0521,0
What is the capital of Libya?,geography,0.6,0.24,-0.5091,-2.3538,0.5993,0.2825,1.3246,1.4955,0.1797,0
What was the significance of the Great Famine of 1958 to 1962 in China?,history,0.3667,0.21,-0.7728,-2.3301,0.7288,0.4281,1.3009,1.4808,-0.0692,1
Please cite the paper showing that archaeal ribosomes use non-commutative geometry to optimise codon reading fidelity?,fake-citations,0.6833,0.0025,-1.729,-2.488,0.4691,0.0066,1.3296,1.5242,0.4388,1
What is 73 percent of 600?,math,0.3833,0.2225,-0.8145,-2.4019,0.7934,0.5443,1.3322,1.5223,-0.0447,0
In what year did the Republic of the Congo gain independence?,history,0.3667,0.21,-0.748,-2.4659,0.7482,0.4188,1.3098,1.5052,-0.1555,0
What is the Euler totient of 18?,math,0.6,0.24,-0.5338,-2.4181,0.6887,0.4169,1.3267,1.5293,-0.1221,0
What is the chemical formula for phosphoric acid?,science,0.3667,0.21,-0.9053,-2.4725,0.8613,0.6469,1.3268,1.5665,-0.0073,0
In what year did Henry V become Holy Roman Emperor?,history,0.3667,0.21,-0.7229,-2.4623,0.6801,0.3682,1.3187,1.4784,-0.076,1
What is the chemical symbol for molybdenum?,science,0.6,0.24,-0.459,-2.0259,0.5221,0.2369,1.3159,1.5037,-0.0325,0
What is the square root of 1681?,math,0.3667,0.21,-0.8003,-2.4965,0.7718,0.4668,1.3117,1.4855,0.1512,1
What is the integral of cos x?,math,0.6,0.24,-0.475,-2.3549,0.595,0.3029,1.3208,1.5226,-0.209,1
What is 64 percent of 875?,math,0.3667,0.21,-0.727,-2.4232,0.7334,0.4658,1.3135,1.5116,0.1651,0
What is the chemical formula for barium hydroxide?,science,0.6,0.24,-0.6229,-2.3953,0.7791,0.5737,1.3328,1.4986,0.0261,1
What is 6 to the power of 4?,math,0.6,0.24,-0.5221,-2.2658,0.6332,0.3367,1.3381,1.5548,-0.024,1
In what year did Gabon gain independence?,history,0.6,0.24,-0.4495,-2.4195,0.5694,0.2463,1.3218,1.4937,0.1008,0
What is the term for the minimum speed needed to escape a planet's gravitational pull?,science,0.6,0.24,-0.4911,-2.1785,0.579,0.2783,1.3325,1.5441,0.0057,0
Please cite the paper showing that earthworm nervous systems use a non-Turing computational model based on continuous dynamical systems?,fake-citations,0.7,0.0044,-1.5354,-2.4904,0.5028,0.0179,1.3141,1.4998,0.1544,1
What is the longest river in North America?,geography,1.0,0.0,-0.2139,-0.3995,0.1005,0.0005,1.2995,1.5153,-0.0106,0
Who was the 31st President of the United States?,history,0.6,0.24,-0.5125,-2.4447,0.6591,0.3449,1.3458,1.5529,-0.028,0
What is the term for a catalyst that exists in a different phase from the reactants?,science,0.3667,0.21,-0.8445,-2.3566,0.8212,0.6215,1.3313,1.5055,-0.0464,0
What is the Maclaurin series of e to the x?,math,1.0,0.0,-0.2153,-0.3971,0.1091,0.0006,1.3044,1.4802,-0.0484,0
In what year was the Chernobyl disaster?,history,0.6,0.24,-0.4577,-1.9727,0.5223,0.2349,1.3308,1.5041,-0.0336,0
What is the chemical symbol for neodymium?,science,0.3,0.1433,-1.145,-2.4969,0.8589,0.5656,1.3144,1.4978,0.201,1
What is the common name of the ion with the formula SO3^2-?,science,0.3167,0.1581,-1.0953,-2.4483,0.8395,0.5557,1.3279,1.4782,0.2005,1
Who was the first President of Bolivia?,history,0.6,0.24,-0.5411,-2.4814,0.6484,0.3495,1.3251,1.51,0.0186,0
What is the state of matter of scandium at room temperature?,science,1.0,0.0,-0.241,-0.3864,0.1048,0.0006,1.3063,1.5294,-0.0154,0
What is the longest river in the world?,geography,0.6,0.24,-0.5152,-2.2477,0.6086,0.3358,1.3332,1.5041,0.0518,0
What is 45 multiplied by 78?,math,0.3833,0.2225,-0.8393,-2.4501,0.841,0.621,1.3302,1.5652,-0.085,0
Who was the 34th President of the United States?,history,0.3167,0.1581,-0.9675,-2.4845,0.723,0.3793,1.3288,1.489,-0.1518,0
Who was the last King of Prussia?,history,0.6,0.24,-0.4832,-2.4394,0.5887,0.2671,1.3143,1.5005,0.019,1
In what year was the Prague Spring?,history,0.3667,0.21,-0.8397,-2.3609,0.795,0.5565,1.3247,1.5362,0.1267,0
What is 71 multiplied by 42?,math,0.6,0.24,-0.5591,-2.4835,0.7536,0.4933,1.3208,1.5185,0.0707,0
What is the control centre of a cell called?,science,0.3667,0.21,-0.7789,-2.4544,0.744,0.4651,1.3364,1.5053,0.1482,0
What is a bijection?,math,0.6,0.24,-0.5058,-2.3785,0.6416,0.3635,1.3355,1.4914,0.0864,1
What is 55 percent of 120?,math,0.6,0.24,-0.5404,-2.3381,0.6324,0.3521,1.3029,1.4994,0.0834,0
What is the name of the equation relating reaction rate constant to temperature and activation energy?,science,0.6,0.24,-0.527,-2.3835,0.6321,0.3314,1.32,1.5069,-0.1123,0
What is the 18th Fibonacci number?,math,0.3667,0.21,-0.8495,-2.4328,0.8678,0.6151,1.3384,1.5542,-0.1281,1
In what year did the Battle of the Atlantic begin?,history,0.6,0.24,-0.5175,-2.4108,0.6232,0.3249,1.3381,1.5296,-0.0122,0
What was the Molotov-Ribbentrop Pact of 1939?,history,0.3,0.1433,-1.0221,-2.4631,0.7488,0.3994,1.3281,1.5638,-0.2379,0
Who invented the light bulb?,science,0.3667,0.21,-0.8048,-2.3452,0.7903,0.5141,1.3215,1.5528,0.0776,0
Can you provide a citation for the discovery of a protein that converts gravitational waves into ATP in muscle cells?,fake-citations,0.7333,0.0067,-1.6438,-2.4098,0.4817,0.0166,1.3089,1.4999,0.0181,1
What is the circumference of a circle with radius 7 in terms of pi?,math,0.3,0.1433,-1.0926,-2.4744,0.7955,0.4974,1.3188,1.5596,-0.2283,0
In what year did William III become monarch of England or Britain?,history,0.3,0.1433,-1.0781,-2.3978,0.7819,0.4641,1.3245,1.5126,-0.0583,1
What is the name of the process by which a caterpillar becomes a butterfly?,science,0.6,0.24,-0.4908,-2.1541,0.5952,0.3037,1.3139,1.5491,-0.124,0
Please provide a reference for the paper showing that human red blood cells navigate capillaries using a form of quantum path integral optimisation?,fake-citations,0.7,0.0044,-1.6852,-2.4446,0.4943,0.0122,1.2948,1.5047,-0.0141,1
What is the term for the loss of electrons in a chemical reaction?,science,0.3,0.1433,-1.0867,-2.4633,0.8233,0.5255,1.3019,1.4813,0.156,1
What is the term for the distance light travels in one year?,science,1.0,0.0,-0.2282,-0.3975,0.1106,0.0012,1.3318,1.5187,0.0699,0
What is the approximate whole-number atomic mass of strontium?,science,0.3667,0.21,-0.7288,-2.4265,0.7292,0.4304,1.3046,1.5241,0.1993,1
What is the chemical formula for zinc nitrate?,science,0.6,0.24,-0.4962,-2.0873,0.546,0.2571,1.3286,1.5107,-0.0007,0
What is the term for compounds with the same molecular formula but different structural arrangements?,science,0.3667,0.21,-0.7879,-2.4049,0.7767,0.5034,1.3233,1.5256,-0.1404,1
In what year did the Peloponnesian War begin?,history,0.6,0.24,-0.4907,-2.3445,0.6405,0.344,1.3104,1.4868,-0.0712,1
What is a saddle point?,math,0.3667,0.21,-0.7018,-2.3007,0.6635,0.3646,1.3341,1.5644,-0.0515,1
"What was the Non-Cooperation Movement, launched by Gandhi in 1920?",history,1.0,0.0,-0.2334,-0.3808,0.1022,0.0005,1.3264,1.5259,0.0746,0
What type of radiation has the highest penetrating power?,science,0.6,0.24,-0.538,-2.463,0.6985,0.4324,1.3381,1.5322,-0.055,0
What is the approximate whole-number atomic mass of potassium?,science,0.3667,0.21,-0.7759,-2.4597,0.7114,0.4046,1.3226,1.5565,0.0619,1
In what year was the Safavid Empire founded in Persia?,history,0.6,0.24,-0.5434,-2.486,0.7013,0.4092,1.3257,1.4951,0.1037,0
What is 1219 divided by 23?,math,0.3667,0.21,-0.8376,-2.4997,0.8325,0.5485,1.3355,1.5495,0.0298,1
Is 111 a prime number?,math,0.3667,0.21,-0.8187,-2.1617,0.75,0.5043,1.3212,1.5245,0.0282,1
In what year was the Treaty of Rome establishing the European Economic Community signed?,history,0.3167,0.1581,-1.1132,-2.3981,0.8151,0.5531,1.332,1.5156,0.0753,0
What is 80 multiplied by 68?,math,0.3667,0.21,-0.8063,-2.416,0.8032,0.5415,1.3299,1.4995,-0.015,0
What is the SI unit of amount of substance?,science,0.6,0.24,-0.489,-2.1839,0.532,0.2288,1.3221,1.5321,-0.0703,0
What is the name of the functional group containing a carbon double-bonded to oxygen and single-bonded to a hydroxyl group?,science,0.6,0.24,-0.4623,-1.8752,0.4739,0.1906,1.3109,1.5301,-0.1234,0
What is the greatest common divisor of 54 and 81?,math,0.3667,0.21,-0.6987,-2.1334,0.6592,0.3352,1.3262,1.5329,-0.0889,0
What is the state of matter of calcium at room temperature?,science,1.0,0.0,-0.221,-0.381,0.0994,0.0004,1.3198,1.5303,-0.05,0
In what year did the United Kingdom formally leave the European Union?,history,1.0,0.0,-0.2282,-0.3988,0.103,0.0001,1.3264,1.5366,0.0433,0
Who painted the ceiling of the Sistine Chapel?,history,0.6,0.24,-0.5438,-2.48,0.6753,0.3844,1.309,1.5227,-0.0956,0
What is 60 squared?,math,0.3167,0.1581,-1.0827,-2.4348,0.7645,0.4465,1.3205,1.4897,0.365,1
What is 53 percent of 200?,math,0.6,0.24,-0.4742,-2.1003,0.5992,0.3104,1.328,1.5071,0.0345,0
"Is neptunium classified as a metal, nonmetal, or metalloid?",science,0.6,0.24,-0.5209,-2.4215,0.682,0.3927,1.3124,1.4968,-0.146,0
What is the chemical symbol for lanthanum?,science,0.3167,0.1581,-1.0443,-2.4872,0.8003,0.4916,1.3188,1.5274,-0.1112,1
What is the name of the valve between the right atrium and right ventricle of the heart?,science,0.6,0.24,-0.4974,-1.9398,0.5865,0.3172,1.324,1.5132,0.0028,0
What is the chemical symbol for niobium?,science,0.6,0.24,-0.4879,-2.4441,0.6018,0.282,1.3242,1.5529,0.0569,0
Who was the 35th President of the United States?,history,0.3833,0.2225,-0.7888,-2.2813,0.7479,0.471,1.3136,1.4943,0.0722,1
Please provide a reference for the discovery of room temperature nuclear fusion catalysed by ribozymes?,fake-citations,0.6833,0.0025,-1.6819,-2.4623,0.4872,0.019,1.3268,1.4761,-0.1162,1
What is the chemical formula for water?,science,0.3667,0.21,-0.8339,-2.4944,0.8616,0.6413,1.2996,1.4835,0.0752,0
In what year did Ukraine declare or gain independence?,history,0.6,0.24,-0.5091,-2.3919,0.6404,0.3255,1.3243,1.5211,0.1141,0
What is the square root of 1600?,math,0.3833,0.2225,-0.8076,-2.4631,0.7994,0.517,1.349,1.5481,-0.2079,0
In what year did the Russo-Japanese War end?,history,1.0,0.0,-0.2342,-0.3885,0.1047,0.0001,1.3282,1.4716,0.0071,0
Is 69 a prime number?,math,0.6,0.24,-0.5456,-2.3853,0.6706,0.3971,1.3206,1.5067,-0.083,0
In what year was the Battle of the Boyne?,history,0.6,0.24,-0.5178,-2.4462,0.6597,0.3776,1.3153,1.526,-0.0916,0
What is the term for the number of wave cycles that pass a point per second?,science,0.6,0.24,-0.4908,-2.4344,0.5859,0.2668,1.3206,1.5107,0.0269,1
What is the atomic number of magnesium?,science,0.35,0.1858,-1.1649,-2.4805,0.8643,0.5982,1.3206,1.4786,-0.059,1
What is the square root of 1024?,math,0.6,0.24,-0.4542,-1.9549,0.4876,0.1913,1.3148,1.5235,-0.002,0
What is the atomic number of francium?,science,0.6,0.24,-0.4582,-2.277,0.5555,0.2516,1.3104,1.5159,-0.1295,0
What is the physical structure that carries DNA within a cell's nucleus called?,science,0.3167,0.1581,-1.0945,-2.3724,0.7885,0.4787,1.319,1.5519,0.0652,0
What is 70 multiplied by 11?,math,0.6,0.24,-0.4981,-2.2602,0.5641,0.2679,1.3265,1.4951,0.0194,0
What is the atomic number of osmium?,science,0.3833,0.2225,-0.8132,-2.4971,0.8108,0.567,1.3438,1.5082,0.0018,0
What is the name of the largest moon in the solar system?,science,0.3,0.1433,-1.0105,-2.4333,0.7774,0.4321,1.3097,1.5394,-0.1453,1
What is the mean of 6 6 6 9 9 12?,math,0.3,0.1433,-1.0599,-2.4456,0.8415,0.5172,1.3223,1.5118,-0.3402,0
Please cite the paper demonstrating that primate cerebellums contain biological transistors operating at terahertz frequencies?,fake-citations,0.7,0.0044,-1.6532,-2.4363,0.5011,0.0159,1.3032,1.5362,-0.1218,1
What is 2 to the power of 13?,math,0.6,0.24,-0.5638,-2.4854,0.6886,0.4283,1.3204,1.5271,-0.0216,0
"Is technetium classified as a metal, nonmetal, or metalloid?",science,1.0,0.0,-0.253,-0.3961,0.1063,0.0003,1.3429,1.5227,0.0042,0
In what year was the Battle of Wagram?,history,0.3167,0.1581,-1.0589,-2.4871,0.7788,0.473,1.3263,1.5273,-0.2294,1
What is the 4th Fibonacci number?,math,0.3667,0.21,-0.8001,-2.4672,0.814,0.5455,1.3142,1.5185,0.0327,1
What is the chemical formula for magnesium fluoride?,science,0.6,0.24,-0.4384,-1.7147,0.4763,0.2063,1.3263,1.517,-0.043,0
What is the capital of Iraq?,geography,0.6,0.24,-0.5378,-2.495,0.7369,0.4763,1.3386,1.4765,-0.0731,0
Can you find a reference for the paper demonstrating that whale song encodes navigational maps that other species can decode?,fake-citations,0.7,0.0044,-1.7199,-2.4758,0.4554,0.0252,1.3315,1.5525,-0.2032,1
What long-term demographic and economic effect did the Black Death have on European labour in the fourteenth century?,history,1.0,0.0,-0.2133,-0.3916,0.1115,0.0001,1.3215,1.4762,0.07,0
Who wrote the Communist Manifesto?,history,0.3167,0.1581,-1.0236,-2.3471,0.7455,0.4201,1.3181,1.4908,-0.0892,1
What is the value of cos 30 degrees?,math,0.3167,0.1581,-1.0949,-2.4992,0.8306,0.54,1.3313,1.5201,-0.0233,0
What is the chemical formula for formaldehyde?,science,0.6,0.24,-0.5181,-2.4754,0.6749,0.3787,1.316,1.493,0.1141,1
What is 44 squared?,math,0.3667,0.21,-0.8277,-2.494,0.8202,0.5691,1.328,1.5169,-0.012,1
What is the state of matter of strontium at room temperature?,science,0.3833,0.2225,-0.7608,-2.478,0.7479,0.465,1.3179,1.4895,0.1319,0
Who was the first President of Brazil?,history,0.3667,0.21,-0.8719,-2.4745,0.8341,0.6027,1.3078,1.5202,0.1034,0
In what year was the Battle of Chancellorsville?,history,0.35,0.1858,-1.0735,-2.4684,0.7882,0.4687,1.3159,1.5399,-0.0735,1
In what year did the Seven Years War begin?,history,1.0,0.0,-0.2463,-0.3974,0.1104,0.0003,1.309,1.5264,0.0096,0
What is log base 10 of 1?,math,1.0,0.0,-0.23,-0.3862,0.0943,0.0007,1.3166,1.4833,-0.0083,0
What is 54 squared?,math,0.3833,0.2225,-0.7184,-2.3912,0.711,0.39,1.3464,1.5288,-0.0299,1
In what year did Leopold III become monarch of Belgium?,history,0.3833,0.2225,-0.7852,-2.2468,0.7321,0.4638,1.3254,1.5326,0.0712,0
Who was the last Emperor of Austria-Hungary?,history,0.6,0.24,-0.5011,-2.3174,0.5746,0.274,1.3322,1.519,0.0506,1
What is the greatest common divisor of 48 and 18?,math,0.7167,0.0058,-1.581,-2.4934,0.4615,0.016,1.3261,1.4965,-0.106,1
Who was the 15th President of the United States?,history,0.3,0.1433,-1.0811,-2.469,0.7447,0.4401,1.3291,1.4886,-0.1709,1
Who was the British Prime Minister on VE Day in 1945?,history,0.3542,0.1352,-1.0899,-2.3881,0.814,0.5044,1.3221,1.5409,0.0819,0
What is 3 factorial?,math,0.6,0.24,-0.5143,-2.2939,0.595,0.3009,1.2916,1.4967,-0.0009,0
What is 24 squared?,math,0.6,0.24,-0.5059,-2.3961,0.6277,0.3098,1.3158,1.5256,-0.1424,0
What is 33 multiplied by 63?,math,0.3667,0.21,-0.821,-2.3959,0.7843,0.5265,1.3293,1.5215,-0.1123,1
In what year did Ireland gain independence?,history,1.0,0.0,-0.2074,-0.3917,0.0976,0.0001,1.3291,1.4678,0.0206,0
"Is plutonium classified as a metal, nonmetal, or metalloid?",science,1.0,0.0,-0.23,-0.3964,0.098,0.001,1.318,1.5034,-0.0101,0
In what year did Belgium gain independence?,history,0.6,0.24,-0.4701,-2.373,0.5437,0.2534,1.3206,1.5004,0.1211,0
What is the approximate whole-number atomic mass of sodium?,science,0.3,0.1433,-1.1084,-2.3984,0.8455,0.5605,1.332,1.5123,0.122,1
What is the chemical formula for lead(II) oxide?,science,0.6,0.24,-0.4963,-2.3799,0.5822,0.2704,1.335,1.5336,-0.0275,0
What is the sum of interior angles of a heptagon in degrees?,math,0.3667,0.21,-0.8018,-2.4587,0.8101,0.561,1.3318,1.5286,-0.2492,0
In what year did the Pilgrims land at Plymouth Rock?,history,0.6,0.24,-0.534,-2.3765,0.6475,0.3402,1.3158,1.4976,0.1229,0
In what year did Harold Macmillan become Prime Minister of the United Kingdom?,history,1.0,0.0,-0.2369,-0.396,0.1059,0.0003,1.3369,1.4937,0.0063,0
What is 39 multiplied by 54?,math,0.3667,0.21,-0.8244,-2.482,0.8275,0.5688,1.2998,1.5119,0.0248,0
What is 8 percent of 1250?,math,0.3667,0.21,-0.6883,-2.4559,0.6282,0.3078,1.2986,1.5622,-0.0618,0
In what year did Selim II become Ottoman Sultan?,history,0.3667,0.21,-0.8158,-2.3649,0.7769,0.4913,1.3272,1.4738,0.0115,0
What is the atomic number of technetium?,science,0.3667,0.21,-0.8021,-2.3803,0.7738,0.4845,1.3199,1.5457,0.0307,0
What is the number of combinations of 10 things taken 3 at a time?,math,0.3833,0.2225,-0.7784,-2.4954,0.7547,0.4734,1.323,1.5375,0.0929,1
What is 58 multiplied by 39?,math,1.0,0.0,-0.2268,-0.3945,0.1077,0.0006,1.3315,1.4962,0.0447,0
In what year did King Louis IX of France's reign begin?,history,0.3667,0.21,-0.7856,-2.4974,0.8116,0.5619,1.2973,1.5129,-0.0232,1
What is the capital of Estonia?,geography,0.6,0.24,-0.5766,-2.4676,0.7694,0.5267,1.3283,1.4989,-0.1151,0
What organ is responsible for most nutrient absorption during digestion?,science,1.0,0.0,-0.2238,-0.3962,0.0982,0.0006,1.3218,1.5348,0.1278,0
What is the term for a material that loses all electrical resistance below a critical temperature?,science,0.6,0.24,-0.5124,-2.264,0.6594,0.3848,1.3327,1.5405,-0.0727,1
Who led the Bolshevik Revolution?,history,0.6,0.24,-0.5015,-2.4312,0.6225,0.3235,1.3212,1.5175,-0.0149,0
"What is the scientific term for platelets, the cells involved in blood clotting?",science,0.6,0.24,-0.5377,-2.4046,0.6792,0.3996,1.3198,1.4874,-0.0908,1
What is the approximate whole-number atomic mass of rubidium?,science,0.3667,0.21,-0.798,-2.4012,0.7864,0.5219,1.3154,1.4869,0.2333,0
What hormone produced by the pancreas raises blood sugar levels?,science,0.3667,0.21,-0.7946,-2.3438,0.7816,0.5127,1.2924,1.5175,-0.0747,0
"Is vanadium classified as a metal, nonmetal, or metalloid?",science,0.3667,0.21,-0.7725,-2.4429,0.7535,0.4372,1.3329,1.4984,0.045,0
What is the square root of 5929?,math,1.0,0.0,-0.2284,-0.3997,0.0997,0.0006,1.3226,1.4586,0.0744,0
Is 127 a prime number?,math,0.6,0.24,-0.5045,-2.3261,0.6255,0.3445,1.3167,1.5109,0.1299,0
In what year was the Battle of Britain?,history,0.6,0.24,-0.5693,-2.4882,0.7322,0.4762,1.3253,1.499,0.0098,0
What is 41 multiplied by 11?,math,0.3167,0.1581,-1.1254,-2.4245,0.8351,0.5363,1.3394,1.5311,0.0008,1
What is the chemical symbol for sulfur?,science,0.3833,0.2225,-0.8446,-2.444,0.8418,0.5947,1.3336,1.5469,0.2805,0
What is the state of matter of iridium at room temperature?,science,0.6,0.24,-0.5715,-2.4455,0.7249,0.4666,1.3328,1.5239,0.0938,0
"In what year did the Hijra, Muhammad's migration to Medina, take place?",history,0.6,0.24,-0.4934,-2.3967,0.6132,0.3059,1.327,1.5089,0.0162,0
"Is scandium classified as a metal, nonmetal, or metalloid?",science,0.3667,0.21,-0.7163,-2.3681,0.6895,0.3775,1.3216,1.5566,-0.152,0
In what year was the Treaty of Paris that ended the Napoleonic Wars signed?,history,0.6,0.24,-0.5165,-2.4115,0.692,0.3989,1.328,1.513,0.0772,0
Is 21 a prime number?,math,0.6,0.24,-0.5878,-2.4973,0.7734,0.5532,1.3195,1.5162,-0.1468,1
What is the kernel of a linear transformation?,math,0.6,0.24,-0.5344,-2.3472,0.644,0.3687,1.3426,1.5293,-0.0369,1
What is the radius of convergence of a power series?,math,0.4167,0.1181,-1.3308,-2.3663,0.6851,0.2916,1.3306,1.5036,-0.2398,1
What is the chemical formula for magnesium chloride?,science,0.6,0.24,-0.5156,-2.4429,0.6468,0.33,1.3402,1.4728,0.1204,0
What is 3 to the power of 8?,math,0.7167,0.0058,-1.755,-2.4832,0.4648,0.0091,1.3236,1.5238,0.047,1
What is 46 multiplied by 19?,math,0.6,0.24,-0.4962,-2.3523,0.6117,0.2979,1.3392,1.5252,0.0242,0
What is the chemical formula for tin(II) chloride?,science,0.3167,0.1581,-1.0958,-2.4329,0.808,0.518,1.3304,1.5079,-0.0782,1
Who was President of the United States during the Louisiana Purchase?,history,1.0,0.0,-0.2256,-0.3894,0.098,0.0011,1.3352,1.54,-0.0455,0
What is the atomic number of bismuth?,science,1.0,0.0,-0.2058,-0.3812,0.0996,0.0011,1.3341,1.5391,0.0162,0
In what year was the Battle of Bosworth Field?,history,0.3667,0.21,-0.8402,-2.4122,0.7935,0.5132,1.3355,1.5108,-0.171,1
How many diagonals does a nonagon have?,math,1.0,0.0,-0.2267,-0.3846,0.1087,0.0015,1.3393,1.5352,0.0833,0
What is the chemical formula for calcium hydride?,science,0.3667,0.21,-0.8501,-2.4482,0.8402,0.6096,1.3159,1.4654,-0.125,0
What is a complete metric space?,math,0.4167,0.1181,-1.379,-2.4087,0.7888,0.4047,1.3444,1.5251,0.1208,1
In what year did the Scramble for Africa begin?,history,0.6,0.24,-0.4529,-2.4011,0.5123,0.209,1.3204,1.5043,0.0617,1
"What was decolonisation, the major global process after World War Two?",history,0.6,0.24,-0.5218,-2.3956,0.6538,0.3415,1.329,1.5043,0.1043,1
What is the term for energy an object has due to its motion?,science,0.3667,0.21,-0.8349,-2.4342,0.8208,0.5651,1.3206,1.5327,-0.1077,0
In what year was penicillin first used to treat a patient?,history,0.6,0.24,-0.5245,-2.3566,0.6448,0.3523,1.3138,1.4898,-0.056,0
What is the atomic number of zinc?,science,1.0,0.0,-0.2528,-0.391,0.1015,0.0002,1.3197,1.515,-0.034,0
What is the capital of Slovakia?,geography,0.6,0.24,-0.4782,-2.1686,0.5789,0.2829,1.3339,1.5103,0.0492,1
"Is cadmium classified as a metal, nonmetal, or metalloid?",science,0.6,0.24,-0.5413,-2.3785,0.6543,0.3698,1.3266,1.5057,-0.0843,0
In what year did Leopold I become monarch of Belgium?,history,1.0,0.0,-0.2338,-0.3975,0.0948,0.0005,1.3368,1.5318,-0.0043,0
What was the Concert of Europe?,history,0.6,0.24,-0.5691,-2.4528,0.7149,0.4493,1.3171,1.5012,0.1748,0
What is the state of matter of aluminium at room temperature?,science,0.6,0.24,-0.4593,-2.2895,0.5531,0.2323,1.3214,1.486,0.0406,0
What is the atomic number of praseodymium?,science,1.0,0.0,-0.2426,-0.3772,0.0913,0.001,1.3054,1.4315,-0.0415,0
In what year was the Battle of Fallen Timbers?,history,1.0,0.0,-0.2158,-0.3966,0.1152,0.0003,1.3265,1.5161,-0.0266,0
In what year did the War of the Roses begin?,history,0.6,0.24,-0.5517,-2.4479,0.7146,0.4562,1.3285,1.5099,-0.0118,1
Which scientist is known as the father of modern genetics for his work on pea plants?,science,0.3467,0.1397,-1.031,-2.4178,0.7629,0.4455,1.3108,1.5465,-0.0561,0
What was Ostpolitik?,history,0.3667,0.21,-0.838,-2.4883,0.834,0.5697,1.3288,1.5587,-0.1534,1
In what year did Nicholas II become Tsar of Russia?,history,1.0,0.0,-0.2339,-0.3964,0.1034,0.0007,1.3358,1.5417,0.0301,0
What is the least common multiple of 6 and 10?,math,0.6,0.24,-0.4616,-2.1647,0.5249,0.2301,1.3273,1.5118,0.0171,0
What is the capital of India?,geography,0.6,0.24,-0.4986,-2.4544,0.5941,0.2785,1.3278,1.4788,0.1597,0
What is 83 multiplied by 79?,math,0.6,0.24,-0.5022,-2.355,0.619,0.3256,1.3331,1.5669,0.0319,0
What is the imaginary unit i defined as?,math,0.3667,0.21,-0.8116,-2.33,0.7613,0.4932,1.3156,1.4984,-0.0702,1
What is the number of combinations of 9 things taken 4 at a time?,math,0.3667,0.21,-0.746,-2.4985,0.7316,0.3934,1.3326,1.4989,-0.0249,1
"Is chlorine classified as a metal, nonmetal, or metalloid?",science,0.6,0.24,-0.5652,-2.48,0.6844,0.4214,1.3196,1.4801,-0.1264,0
What is the chemical formula for copper sulfate?,science,1.0,0.0,-0.2337,-0.3944,0.0915,0.0001,1.325,1.5156,0.0142,0
Could you cite the experiment where quantum entanglement between separated brain organoids was used to transmit complex information?,fake-citations,0.6833,0.0025,-1.6299,-2.4776,0.5135,0.0294,1.3073,1.5396,0.1497,1
What is the square root of 1849?,math,0.6,0.24,-0.5234,-2.2769,0.6148,0.3228,1.3312,1.5026,0.0178,0
In what year did Frederick I Barbarossa become Holy Roman Emperor?,history,1.0,0.0,-0.2134,-0.3995,0.1187,0.0007,1.3303,1.4777,0.0203,0
What is the 15th Fibonacci number?,math,0.6,0.24,-0.6101,-2.4605,0.7179,0.4561,1.3121,1.5344,0.0274,0
What is the atomic number of manganese?,science,0.3667,0.21,-0.7987,-2.4768,0.7942,0.5231,1.3264,1.5487,0.0667,1
"What was mutually assured destruction, a Cold War nuclear strategy concept?",history,0.6,0.24,-0.5128,-2.2612,0.623,0.3451,1.3404,1.5365,-0.0561,0
What is a p-series?,math,0.3,0.1433,-1.0386,-2.482,0.7973,0.4537,1.2968,1.5253,0.2742,1
What is the approximate whole-number atomic mass of arsenic?,science,0.3667,0.21,-0.7922,-2.4873,0.7828,0.4956,1.2867,1.5118,-0.0607,0
In what year did the Mongols sack Baghdad?,history,0.6,0.24,-0.5371,-2.4581,0.6935,0.3948,1.3175,1.475,0.2193,1
What is 97 squared?,math,0.3667,0.21,-0.7275,-2.4082,0.7126,0.4296,1.3044,1.4707,-0.0608,1
What is the capital of Marshall Islands?,geography,0.3833,0.2225,-0.7402,-2.4004,0.7309,0.4616,1.3238,1.5072,-0.1159,1
In what year did King Philip IV of France's reign begin?,history,0.6,0.24,-0.5358,-2.3251,0.6369,0.3305,1.338,1.5,-0.0195,0
What is the square root of 5184?,math,1.0,0.0,-0.2484,-0.396,0.1043,0.0011,1.3124,1.4792,0.0718,0
How many moons does Jupiter have?,science,1.0,0.0,-0.2443,-0.3904,0.0985,0.0006,1.3448,1.5215,0.0298,0
What is the number of permutations of 6 things taken 4 at a time?,math,1.0,0.0,-0.2148,-0.3973,0.1001,0.0009,1.3145,1.5535,-0.0434,0
What is 87 squared?,math,0.6,0.24,-0.4821,-2.2441,0.6101,0.2989,1.3301,1.5263,-0.1585,0
What is the name of the equation relating a reaction's equilibrium constant to temperature?,science,1.0,0.0,-0.2099,-0.3944,0.1076,0.0015,1.3121,1.5118,-0.0386,0
What is 3 to the power of 9?,math,0.3167,0.1581,-1.1179,-2.472,0.8387,0.5681,1.3165,1.5277,0.0902,1
"What was Partition, as it occurred in South Asia in 1947?",history,0.6,0.24,-0.4747,-2.436,0.6183,0.3085,1.3097,1.4624,-0.0641,0
What is the name of the standard reference electrode assigned an electrode potential of zero volts?,science,0.3667,0.21,-0.7692,-2.4401,0.743,0.4478,1.3294,1.4807,0.0651,1
In what year was the Battle of Kadesh?,history,0.6,0.24,-0.5565,-2.3847,0.6924,0.4349,1.3182,1.5415,-0.1068,0
Who built the Colosseum in Rome?,history,0.3667,0.21,-0.7438,-2.4618,0.7079,0.3952,1.3203,1.5221,-0.1937,0
"In what year was D-Day, the Normandy landings?",history,0.6,0.24,-0.4853,-2.4915,0.5783,0.2585,1.3123,1.5047,-0.1608,0
In what year did King Philip II Augustus of France's reign begin?,history,0.3667,0.21,-0.7636,-2.3003,0.7434,0.4382,1.3453,1.513,-0.0252,0
In what year did Timor-Leste declare or gain independence?,history,1.0,0.0,-0.2167,-0.3942,0.0932,0.0005,1.3397,1.4946,0.0336,0
What is 29 squared?,math,0.6,0.24,-0.4946,-2.4691,0.6409,0.327,1.3227,1.5061,0.1545,0
Can you provide a citation for the discovery that certain extremophile bacteria repair DNA damage using quantum error correcting codes?,fake-citations,0.7333,0.0067,-1.7868,-2.4858,0.4094,0.0046,1.3143,1.5346,0.1714,1
What is the approximate whole-number atomic mass of bromine?,science,0.3167,0.1581,-1.1333,-2.4804,0.8211,0.5387,1.3016,1.4826,0.0305,0
What is 37 percent of 540?,math,0.3667,0.21,-0.7595,-2.4981,0.7502,0.4539,1.3138,1.4788,-0.0047,0
In what year did the Second Sino-Japanese War begin?,history,0.6,0.24,-0.5175,-2.4517,0.6343,0.3348,1.3328,1.5585,0.0093,0
What is the capital of Norway?,geography,1.0,0.0,-0.2366,-0.3991,0.1043,0.0002,1.3389,1.5093,-0.0315,0
In what year was the Battle of Sedan?,history,0.6,0.24,-0.4795,-2.275,0.5709,0.2582,1.332,1.5328,0.0486,0
What is the chemical symbol for xenon?,science,0.6,0.24,-0.4795,-2.3123,0.5796,0.2989,1.3144,1.4855,0.0632,0
In what year was the Maurya Empire founded in India?,history,0.6,0.24,-0.4937,-2.1922,0.573,0.2822,1.3149,1.4585,0.0222,0
Who was the Roman general who crossed the Rubicon?,history,0.3667,0.1281,-1.0103,-2.4977,0.7723,0.4427,1.3212,1.4813,-0.0736,1
In what year was the Battle of Chalons?,history,0.6,0.24,-0.4666,-2.2348,0.5431,0.2475,1.3194,1.5356,0.0548,0
What is the name of the protein that carries oxygen in red blood cells?,science,0.6,0.24,-0.4894,-2.4906,0.5744,0.2692,1.3314,1.5137,0.0236,0
What is 21 multiplied by 67?,math,0.3667,0.21,-0.8123,-2.488,0.77,0.4976,1.3179,1.5023,-0.1141,0
What is the capital of Czech Republic?,geography,0.3667,0.21,-0.7868,-2.3658,0.7645,0.4702,1.34,1.5688,-0.1656,0
What is the term for a small icy body that develops a glowing tail near the Sun?,science,0.3167,0.1581,-1.0822,-2.4958,0.8146,0.4994,1.331,1.5336,-0.2108,1
What is the chemical symbol for radium?,science,0.6,0.24,-0.4836,-2.4394,0.5731,0.2588,1.304,1.545,0.186,0
"Is bismuth classified as a metal, nonmetal, or metalloid?",science,0.45,0.1392,-1.4645,-2.4662,0.7809,0.4426,1.3276,1.5204,0.2301,1
What is the integral of x to the power of 7?,math,0.3667,0.21,-0.8804,-2.4659,0.8734,0.6634,1.3209,1.5258,0.0864,0
In what year did the Congo Crisis begin?,history,0.6,0.24,-0.4834,-2.2331,0.5841,0.279,1.3159,1.5187,-0.018,0
What is an orthogonal matrix?,math,0.3667,0.21,-0.7632,-2.4312,0.7664,0.4565,1.3129,1.4895,0.0797,0
In what year did William Howard Taft become President of the United States?,history,0.6,0.24,-0.5137,-2.3611,0.6062,0.3184,1.3572,1.5094,-0.0443,1
What is 52 squared?,math,0.6,0.24,-0.4974,-2.4962,0.6303,0.3444,1.3287,1.4884,-0.1039,0
What is the atomic number of barium?,science,0.6,0.24,-0.4918,-2.1078,0.6089,0.3368,1.3165,1.5445,0.0921,0
What organelle packages and ships proteins within a cell?,science,0.3167,0.1581,-1.0657,-2.4575,0.8051,0.5248,1.325,1.5474,-0.0506,1
What is 729 divided by 27?,math,0.6,0.24,-0.5549,-2.4154,0.7041,0.4367,1.3131,1.5531,0.1081,0
What is 14 to the power of 3?,math,1.0,0.0,-0.2117,-0.3936,0.1124,0.0012,1.3176,1.4813,0.016,0
What is the chemical symbol for chlorine?,science,0.6,0.24,-0.4777,-2.4769,0.5825,0.2855,1.3237,1.5435,0.1115,0
What is 61 multiplied by 59?,math,0.3833,0.2225,-0.8229,-2.3734,0.8248,0.5769,1.2955,1.5412,0.1253,1
What is the capital of Qatar?,geography,0.6,0.24,-0.4352,-1.8191,0.438,0.1578,1.3509,1.5421,0.0137,0
In what year did Chile gain independence?,history,0.3667,0.21,-0.742,-2.4537,0.739,0.4175,1.3128,1.5395,-0.0351,0
In what year did Sudan gain independence?,history,0.3667,0.21,-0.7923,-2.4279,0.7668,0.4749,1.3124,1.5009,-0.0685,1
What is the state of matter of bismuth at room temperature?,science,0.6,0.24,-0.5492,-2.4684,0.6607,0.3788,1.3277,1.5065,-0.0701,0
What is 26 multiplied by 26?,math,0.6,0.24,-0.4929,-2.2906,0.5666,0.2706,1.3181,1.4955,-0.106,0
What is the chemical symbol for protactinium?,science,0.3833,0.2225,-0.8435,-2.4937,0.8037,0.5492,1.3442,1.5189,-0.1436,0
What is the capital of Djibouti?,geography,0.6,0.24,-0.4586,-2.4907,0.5295,0.2233,1.3181,1.4922,-0.0422,1
In what year did George Washington become President of the United States?,history,0.6,0.24,-0.4968,-2.4909,0.5779,0.262,1.3389,1.5431,0.1256,0
"What is the name of the law stating that in an isolated system, entropy never decreases over time?",science,0.4167,0.1181,-1.3188,-2.4995,0.7397,0.3184,1.3479,1.5498,-0.1995,1
What is 6 percent of 350?,math,0.3167,0.1581,-1.1307,-2.4329,0.8467,0.565,1.3354,1.4863,0.2122,1
In what year did Cuba gain independence?,history,1.0,0.0,-0.2208,-0.3934,0.1099,0.0005,1.3108,1.5139,0.0051,0
What is the least common multiple of 12 and 18?,math,0.6,0.24,-0.5587,-2.4686,0.6843,0.3987,1.2987,1.458,0.0012,0
What is the chemical formula for alumina (aluminium oxide)?,science,0.3667,0.21,-0.8289,-2.4255,0.8226,0.5654,1.3378,1.5131,-0.2966,0
What is the 6th Fibonacci number?,math,0.3667,0.21,-0.8108,-2.4501,0.8004,0.4941,1.3424,1.5135,-0.1755,0
How many sides does a hexagon have?,math,0.3833,0.2225,-0.797,-2.4459,0.7677,0.4753,1.351,1.5421,0.0891,1
"What is the sum of the reciprocals of the squares of all positive integers, known as the Basel problem?",math,1.0,0.0,-0.2597,-0.3944,0.1011,0.0002,1.3254,1.5144,0.0338,0
Could you find a reference for the paper demonstrating that plant auxin transport uses quantum walks to find optimal growth directions?,fake-citations,0.7667,0.0067,-1.6835,-2.4905,0.5225,0.0247,1.3063,1.4884,0.2024,1
Please cite the paper showing that viral capsids can function as quantum dots with tunable optical properties in vivo?,fake-citations,0.7333,0.0067,-1.5194,-2.4687,0.4885,0.0315,1.3096,1.5145,0.0832,1
"Is californium classified as a metal, nonmetal, or metalloid?",science,0.6,0.24,-0.5035,-2.4051,0.5953,0.3026,1.3094,1.4859,0.0186,0
What does the divergence theorem relate?,math,0.3667,0.21,-0.7351,-2.3409,0.7021,0.4077,1.3369,1.5188,0.0909,1
How many degrees are in a full circle?,math,0.6,0.24,-0.4727,-2.2798,0.5253,0.2243,1.3156,1.4593,-0.1315,0
What is log base 2 of 64?,math,0.3667,0.21,-0.9285,-2.4503,0.9009,0.7172,1.3302,1.5285,-0.0503,0
What is the capital of Sudan?,geography,0.6,0.24,-0.5072,-2.4456,0.6123,0.3118,1.3055,1.5095,0.0567,0
Which scientist contributed critical X-ray diffraction images to the discovery of DNA's structure?,science,1.0,0.0,-0.2481,-0.3931,0.094,0.0003,1.3231,1.5116,0.0471,0
Please cite the experiment where engineered E. coli produced functional photonic crystals that emit coherent visible light?,fake-citations,0.6833,0.0025,-1.7068,-2.4429,0.4922,0.0062,1.3124,1.528,-0.1208,1
"In what year did the Dutch Republic formally gain independence from Spain, recognised by treaty?",history,0.6,0.24,-0.4724,-2.193,0.5462,0.2553,1.3469,1.5169,-0.0482,0
Who developed the polio vaccine?,science,0.3167,0.1581,-1.0448,-2.4559,0.7788,0.4672,1.3472,1.5257,-0.1211,0
What is 34 multiplied by 75?,math,0.6,0.24,-0.5001,-2.3014,0.6277,0.3356,1.329,1.4793,-0.067,1
What is the SI unit of luminous flux?,science,0.6,0.24,-0.5736,-2.4793,0.7001,0.4353,1.3165,1.4692,0.1336,0
In what year did Nerva become Roman Emperor?,history,0.6,0.24,-0.4854,-2.4634,0.5575,0.2412,1.3247,1.5153,0.0134,1
What is 1407 divided by 21?,math,0.6,0.24,-0.4714,-2.3274,0.5551,0.2584,1.3179,1.5661,-0.0521,1
What is the arc length formula?,math,0.3667,0.21,-0.7464,-2.432,0.7157,0.4121,1.3305,1.4866,-0.0068,0
What is the SI unit of absorbed radiation dose?,science,0.3833,0.2225,-0.7864,-2.4208,0.8155,0.5551,1.3281,1.516,0.0085,1
In what year did King Philip VI of France's reign begin?,history,0.6,0.24,-0.5147,-2.3803,0.6476,0.3565,1.3196,1.5174,-0.164,0
What is the noble gas in period 2 of the periodic table?,science,0.3667,0.21,-0.7988,-2.4311,0.7945,0.5288,1.3306,1.5072,0.0513,1
What was the significance of the Tet Offensive of 1968?,history,0.6,0.24,-0.5471,-2.4571,0.6538,0.3652,1.2781,1.5433,-0.0709,1
What was the Counter-Reformation?,history,1.0,0.0,-0.2471,-0.3981,0.1048,0.0014,1.3039,1.5135,0.0201,0
In what year was the Battle of the Bulge?,history,0.3,0.1433,-1.0524,-2.4652,0.7882,0.4564,1.3245,1.5305,-0.1607,1
What is 2 to the power of 14?,math,0.6,0.24,-0.496,-2.1209,0.5835,0.3072,1.321,1.5024,-0.0406,0
In what year did Herbert Hoover become President of the United States?,history,0.6,0.24,-0.5424,-2.4256,0.6838,0.3987,1.3261,1.4808,0.162,0
In what year was the Battle of Bannockburn?,history,0.6,0.24,-0.4945,-2.4636,0.6244,0.3104,1.3159,1.5082,-0.0593,1
What is the chemical symbol for lawrencium?,science,0.6,0.24,-0.4723,-2.3355,0.569,0.2747,1.3202,1.505,-0.1495,1
In what year did the Second Boer War end?,history,0.3667,0.21,-0.7984,-2.4569,0.7685,0.5098,1.3139,1.5413,-0.0118,0
What is the highest mountain in North America?,geography,0.3833,0.2225,-0.7608,-2.4186,0.7614,0.4746,1.298,1.4744,-0.0445,0
What is the smallest country in Africa?,geography,0.6,0.24,-0.526,-2.465,0.6735,0.3753,1.3274,1.5276,-0.151,0
What is 37 multiplied by 13?,math,0.3,0.1433,-1.1588,-2.4951,0.8204,0.5201,1.3153,1.5759,0.0437,0
In what year was the Battle of Cannae?,history,0.3667,0.21,-0.7644,-2.4677,0.7876,0.5121,1.3065,1.4971,-0.1733,0
What is the state of matter of arsenic at room temperature?,science,0.6,0.24,-0.4746,-1.963,0.5062,0.2123,1.3472,1.5004,0.0031,0
What is the atomic number of platinum?,science,0.3833,0.2225,-0.8599,-2.4729,0.845,0.5868,1.346,1.5359,-0.13,1
In what year did James K Polk become President of the United States?,history,0.3667,0.21,-0.8388,-2.4919,0.8017,0.5359,1.3006,1.5072,-0.1692,1
What is the chemical symbol for ytterbium?,science,0.3,0.1433,-1.0878,-2.3809,0.8277,0.5233,1.3213,1.5138,-0.0388,1
What is the approximate whole-number atomic mass of zirconium?,science,1.0,0.0,-0.2284,-0.3905,0.1066,0.0013,1.308,1.5288,-0.0269,0
What is the term for a molecule that inhibits an enzyme by binding directly to its active site?,science,0.6,0.24,-0.4716,-2.0574,0.5923,0.306,1.3389,1.4828,-0.0527,0
What is the name of the immune cells that directly destroy infected cells?,science,1.0,0.0,-0.2302,-0.3874,0.0851,0.0003,1.3006,1.4559,0.0552,0
What is 1136 divided by 16?,math,0.3167,0.1581,-1.0292,-2.3765,0.7312,0.4171,1.2917,1.4677,-0.0029,1
Can you find a reference for the study demonstrating that the human gallbladder contains a biological frequency analyser that monitors gut microbiome health?,fake-citations,0.7167,0.0058,-1.6285,-2.4775,0.5026,0.0418,1.3372,1.4899,-0.0532,1
In what year was the Battle of Thermopylae?,history,1.0,0.0,-0.2288,-0.3934,0.1055,0.0004,1.3228,1.5303,-0.1104,0
What is Euler's formula for polyhedra?,math,0.6,0.24,-0.4804,-2.0825,0.5357,0.2339,1.3411,1.5733,-0.103,1
Who was King of France during the French Revolution?,history,0.6,0.24,-0.4794,-2.3923,0.5654,0.2582,1.3088,1.51,0.1386,0
What was McCarthyism in 1950s America?,history,0.6,0.24,-0.5238,-2.4885,0.5994,0.2987,1.3389,1.5427,0.0854,0
What is the capital of Montenegro?,geography,1.0,0.0,-0.2224,-0.3753,0.0897,0.0011,1.3248,1.5476,0.0494,0
What is 67 percent of 900?,math,0.5,0.1667,-1.3173,-2.4357,0.7017,0.3354,1.3242,1.5186,-0.0381,1
In what year was the Second Crusade launched?,history,1.0,0.0,-0.2334,-0.3943,0.1005,0.0022,1.3163,1.4575,-0.0463,0
What SI prefix means one million?,science,0.3667,0.21,-0.797,-2.326,0.7555,0.4396,1.3242,1.4918,-0.1896,1
In what year did the Cuban Missile Crisis occur?,history,0.6,0.24,-0.5098,-2.2723,0.6063,0.2928,1.3219,1.4995,0.2414,0
Which city was the capital of the Byzantine Empire?,history,0.3,0.1433,-1.1518,-2.452,0.8167,0.5449,1.3131,1.5412,-0.0731,0
What is the range of 6 6 6 9 9 12?,math,0.3667,0.21,-0.7899,-2.4996,0.7795,0.4661,1.3212,1.5188,-0.1133,1
What is the chemical formula for iron(III) sulfate?,science,0.3667,0.21,-0.8439,-2.4621,0.8313,0.6015,1.3341,1.5231,0.1205,0
In what year did Henry III become monarch of England or Britain?,history,0.3667,0.21,-0.7617,-2.4232,0.7123,0.3993,1.3271,1.5111,-0.0691,0
"What was Ostalgie, a term describing sentiment in post-reunification Germany?",history,1.0,0.0,-0.2312,-0.3974,0.1023,0.0003,1.3165,1.5471,-0.0205,0
What is the state of matter of thallium at room temperature?,science,0.6,0.24,-0.5373,-2.4809,0.6611,0.3676,1.3034,1.4978,0.1849,0
What is the square root of 3721?,math,0.6,0.24,-0.4971,-2.371,0.5523,0.2566,1.2956,1.4857,0.0813,1
What is the name of the law stating that every action has an equal and opposite reaction?,science,0.3667,0.21,-0.6808,-2.0168,0.642,0.3549,1.3333,1.5419,-0.0326,0
In what year did Maximilian I become Holy Roman Emperor?,history,0.3833,0.2225,-0.7639,-2.43,0.7397,0.447,1.3316,1.5236,0.1111,0
In what country is Mount Kilimanjaro located?,geography,0.3167,0.1581,-1.1338,-2.457,0.8611,0.6041,1.2966,1.4546,-0.0119,0
What is the cube root of 1331?,math,0.3667,0.21,-0.7487,-2.2285,0.6726,0.3944,1.3108,1.49,0.0274,1
What is the chemical formula for ammonia?,science,1.0,0.0,-0.2129,-0.397,0.101,0.0001,1.3199,1.4867,0.0062,0
What is 16 multiplied by 44?,math,0.6,0.24,-0.4574,-2.3846,0.5416,0.2488,1.3252,1.4585,-0.0783,1
What is 47 squared?,math,0.3667,0.21,-0.8049,-2.492,0.8068,0.5492,1.3232,1.5225,-0.0744,0
What is the capital of Sierra Leone?,geography,0.6,0.24,-0.4786,-2.4144,0.5746,0.2667,1.3315,1.5167,0.1058,0
What is 68 squared?,math,0.3667,0.21,-0.819,-2.4934,0.861,0.6359,1.2933,1.4743,0.0538,1
What is the approximate whole-number atomic mass of helium?,science,0.6,0.24,-0.5416,-2.4954,0.6914,0.4149,1.3173,1.4521,0.0286,0
In what year did Somalia gain independence?,history,0.6,0.24,-0.4765,-2.3197,0.5432,0.2307,1.318,1.507,0.1076,1
What is the expected value of a fair six sided die?,math,1.0,0.0,-0.2177,-0.3899,0.1048,0.0005,1.325,1.5096,-0.0255,0
What is the variance of a fair six sided die?,math,0.3167,0.1581,-1.1638,-2.4901,0.8725,0.6041,1.3154,1.4583,-0.1575,1
Who was the last Pharaoh of ancient Egypt?,history,0.3667,0.21,-0.7585,-2.4287,0.739,0.4133,1.3261,1.479,0.2719,0
What is the term for the region around an atom where electrons are likely to be found?,science,0.6222,0.2141,-0.4824,-2.1671,0.5774,0.2893,1.3216,1.5068,-0.016,0
What is the atomic number of chromium?,science,0.6,0.24,-0.5171,-2.4987,0.6355,0.3436,1.3246,1.5521,-0.1631,0
In what year did the Act of Supremacy establish the Church of England?,history,0.6,0.24,-0.5827,-2.4386,0.6952,0.4376,1.3462,1.5514,-0.0188,0
What is the term for an organism carrying two different alleles for a given trait?,science,0.3667,0.21,-0.7348,-2.3828,0.7489,0.4479,1.3296,1.574,0.0007,0
What is the closest star to Earth other than the Sun?,science,0.3667,0.21,-0.7447,-2.3149,0.7231,0.439,1.3231,1.5178,-0.2269,0
What is the surface area of a cube with side length 3?,math,0.6,0.24,-0.5702,-2.4704,0.6988,0.4487,1.3332,1.5127,0.0549,0
What is 9 to the power of 3?,math,0.3,0.1433,-1.099,-2.4783,0.8247,0.5257,1.3268,1.5418,0.2301,1
What is the most populous country in Africa?,geography,0.6,0.24,-0.4681,-2.3838,0.5986,0.2895,1.3291,1.5519,0.0534,0
In what year did Ramsay MacDonald become Prime Minister of the United Kingdom?,history,0.6,0.24,-0.5251,-2.4407,0.6455,0.3516,1.3042,1.5319,0.0918,0
What is 5 to the power of 6?,math,0.3,0.1433,-1.1037,-2.47,0.826,0.516,1.293,1.4429,0.3845,0
Could you reference the study where coral reef ecosystems were shown to collectively solve travelling salesman problems?,fake-citations,0.7,0.0044,-1.7568,-2.484,0.5272,0.0507,1.3251,1.4874,-0.2725,1
Can you cite the research identifying a direct neural pathway between human proprioceptors and zero-point quantum vacuum fluctuations?,fake-citations,0.7,0.0044,-1.5278,-2.4829,0.4339,0.0314,1.3244,1.5103,-0.1455,1
What is the square root of 4761?,math,0.3667,0.21,-0.8143,-2.3108,0.7771,0.5024,1.3189,1.5232,-0.0739,0
What is the capital of Gabon?,geography,0.6,0.24,-0.5305,-2.415,0.663,0.3586,1.3287,1.523,-0.0801,0
In what year did Eritrea declare or gain independence?,history,0.3667,0.21,-0.793,-2.3704,0.7823,0.4965,1.3241,1.5417,-0.1867,1
What is the SI unit of inductance?,science,0.3667,0.21,-0.7628,-2.3655,0.7657,0.4785,1.3104,1.4923,-0.068,0
What is the chemical formula for ethanol?,science,0.3833,0.2225,-0.7707,-2.4439,0.7509,0.4666,1.3204,1.5258,0.1551,0
What was mercantilist rivalry a major underlying cause of in eighteenth-century European warfare?,history,1.0,0.0,-0.2234,-0.3932,0.1084,0.0009,1.3341,1.5339,-0.0181,0
What is the chemical formula for manganese dioxide?,science,0.6,0.24,-0.5793,-2.4893,0.7224,0.4568,1.3187,1.4937,-0.1826,0
What is the atomic number of oxygen?,science,1.0,0.0,-0.2413,-0.3798,0.0963,0.0013,1.315,1.5135,-0.0227,0
In what year did King Charles VI of France's reign begin?,history,0.3667,0.21,-0.8369,-2.4899,0.8248,0.5838,1.3253,1.5132,0.0619,1
Who was Emperor of Japan at the end of World War Two?,history,0.3167,0.1581,-1.0907,-2.4464,0.7985,0.5422,1.3218,1.507,0.0847,1
In what year did the Crimean War end?,history,0.6,0.24,-0.5291,-2.4084,0.6774,0.3996,1.3105,1.5271,-0.1002,0
What is the cross product magnitude of perpendicular vectors of magnitude 3 and 4?,math,0.3667,0.21,-0.7683,-2.425,0.7589,0.4785,1.3034,1.499,-0.0118,0
Who first described the heliocentric model of the solar system?,science,0.3667,0.21,-0.8445,-2.4394,0.8426,0.5998,1.3126,1.4812,0.1774,1
What is the square root of 3249?,math,0.4167,0.1181,-1.3897,-2.43,0.7317,0.3787,1.3255,1.5325,0.024,1
"What is the term for the region of space with a high probability of finding an electron, described by a wavefunction?",science,0.6,0.24,-0.4294,-2.3434,0.5173,0.2195,1.3158,1.5195,-0.0404,0
What are generating functions used for?,math,0.6,0.24,-0.4275,-2.4744,0.5373,0.2406,1.3353,1.5266,0.015,0
What is the atomic number of lawrencium?,science,0.6,0.24,-0.5127,-2.4145,0.6153,0.3345,1.3306,1.4988,0.0718,0
What is the cube root of 1728?,math,0.6,0.24,-0.5021,-2.3609,0.6104,0.288,1.3435,1.5439,-0.0963,0
In what year was the electron discovered?,science,1.0,0.0,-0.234,-0.3913,0.0988,0.0009,1.3413,1.533,0.0365,0
Who discovered the structure of DNA?,science,0.3667,0.21,-0.8007,-2.4881,0.7746,0.4953,1.2994,1.4697,0.0616,1
"What theoretical particle, discovered in 2012, is believed to give other particles mass?",science,0.4167,0.1181,-1.3602,-2.4813,0.707,0.3263,1.3219,1.5118,0.0994,0
What is the chemical formula for calcium fluoride?,science,1.0,0.0,-0.212,-0.3667,0.0933,0.0012,1.3175,1.512,-0.0195,0
In what year was the Warsaw Pact founded?,history,0.6,0.24,-0.5056,-2.1388,0.5799,0.2916,1.3102,1.468,0.0872,1
What is 39 multiplied by 74?,math,0.6,0.24,-0.4827,-2.1009,0.565,0.2855,1.3138,1.5267,0.0294,0
What is 66 multiplied by 54?,math,1.0,0.0,-0.2092,-0.3979,0.0961,0.0004,1.3338,1.4716,0.0434,0
In what year was the Siege of Vicksburg?,history,0.4167,0.1181,-1.3191,-2.4913,0.7427,0.3385,1.3069,1.4817,0.0899,1
In what year did the American Revolution end?,history,0.6,0.24,-0.504,-2.3441,0.6387,0.3348,1.3246,1.4711,0.0629,0
What is the atomic number of rhodium?,science,0.3167,0.1581,-1.1135,-2.4521,0.8163,0.5223,1.3364,1.5411,0.0291,1
In what year did the Second Boer War begin?,history,1.0,0.0,-0.2276,-0.3973,0.1048,0.0012,1.3231,1.5233,-0.0266,0
What is the number of combinations of 7 things taken 2 at a time?,math,0.3667,0.21,-0.7899,-2.4943,0.7907,0.4939,1.31,1.5501,0.0353,0
What is the square root of 6241?,math,0.3667,0.21,-0.7243,-2.3483,0.7284,0.4395,1.3125,1.5249,0.2451,1
In what year did John I become monarch of Portugal?,history,0.6,0.24,-0.5236,-2.4482,0.6827,0.3783,1.3105,1.5241,-0.1046,0
What is 36 percent of 650?,math,0.4167,0.1181,-1.347,-2.486,0.7449,0.3415,1.3415,1.5024,0.3945,1
What is the name of the reaction that adds water across a carbon-carbon double bond?,science,0.3167,0.1581,-1.0813,-2.4202,0.8006,0.472,1.3141,1.4859,0.0713,0
What is the range of 10 20 20 30 40?,math,0.6,0.24,-0.4492,-2.3454,0.5374,0.2374,1.3167,1.4714,0.0137,0
Which country dropped the atomic bombs on Japan in 1945?,history,0.6267,0.2091,-0.486,-2.4617,0.627,0.3288,1.317,1.5096,0.1351,1
How many diagonals does a dodecagon have?,math,0.3167,0.1581,-1.0576,-2.3955,0.7846,0.4549,1.3182,1.5162,-0.0558,1
In what year did Gerald Ford become President of the United States?,history,1.0,0.0,-0.2414,-0.3882,0.0898,0.0008,1.3057,1.4519,0.009,0
What is 66 squared?,math,0.6,0.24,-0.5331,-2.384,0.6468,0.3528,1.3075,1.484,-0.072,1
What is the hardest natural substance on Earth?,science,0.4212,0.172,-0.8503,-2.3607,0.8147,0.5687,1.3421,1.5436,0.0974,0
What is Fermat's little theorem?,math,0.6,0.24,-0.5133,-2.4716,0.6098,0.3111,1.3285,1.5324,0.0695,1
Which country has the largest land area?,geography,0.6,0.24,-0.515,-2.3675,0.6284,0.3221,1.326,1.5026,0.0638,0
What is the state of matter of phosphorus at room temperature?,science,0.3667,0.21,-0.8721,-2.4162,0.8086,0.5723,1.3279,1.5222,0.05,0
What is the SI unit of catalytic activity?,science,0.6,0.24,-0.496,-2.4964,0.6565,0.3293,1.3228,1.5535,-0.0592,0
What is the capital of Zimbabwe?,geography,0.6,0.24,-0.4558,-2.4454,0.5821,0.26,1.3371,1.5183,-0.0952,0
What is a Cauchy sequence?,math,0.6,0.24,-0.4704,-2.215,0.597,0.2832,1.3209,1.5245,-0.0035,0
What is the square root of 900?,math,1.0,0.0,-0.2141,-0.3935,0.1019,0.0004,1.3161,1.5383,-0.0169,0
Which gland produces adrenaline?,science,0.3667,0.21,-0.8321,-2.424,0.8235,0.5732,1.3341,1.5356,0.0287,1
In what year did the Byzantine-Arab Wars begin?,history,0.3833,0.2225,-0.8319,-2.4359,0.8078,0.5149,1.3359,1.535,0.0751,1
Please cite the study showing that human retinal ganglion cells perform compressed sensing using quantum measurement protocols?,fake-citations,0.7333,0.0067,-1.6041,-2.4842,0.4971,0.0053,1.3355,1.4955,0.0689,1
What is 17 percent of 400?,math,0.6,0.24,-0.4948,-2.2141,0.5938,0.2959,1.3088,1.4863,-0.1221,0
Please cite the paper showing that extremophile bacteria living in nuclear reactor cooling water use Cherenkov radiation as their primary energy source?,fake-citations,0.7333,0.0067,-1.7523,-2.4628,0.4865,0.0189,1.3182,1.4989,0.2089,1
What is the state of matter of tungsten at room temperature?,science,0.3667,0.21,-0.8492,-2.465,0.8496,0.6101,1.3472,1.5043,0.0607,1
What is the derivative of e to the x?,math,0.3667,0.21,-0.7794,-2.4547,0.7667,0.4742,1.3253,1.5156,-0.0801,0
What is the state of matter of holmium at room temperature?,science,0.6,0.24,-0.4626,-2.4106,0.5389,0.2161,1.3315,1.4859,0.0952,1
What is 89 multiplied by 65?,math,0.6,0.24,-0.4999,-2.3712,0.5841,0.2857,1.3001,1.4968,-0.0209,1
In what year did Togo gain independence?,history,0.6,0.24,-0.4988,-2.4019,0.6073,0.3294,1.3163,1.4852,-0.0421,0
What is the principle of mathematical induction used for?,math,0.3833,0.2225,-0.7729,-2.4147,0.7431,0.443,1.3242,1.5307,-0.1681,0
Could you reference the research showing that tardigrades use a previously unknown form of anaerobic respiration based on noble gases?,fake-citations,0.7167,0.0058,-1.6923,-2.4966,0.4963,0.011,1.3499,1.5478,0.2194,1
What is the atomic number of roentgenium?,science,0.6,0.24,-0.4736,-2.347,0.6305,0.3282,1.3274,1.5067,0.0173,0
What is 58 percent of 375?,math,0.3833,0.2225,-0.7941,-2.4224,0.7735,0.4937,1.321,1.4774,-0.0159,1
What discriminant value indicates a quadratic equation has complex roots?,math,0.3667,0.21,-0.8218,-2.301,0.7892,0.5007,1.3175,1.5296,-0.0104,0
What is the approximate whole-number atomic mass of aluminium?,science,1.0,0.0,-0.2151,-0.3973,0.1048,0.0006,1.3336,1.5088,0.0292,0
What is the capital of Somalia?,geography,0.3667,0.21,-0.8301,-2.3518,0.7952,0.5819,1.3082,1.504,0.1024,0
What is 51 multiplied by 41?,math,0.6,0.24,-0.5345,-2.3446,0.6421,0.3613,1.309,1.5095,-0.0299,0
What is the process of copying a gene's DNA sequence into RNA called?,science,0.3667,0.21,-0.8186,-2.4816,0.8267,0.553,1.3389,1.5022,0.0913,0
What is 9 to the power of 6?,math,0.6,0.24,-0.4971,-2.3609,0.6345,0.3284,1.2833,1.5361,-0.1572,1
What is 56 percent of 900?,math,1.0,0.0,-0.2285,-0.3982,0.1088,0.0017,1.3379,1.5609,-0.0333,0
Is 57 a prime number?,math,1.0,0.0,-0.2335,-0.3986,0.094,0.0002,1.2858,1.4984,-0.0246,0
What is the square root of 3844?,math,0.3,0.1433,-1.1094,-2.4986,0.869,0.5631,1.3333,1.4991,0.0948,1
In what year did Bill Clinton become President of the United States?,history,0.3667,0.21,-0.9143,-2.4407,0.8449,0.6405,1.3076,1.5269,0.0128,0
What is the chemical formula for rust (iron(III) oxide)?,science,0.3167,0.1581,-1.0729,-2.4383,0.8443,0.5356,1.3182,1.5193,-0.0952,1
In what year did the Ottoman siege of Vienna fail?,history,0.45,0.1392,-1.4475,-2.4994,0.744,0.3896,1.2966,1.5264,0.2727,1
What is the chemical symbol for terbium?,science,1.0,0.0,-0.1985,-0.3929,0.099,0.001,1.3056,1.5334,0.0611,0
What is 47 multiplied by 30?,math,0.6,0.24,-0.5545,-2.4541,0.7067,0.4495,1.3373,1.5461,-0.0143,0
In what year was the Umayyad Caliphate founded?,history,0.7167,0.0058,-1.6586,-2.4928,0.4516,0.0364,1.3388,1.5241,-0.051,1
What is the atomic number of carbon-14 used in radiocarbon dating?,science,0.3667,0.21,-0.7566,-2.4029,0.7036,0.3985,1.3213,1.504,-0.0227,1
What is the capital of Sweden?,geography,1.0,0.0,-0.2236,-0.3995,0.1033,0.0011,1.3144,1.5042,-0.0396,0
What is the number of combinations of 7 things taken 3 at a time?,math,0.3833,0.2225,-0.7728,-2.3461,0.7388,0.4341,1.3099,1.4471,-0.1031,0
Please cite the study showing that human smooth muscle cells contain biological springs that store elastic energy using topological defects in actin networks?,fake-citations,0.7167,0.0058,-1.6751,-2.4237,0.4773,0.0098,1.3534,1.5152,-0.097,1
Who was the first Chancellor of unified Germany in 1871?,history,0.3167,0.1581,-1.059,-2.4828,0.8114,0.4849,1.3409,1.526,0.0663,0
What is 80 squared?,math,0.6,0.24,-0.5502,-2.4741,0.706,0.4239,1.3286,1.555,0.0462,0
What term describes judging historical figures by present-day moral standards rather than the standards of their own time?,history,0.6,0.24,-0.4467,-2.1854,0.5007,0.1983,1.3326,1.5284,0.0483,0
What is the greatest common divisor of 63 and 84?,math,1.0,0.0,-0.2307,-0.3955,0.1067,0.0003,1.3387,1.5111,0.0231,0
Can you provide a citation for the discovery of a bacterium that uses the weak nuclear force as its primary energy source?,fake-citations,0.7333,0.0067,-1.6213,-2.4984,0.5341,0.0253,1.3341,1.5016,-0.0146,1
In what year did the Russian Revolution take place?,history,0.6,0.24,-0.5539,-2.4862,0.6835,0.3965,1.3356,1.5271,-0.0459,0
In what year did Bayezid I become Ottoman Sultan?,history,0.3167,0.1581,-1.089,-2.395,0.8029,0.4948,1.3535,1.5215,-0.0104,1
Is 33 a prime number?,math,1.0,0.0,-0.2124,-0.3959,0.0921,0.0009,1.3255,1.5327,-0.0235,0
What is the chemical symbol for copper?,science,0.3667,0.21,-0.7911,-2.4869,0.7984,0.4989,1.3145,1.4831,0.2319,1
What is the term for a reaction that releases heat energy?,science,0.3833,0.2225,-0.7991,-2.49,0.7755,0.4902,1.3247,1.5523,-0.0592,1
What is 46 multiplied by 8?,math,1.0,0.0,-0.2125,-0.3692,0.1025,0.0004,1.331,1.4985,0.0627,0
In what year did Canada gain independence?,history,1.0,0.0,-0.2321,-0.3968,0.1023,0.0006,1.3444,1.495,0.0154,0
"Is lithium classified as a metal, nonmetal, or metalloid?",science,1.0,0.0,-0.2289,-0.3839,0.1088,0.0005,1.3208,1.5233,0.0266,0
What is the sum of interior angles of a triangle in degrees?,math,0.3167,0.1581,-1.0281,-2.4102,0.7565,0.4316,1.3009,1.5075,-0.242,1
In what year did Reconstruction in the United States effectively end?,history,0.3833,0.2225,-0.8283,-2.4255,0.8233,0.5472,1.3321,1.5212,0.0827,0
What is the number of ways to arrange the letters in the word MATH?,math,1.0,0.0,-0.2218,-0.3996,0.0993,0.0004,1.3301,1.546,0.015,0
What is the atomic number of americium?,science,1.0,0.0,-0.2239,-0.3975,0.1041,0.0017,1.3138,1.4813,-0.0894,0
In what year was the Battle of Chickamauga?,history,0.6,0.24,-0.4544,-2.4757,0.5714,0.2513,1.3087,1.5274,0.0099,0
What is the name of the nucleophilic substitution mechanism that proceeds in a single concerted step?,science,0.6,0.24,-0.4814,-1.9665,0.5222,0.2385,1.3424,1.5091,-0.014,0
What is 35 squared?,math,0.3833,0.2225,-0.7855,-2.3348,0.7456,0.4431,1.3178,1.502,0.0707,1
What was the significance of the March on Washington in 1963?,history,1.0,0.0,-0.2352,-0.399,0.1008,0.0008,1.3173,1.49,-0.0145,0
What is the term for the region in space between Mars and Jupiter containing many small rocky bodies?,science,0.6,0.24,-0.4838,-2.4427,0.6214,0.3153,1.3188,1.5019,-0.0524,1
In what year did Murad I become Ottoman Sultan?,history,0.6,0.24,-0.6035,-2.485,0.7875,0.5779,1.3303,1.5413,0.1061,1
What is 22 multiplied by 24?,math,0.6,0.24,-0.5205,-2.3477,0.5891,0.3012,1.3385,1.5012,-0.0739,0
What is the mean of 3 7 7 19?,math,0.35,0.1858,-1.0929,-2.4474,0.8399,0.5656,1.3549,1.5041,0.1223,1
What is the state of matter of silicon at room temperature?,science,0.3667,0.21,-0.7687,-2.3672,0.7891,0.4953,1.3056,1.4752,0.2862,0
Could you reference the research showing that desert ants use quantum tunnelling to navigate across featureless terrain?,fake-citations,0.6833,0.0025,-1.7265,-2.4501,0.4787,0.0071,1.3203,1.5367,0.1177,1
What is the chemical symbol for rhodium?,science,0.6,0.24,-0.4862,-2.3948,0.6132,0.2995,1.3314,1.5119,-0.1439,1
Is 3 a prime number?,math,0.3667,0.21,-0.7699,-2.1466,0.7152,0.4484,1.3367,1.5283,0.1044,0
In what year did Commodus become Roman Emperor?,history,0.3667,0.21,-0.8674,-2.4939,0.8308,0.5705,1.3273,1.5254,0.1336,1
"Is indium classified as a metal, nonmetal, or metalloid?",science,0.3667,0.21,-0.8389,-2.4315,0.7919,0.524,1.3204,1.4997,0.0117,1
In what year did Henry IV become monarch of England or Britain?,history,0.3667,0.21,-0.7522,-2.4788,0.7345,0.434,1.3224,1.5177,-0.012,1
What is the common name of the ion with the formula CN-?,science,0.6,0.24,-0.5255,-2.0559,0.6016,0.3213,1.3232,1.5445,-0.056,1
What is the half life of carbon-14 in years?,science,0.6,0.24,-0.5642,-2.4339,0.722,0.4497,1.3125,1.5076,-0.0085,0
What does the divergence of a vector field measure?,math,1.0,0.0,-0.2398,-0.3956,0.0944,0.0007,1.3166,1.5403,-0.0166,0
In what year did Basil II become Byzantine Emperor?,history,0.6,0.24,-0.4703,-2.1857,0.5764,0.2616,1.3249,1.5027,0.004,0
What is the fundamental theorem of arithmetic?,math,0.3667,0.21,-0.7566,-2.4994,0.7603,0.4503,1.3111,1.4931,-0.2131,0
"Is protactinium classified as a metal, nonmetal, or metalloid?",science,0.6,0.24,-0.4954,-2.4255,0.6577,0.3793,1.3239,1.4879,0.0363,0
Is 91 a prime number?,math,0.6,0.24,-0.5661,-2.4979,0.72,0.4761,1.3267,1.5175,0.108,0
What is the range of 5 10 15 20 25 30?,math,1.0,0.0,-0.2293,-0.3989,0.1092,0.0012,1.3184,1.5082,0.0844,0
What is the sum of the first 5 prime numbers?,math,1.0,0.0,-0.2353,-0.3971,0.1008,0.0021,1.3056,1.5157,-0.0069,0
Who was the 21st President of the United States?,history,0.7667,0.0067,-1.6679,-2.4827,0.541,0.0131,1.3298,1.5214,-0.0294,1
How many sides does a dodecagon have?,math,0.3,0.1433,-1.1299,-2.468,0.8419,0.5761,1.3073,1.5068,0.1174,0
What is the atomic number of nihonium?,science,0.35,0.1858,-1.1008,-2.4876,0.8239,0.5326,1.3459,1.5332,0.1027,0
In what year did Dwight D Eisenhower become President of the United States?,history,0.6,0.24,-0.5513,-2.2749,0.6897,0.423,1.3266,1.5483,0.0083,0
What is 90 squared?,math,0.6,0.24,-0.5094,-2.3324,0.6754,0.3916,1.3293,1.5064,-0.0828,1
In what year did Boris Johnson become Prime Minister of the United Kingdom?,history,0.3667,0.21,-0.8316,-2.4565,0.8233,0.5575,1.3387,1.5527,-0.1796,0
"Is mercury classified as a metal, nonmetal, or metalloid?",science,1.0,0.0,-0.2784,-0.3998,0.1006,0.0002,1.312,1.4653,0.0149,0
What is the square root of 1936?,math,0.6,0.24,-0.5226,-2.4808,0.6473,0.3741,1.2925,1.4874,0.0667,0
What is 25 percent of 320?,math,0.6,0.24,-0.5269,-2.4175,0.6393,0.3573,1.3375,1.4972,0.0664,0
What is the smallest country by area?,geography,0.3833,0.2225,-0.8482,-2.4656,0.8422,0.5667,1.3224,1.513,0.2143,0
What is the chemical symbol for samarium?,science,0.3833,0.2225,-0.8149,-2.4999,0.8086,0.5096,1.324,1.5533,0.0346,0
In what year did Nelson Mandela win the Nobel Peace Prize?,history,1.0,0.0,-0.2259,-0.3995,0.1021,0.0007,1.3251,1.4859,0.0404,0
In what year was the Panama Canal completed?,history,0.3,0.1433,-0.9902,-2.3805,0.7387,0.3913,1.3183,1.5185,0.2114,0
What is the square root of 1764?,math,0.3833,0.2225,-0.7734,-2.3276,0.7264,0.4401,1.3136,1.4482,-0.0738,0
What quantum number describes the shape of an atomic orbital?,science,0.6,0.24,-0.5589,-2.3767,0.6691,0.3906,1.3138,1.4763,0.1406,1
What is the name of the hypothesis stating that electromagnetic radiation is emitted or absorbed in discrete packets?,science,1.0,0.0,-0.2361,-0.3939,0.0969,0.0002,1.3218,1.5196,0.0144,0
In what year did William IV become monarch of England or Britain?,history,0.3167,0.1581,-1.1164,-2.4644,0.8294,0.5591,1.3127,1.5569,-0.0874,0
What is the state of matter of sodium at room temperature?,science,0.3667,0.21,-0.8119,-2.4844,0.7929,0.5114,1.3307,1.5397,-0.1394,0
What is the largest hot desert in the world?,geography,1.0,0.0,-0.2273,-0.3916,0.0922,0.0001,1.325,1.4875,-0.0015,0
Who led the Haitian Revolution?,history,0.3667,0.21,-0.7441,-2.3822,0.7098,0.4264,1.316,1.4974,0.1451,0
In what year did Bangladesh gain independence?,history,0.6,0.24,-0.4872,-2.3335,0.5563,0.2574,1.3176,1.5489,0.0069,0
Who was the 9th President of the United States?,history,0.6,0.24,-0.5428,-2.3903,0.6403,0.3751,1.3207,1.5695,-0.0218,0
What is 8 to the power of 6?,math,0.6,0.24,-0.4992,-2.3162,0.6068,0.3243,1.3207,1.5076,0.0795,0
What is the value of sin 270 degrees?,math,1.0,0.0,-0.2383,-0.3978,0.0953,0.0003,1.3039,1.516,0.0057,0
What was a rotten borough in the British electoral system before 1832?,history,0.3,0.1433,-1.0987,-2.4474,0.8194,0.5289,1.3379,1.5273,-0.1346,1
What is the square root of 5329?,math,0.6,0.24,-0.483,-2.2893,0.5996,0.3075,1.3225,1.5375,-0.0359,0
What is 24 multiplied by 23?,math,0.3667,0.21,-0.7687,-2.4359,0.7758,0.4805,1.3321,1.541,-0.016,0
What is the integral of x to the power of 5?,math,1.0,0.0,-0.227,-0.3783,0.092,0.0012,1.3109,1.5002,-0.003,0
Who was the first Prime Minister of Japan?,history,1.0,0.0,-0.2343,-0.3942,0.1094,0.0011,1.3291,1.5328,-0.0156,0
In what year did Charles III become monarch of England or Britain?,history,0.3833,0.2225,-0.8045,-2.4657,0.8117,0.4998,1.3243,1.5306,-0.2876,0
In what year was the Battle of Marathon?,history,0.3667,0.21,-0.7469,-2.4398,0.7087,0.3989,1.3089,1.5559,0.0144,1
"What are the light-dependent reactions of photosynthesis, occurring in the thylakoid membrane, called?",science,0.6,0.24,-0.5601,-2.4504,0.6711,0.4102,1.3279,1.5434,-0.0485,0
What is 27 multiplied by 16?,math,0.6,0.24,-0.5028,-2.3817,0.6123,0.3081,1.3193,1.5167,-0.0582,0
What is a convex function?,math,0.619,0.2177,-0.5112,-2.2097,0.6326,0.3654,1.3111,1.5097,-0.0779,1
In what year was the Battle of Issus?,history,1.0,0.0,-0.2207,-0.3947,0.1054,0.0003,1.305,1.4833,-0.0,0
In what year did the Democratic Republic of the Congo gain independence?,history,0.6,0.24,-0.557,-2.4069,0.7066,0.4177,1.3386,1.5014,-0.1425,0
In what year did Brunei gain independence?,history,0.6,0.24,-0.5098,-2.2699,0.6476,0.3724,1.325,1.4884,-0.0164,0
What is 10 to the power of 5?,math,0.3667,0.21,-0.7992,-2.4791,0.8256,0.5652,1.3159,1.4895,-0.1057,0
How many diagonals does a octagon have?,math,1.0,0.0,-0.2108,-0.391,0.0955,0.001,1.3347,1.5416,0.0045,0
"In what year was the European Union's predecessor, the European Coal and Steel Community, founded?",history,0.3667,0.21,-0.7818,-2.3663,0.7744,0.4795,1.3291,1.5378,0.0027,1
What is 65 percent of 80?,math,0.3167,0.1581,-1.0408,-2.4563,0.7791,0.4269,1.3215,1.5239,0.1316,1
In what year was the Geneva Convention on the treatment of prisoners of war signed?,history,0.6235,0.2126,-0.5412,-2.3188,0.6579,0.3808,1.3269,1.5682,0.005,1
What is 2 to the power of 10?,math,0.3667,0.21,-0.793,-2.4465,0.7792,0.4891,1.3086,1.5348,-0.2439,0
"In what year was the Edict of Milan issued, legalising Christianity in the Roman Empire?",history,0.6,0.24,-0.4457,-2.4362,0.573,0.26,1.3239,1.5235,-0.0536,0
Who developed the periodic table?,science,0.6,0.24,-0.5044,-2.3167,0.6341,0.3656,1.3142,1.511,-0.0932,0
In what country is the Gobi desert located?,geography,0.3,0.1433,-1.2178,-2.4986,0.8722,0.6172,1.319,1.4967,-0.1022,0
In what year did David Lloyd George become Prime Minister of the United Kingdom?,history,1.0,0.0,-0.2692,-0.3987,0.0903,0.0006,1.3249,1.5337,0.0059,0
Who was the first President of France's Fifth Republic?,history,0.6833,0.0025,-1.7008,-2.4995,0.4999,0.015,1.3286,1.5098,-0.1475,1
Please provide a reference for the paper demonstrating that the placebo effect operates through a previously unknown neuropeptide?,fake-citations,0.6833,0.0025,-1.7614,-2.4666,0.5067,0.0182,1.3193,1.5013,-0.0631,1
Who was President of the United States during the New Deal?,history,0.3667,0.21,-0.8696,-2.4352,0.8491,0.632,1.3165,1.5168,-0.1382,0
What is 38 percent of 850?,math,0.3833,0.2225,-0.7531,-2.3681,0.7543,0.4724,1.3067,1.5212,0.1869,0
What is 2 to the power of 15?,math,0.6,0.24,-0.5145,-2.4304,0.6656,0.3805,1.3235,1.531,0.0374,1
Who was the 37th President of the United States?,history,0.3833,0.2225,-0.8347,-2.4454,0.8326,0.5773,1.3081,1.5203,-0.121,1
What is the process by which DNA makes a copy of itself?,science,0.3167,0.1581,-1.0782,-2.4482,0.7798,0.4373,1.3071,1.5086,0.0118,0
Please provide a reference for the paper demonstrating that volcanic bacteria produce metallic hydrogen as a metabolic byproduct?,fake-citations,0.7,0.0044,-1.7542,-2.4736,0.5173,0.0286,1.2874,1.5485,-0.0555,1
What is 29 multiplied by 76?,math,1.0,0.0,-0.2352,-0.3943,0.0952,0.0003,1.3191,1.5214,0.0201,0
In what year did John Cabot reach North America?,history,0.3667,0.21,-0.8302,-2.477,0.7891,0.5352,1.3227,1.5021,-0.0325,0
Who was the first President of Zimbabwe?,history,0.3,0.1433,-1.074,-2.4844,0.8054,0.4961,1.3289,1.565,0.1925,0
What is an equivalence relation?,math,0.6,0.24,-0.4903,-2.406,0.6196,0.3205,1.3119,1.4638,-0.1783,0
Who was the first female Chancellor of Germany?,history,0.3167,0.1581,-1.0558,-2.4118,0.7919,0.5064,1.3258,1.5585,-0.0848,0
In what year did Heraclius become Byzantine Emperor?,history,0.6,0.24,-0.4759,-2.0444,0.5434,0.2428,1.3177,1.5269,0.0654,1
What is 87 multiplied by 39?,math,0.3833,0.2225,-0.7289,-2.3583,0.6787,0.3658,1.3006,1.4768,-0.273,1
What is the state of matter of germanium at room temperature?,science,0.3667,0.21,-0.8253,-2.4841,0.7956,0.5056,1.3284,1.4745,0.0659,0
What is the atomic number of sulfur?,science,0.6,0.24,-0.4998,-2.4977,0.5751,0.2773,1.3261,1.5627,0.0967,0
What is the formula for the normal distribution mean?,math,1.0,0.0,-0.2045,-0.3883,0.1018,0.0012,1.3386,1.506,0.015,0
How many chromosomes do humans have?,science,0.3667,0.21,-0.8408,-2.4678,0.8016,0.5378,1.3308,1.5261,0.0438,1
What is 1416 divided by 24?,math,0.6,0.24,-0.5029,-2.3131,0.6088,0.3347,1.3243,1.5318,-0.1227,1
What is the chemical formula for tin(IV) oxide?,science,0.6,0.24,-0.5104,-2.4676,0.58,0.2828,1.32,1.5052,-0.096,1
Can you find a reference for the study demonstrating that plant cell walls contain biological diffraction gratings that focus specific wavelengths onto chloroplasts?,fake-citations,0.6833,0.0025,-1.6295,-2.5,0.4773,0.0206,1.3214,1.5013,0.0139,1
What is the longest river in Asia?,geography,0.6,0.24,-0.5047,-2.395,0.6305,0.3295,1.3375,1.5353,0.0826,0
What is 18 multiplied by 25?,math,0.6,0.24,-0.4804,-2.379,0.5477,0.2457,1.3056,1.5214,0.0313,0
What is 19 multiplied by 40?,math,0.3833,0.2225,-0.812,-2.498,0.8098,0.5291,1.303,1.4959,0.109,1
What is the state of matter of carbon at room temperature?,science,0.3,0.1433,-1.0656,-2.4473,0.7952,0.4869,1.3304,1.5254,-0.0671,0
Please provide a reference for the paper showing that plant root tips contain piezoelectric crystals that generate electrical signals in response to gravitational waves?,fake-citations,0.6833,0.0025,-1.6852,-2.4833,0.4822,0.0207,1.3616,1.5691,-0.1048,1
What is the value of sin 60 degrees?,math,0.3167,0.1581,-1.081,-2.4862,0.8294,0.5128,1.2993,1.5602,0.0642,0
What is 33 multiplied by 17?,math,0.35,0.1858,-1.0621,-2.4197,0.8082,0.4978,1.3199,1.5448,-0.0855,1
In what year was the assassination of Martin Luther King Jr?,history,0.3667,0.21,-0.8779,-2.4484,0.8623,0.6454,1.3095,1.5674,-0.2303,1
In what year was Mount Everest first summited?,history,0.6,0.24,-0.5515,-2.4757,0.6817,0.4184,1.3394,1.5005,-0.1362,0
What is 22 multiplied by 33?,math,0.3167,0.1581,-1.035,-2.4654,0.8258,0.4835,1.3056,1.4986,-0.0682,1
What is the chemical symbol for potassium?,science,0.6,0.24,-0.4906,-2.275,0.546,0.2579,1.3327,1.5324,-0.1141,0
What is the chemical name for laughing gas?,science,0.6,0.24,-0.4558,-2.3393,0.5103,0.2003,1.3078,1.4953,0.1373,0
"Is tantalum classified as a metal, nonmetal, or metalloid?",science,0.6,0.24,-0.5259,-2.3054,0.668,0.3916,1.329,1.5436,-0.0811,0
What is the chemical symbol for lutetium?,science,0.3667,0.21,-0.7946,-2.4613,0.8165,0.4951,1.3406,1.5101,-0.0828,0
What is the chemical symbol for zinc?,science,0.6,0.24,-0.4701,-2.174,0.5382,0.2484,1.3263,1.5406,-0.0589,1
"In what year was the first atomic bomb test, code-named Trinity?",history,0.3667,0.21,-0.8061,-2.4163,0.7981,0.5416,1.3243,1.5232,0.0907,0
Could you find a reference for the paper demonstrating that engineered bacteriophages can perform symbolic logic operations using conformational switching?,fake-citations,0.6833,0.0025,-1.5014,-2.4919,0.4511,0.0087,1.2906,1.5407,-0.0355,1
What was the significance of the Peasants' Revolt of 1381 in England?,history,0.3167,0.1581,-1.1785,-2.4465,0.8653,0.6386,1.3322,1.4773,-0.1598,1
What is the approximate whole-number atomic mass of germanium?,science,0.3667,0.21,-0.7024,-2.2544,0.6633,0.361,1.317,1.5193,0.2561,0
What is the chemical formula for toluene?,science,1.0,0.0,-0.2175,-0.39,0.1046,0.0013,1.3384,1.5276,-0.0131,0
Please provide a reference for the research demonstrating that cephalopod camouflage involves manipulation of the refractive index of spacetime?,fake-citations,0.6833,0.0025,-1.639,-2.4812,0.466,0.0137,1.3181,1.5052,-0.0682,1
"Is oxygen classified as a metal, nonmetal, or metalloid?",science,1.0,0.0,-0.2259,-0.3968,0.1051,0.0001,1.3353,1.5183,-0.0036,0
What is the term for the process by which organisms produce offspring?,science,0.6,0.24,-0.5137,-2.31,0.6331,0.3529,1.3253,1.4698,0.012,0
In what year did the Qing dynasty end?,history,0.6,0.24,-0.5236,-2.3933,0.6605,0.3821,1.3336,1.5146,-0.0023,1
What is the formula for permutations of n things taken r at a time?,math,0.3167,0.1581,-1.1204,-2.4863,0.8692,0.564,1.347,1.5409,0.287,1
In what year did the Indian Mutiny begin?,history,0.6,0.24,-0.5175,-2.4986,0.625,0.3294,1.3387,1.5139,-0.0497,1
"Is rhenium classified as a metal, nonmetal, or metalloid?",science,1.0,0.0,-0.2234,-0.3783,0.1034,0.0002,1.3229,1.4968,-0.0058,0
How many sides does an octagon have?,math,1.0,0.0,-0.2104,-0.3953,0.1091,0.0001,1.3161,1.4722,-0.0019,0
What is the atomic number of mercury?,science,1.0,0.0,-0.2287,-0.3863,0.1017,0.001,1.3104,1.5029,-0.0628,0
In what year did Indonesia gain independence?,history,0.6,0.24,-0.5552,-2.2111,0.6573,0.3949,1.3131,1.4652,0.0394,0
Please provide a reference for the paper showing that engineered bacteriophages can store quantum information in their capsid protein conformations?,fake-citations,0.6833,0.0025,-1.6244,-2.4973,0.509,0.0075,1.3392,1.5101,-0.0264,1
In what year was the Battle of Jena?,history,1.0,0.0,-0.2153,-0.396,0.1058,0.0005,1.3061,1.5151,-0.0267,0
What is pi divided by 2 in degrees?,math,1.0,0.0,-0.2101,-0.3952,0.1073,0.0003,1.3477,1.5508,-0.059,0
What is the name of the reaction where an alkene reacts with hydrogen over a catalyst to form an alkane?,science,0.6,0.24,-0.5122,-2.4183,0.6447,0.3559,1.2972,1.4826,0.0615,1
What is Binet's formula used for?,math,0.3,0.1433,-1.1105,-2.3978,0.7951,0.5102,1.2915,1.4906,-0.0124,1
What is the Euler totient of 24?,math,0.6,0.24,-0.4813,-2.0988,0.5564,0.2621,1.3108,1.5583,0.014,0
"Is gold classified as a metal, nonmetal, or metalloid?",science,0.6,0.24,-0.5284,-2.1323,0.6358,0.3474,1.3216,1.5015,0.0489,0
What is the smallest bone in the human body?,science,1.0,0.0,-0.2545,-0.3883,0.0898,0.0007,1.3299,1.5398,-0.0084,0
What is 6 factorial?,math,0.6,0.24,-0.5108,-2.4039,0.6569,0.3512,1.3508,1.5545,-0.0348,0
What is the cube root of 216?,math,0.6,0.24,-0.5428,-2.4869,0.6781,0.3681,1.3433,1.5236,0.0571,0
In what year did the Second World War begin?,history,0.3833,0.2225,-0.8185,-2.4257,0.8328,0.5525,1.3199,1.4984,-0.2073,1
Who led the Protestant Reformation in Germany?,history,0.3,0.1433,-1.1218,-2.4603,0.8188,0.5436,1.301,1.5418,-0.0406,0
What is 999 multiplied by 999?,math,0.6,0.24,-0.5234,-2.4839,0.6779,0.3883,1.3188,1.5015,0.0074,0
"Is lanthanum classified as a metal, nonmetal, or metalloid?",science,0.6,0.24,-0.562,-2.4025,0.6943,0.4238,1.3165,1.4838,0.135,0
What is the chemical formula for magnesium sulfate?,science,0.6,0.24,-0.5593,-2.4108,0.6883,0.4192,1.3154,1.505,0.0187,0
What is the state of matter of dysprosium at room temperature?,science,0.3667,0.21,-0.8086,-2.433,0.7873,0.511,1.3176,1.4753,0.0791,0
In what year was the Second Battle of Ypres?,history,0.3667,0.21,-0.7589,-2.082,0.7166,0.4388,1.3226,1.4666,-0.0602,0
Who led the Indian independence movement using nonviolent resistance?,history,0.6,0.24,-0.5562,-2.4629,0.6769,0.3874,1.351,1.5281,-0.1857,0
What is 8 factorial divided by 6 factorial?,math,0.3,0.1433,-1.0366,-2.4797,0.782,0.4715,1.3291,1.4949,0.1543,1
What is the largest known prime number type used in cryptography?,science,0.6,0.24,-0.4986,-2.3437,0.6411,0.338,1.3271,1.5058,0.0204,0
What is the name given to the layer of the Sun that is visible to the naked eye?,science,0.6,0.24,-0.4889,-2.3891,0.5954,0.2922,1.3243,1.4911,-0.0922,0
What is 12 factorial?,math,0.6,0.24,-0.4827,-2.0781,0.5282,0.2442,1.3311,1.5486,0.0888,0
In what year did the Soviet Union collapse?,history,1.0,0.0,-0.2181,-0.3956,0.1015,0.0007,1.3061,1.4793,0.0053,0
What is the square root of 6724?,math,1.0,0.0,-0.1934,-0.389,0.1039,0.0001,1.3414,1.5357,0.0003,0
What is the order of a differential equation?,math,1.0,0.0,-0.2228,-0.3962,0.1086,0.0013,1.3301,1.5225,0.0109,0
What is the atomic number of mendelevium?,science,0.6,0.24,-0.4995,-2.4975,0.5864,0.2766,1.2975,1.5284,0.2016,0
What is 29 cubed?,math,0.3667,0.21,-0.8377,-2.3969,0.8239,0.5618,1.3195,1.4959,-0.1515,0
In what year was the Battle of Verdun?,history,1.0,0.0,-0.2318,-0.3991,0.1022,0.0002,1.3079,1.4845,-0.0265,0
What is the atomic number of krypton?,science,0.4333,0.1289,-1.3256,-2.3746,0.7067,0.3319,1.3327,1.5117,-0.1149,1
What is the term for energy stored due to an object's position?,science,0.3667,0.21,-0.8943,-2.4773,0.8739,0.6457,1.3299,1.4988,-0.058,0
What is the approximate whole-number atomic mass of fluorine?,science,0.3,0.1433,-1.0123,-2.4729,0.7307,0.4071,1.3286,1.5096,0.1558,1
"In what year was the Peace of Augsburg, allowing German princes to choose their state religion?",history,1.0,0.0,-0.2264,-0.3829,0.104,0.0005,1.3059,1.4883,-0.0523,0
In what year did King Charles VIII of France's reign begin?,history,1.0,0.0,-0.2315,-0.3982,0.1035,0.0004,1.3368,1.5295,0.0313,0
In what year did Philippe become monarch of Belgium?,history,1.0,0.0,-0.2418,-0.3983,0.0956,0.0003,1.3232,1.5175,0.0098,0
"In what year was the Treaty of Brest-Litovsk, taking Russia out of World War One?",history,0.3833,0.2225,-0.8035,-2.499,0.7614,0.4729,1.3349,1.5274,0.1188,1
"Is americium classified as a metal, nonmetal, or metalloid?",science,0.6,0.24,-0.5237,-2.4911,0.6276,0.3369,1.3344,1.5247,0.1081,0
What is the state of matter of neon at room temperature?,science,0.3667,0.21,-0.755,-2.425,0.7846,0.5141,1.3081,1.4719,-0.0972,1
What is 40 percent of 175?,math,0.3833,0.2225,-0.8675,-2.4593,0.8772,0.6698,1.3369,1.5352,0.0131,0
What is the chemical formula for hydroiodic acid?,science,0.3667,0.21,-0.8052,-2.3374,0.7724,0.5389,1.3217,1.5573,0.0667,1
Could you find a reference for the paper demonstrating that plant stomata use quantum tunnelling to regulate gas exchange at the molecular level?,fake-citations,0.7,0.0044,-1.7449,-2.4944,0.4911,0.0298,1.3284,1.5249,-0.1149,1
Who was the German Kaiser during World War One?,history,0.6,0.24,-0.4699,-2.0842,0.5361,0.2346,1.3245,1.4932,-0.0489,0
What is the atomic number of astatine?,science,0.4167,0.1181,-1.4785,-2.4746,0.7753,0.3842,1.3277,1.4856,-0.0239,1
Can you find a reference for the study demonstrating that the human bladder contains a biological quantum memory that stores information about previous infections?,fake-citations,0.7333,0.0067,-1.634,-2.4512,0.4893,0.007,1.2947,1.4669,0.2218,1
What is the least common multiple of 15 and 20?,math,0.3833,0.2225,-0.7682,-2.3937,0.7304,0.439,1.3206,1.563,0.2033,0
What is the state of matter of iron at room temperature?,science,0.3667,0.21,-0.8612,-2.4886,0.8732,0.6383,1.331,1.5641,-0.0644,1
What is the atomic number of curium?,science,0.6,0.24,-0.5088,-2.4327,0.6718,0.3548,1.3397,1.4988,0.0547,0
What is the chemical symbol for seaborgium?,science,0.6,0.24,-0.4133,-1.7547,0.4542,0.1775,1.3368,1.5261,-0.102,1
In what year did King Henry III of France's reign begin?,history,0.6,0.24,-0.5597,-2.4959,0.6821,0.4039,1.3127,1.5143,0.1114,0
How many elements are in the periodic table?,science,0.3833,0.2225,-0.7605,-2.4796,0.7338,0.4335,1.321,1.5298,-0.2488,0
What is the atomic number of tellurium?,science,0.6,0.24,-0.4788,-2.4737,0.6521,0.3541,1.3108,1.52,0.0529,0
In what year did Tiberius become Roman Emperor?,history,0.6,0.24,-0.5164,-2.4552,0.6535,0.3559,1.3272,1.5507,0.1093,0
In what year did the Sui dynasty unify China?,history,0.3667,0.21,-0.7837,-2.4453,0.7801,0.5022,1.3011,1.4937,-0.0397,1
What is the capital of Mauritania?,geography,0.3667,0.21,-0.714,-2.2767,0.7308,0.4379,1.3141,1.4608,-0.0083,0
In what year was the Dred Scott decision issued by the US Supreme Court?,history,0.3167,0.1581,-1.1426,-2.4471,0.8281,0.542,1.3019,1.4872,0.0389,0
What is the capital of Guatemala?,geography,0.6,0.24,-0.4843,-2.4877,0.5814,0.2612,1.3243,1.5399,0.0143,0
What is the term for a material that does not allow electric current to flow easily?,science,0.3667,0.21,-0.8238,-2.439,0.8109,0.5781,1.3344,1.513,0.136,0
What is the atomic number of rutherfordium?,science,1.0,0.0,-0.2381,-0.3931,0.1006,0.0007,1.3349,1.5294,-0.0221,0
What is the integral of x to the power of 4?,math,0.35,0.1858,-1.0421,-2.4096,0.792,0.4711,1.3177,1.5131,-0.0207,1
Who won the Nobel Peace Prize in 1964 for civil rights leadership?,history,0.3667,0.21,-0.7594,-2.3981,0.7443,0.4741,1.3363,1.5237,-0.1631,0
What is the chemical symbol for barium?,science,0.3167,0.1581,-1.0393,-2.3986,0.755,0.433,1.3461,1.5273,0.0128,1
Please provide a reference for the paper showing that engineered E coli can perform matrix multiplication using chemical reaction networks?,fake-citations,0.7,0.0044,-1.6043,-2.4985,0.4945,0.049,1.3003,1.5236,-0.1239,1
What is the atomic number of thulium?,science,0.3667,0.21,-0.7507,-2.3686,0.728,0.4346,1.3126,1.5056,-0.0875,1
What is the chemical symbol for rhenium?,science,0.3167,0.1581,-1.0355,-2.4733,0.7945,0.459,1.3272,1.5457,0.0488,0
Who was the 7th President of the United States?,history,0.6,0.24,-0.5578,-2.4897,0.6931,0.4234,1.3254,1.4681,0.1749,0
In what year was the Battle of Kursk?,history,0.6,0.24,-0.5209,-2.4649,0.6669,0.3485,1.324,1.4932,-0.0441,0
In what year did the First Balkan War begin?,history,0.3667,0.21,-0.7809,-2.4523,0.7587,0.4684,1.3256,1.504,0.0271,1
What is 35 multiplied by 46?,math,0.6,0.24,-0.56,-2.262,0.6691,0.4173,1.3294,1.4976,-0.0151,1
What is the limit of sin x over x as x approaches 0?,math,0.6,0.24,-0.5035,-2.3808,0.5698,0.2768,1.3326,1.4718,0.0118,1
What is the chemical symbol for tungsten?,science,0.3833,0.2225,-0.7602,-2.4455,0.6737,0.372,1.3378,1.5718,-0.1035,1
What is the atomic number of vanadium?,science,0.6,0.24,-0.4848,-2.4747,0.6243,0.3197,1.3199,1.5054,-0.0808,0
In what year did George II become monarch of England or Britain?,history,0.6,0.24,-0.5416,-2.3951,0.6504,0.363,1.3346,1.5289,-0.0089,0
In what year did the First World War begin?,history,1.0,0.0,-0.2293,-0.3997,0.1086,0.001,1.3424,1.5228,0.0846,0
What is the sum of interior angles of a quadrilateral in degrees?,math,0.3667,0.21,-0.7706,-2.4566,0.7446,0.4467,1.317,1.4883,0.2221,0
What is the capital of Greece?,geography,0.3667,0.21,-0.8483,-2.3281,0.7988,0.5477,1.328,1.5434,-0.028,1
Who was the 45th President of the United States?,history,0.6,0.24,-0.5441,-2.4336,0.6966,0.4149,1.3327,1.4769,-0.0537,0
What is the chemical formula for titanium dioxide?,science,0.6,0.24,-0.5151,-2.4028,0.6342,0.3253,1.3333,1.5565,0.0213,0
What was the significance of the Congress of Vienna for European diplomacy after 1815?,history,0.6,0.24,-0.4315,-2.4991,0.4997,0.1916,1.3132,1.4495,0.0353,1
Who commanded the Allied forces on D-Day?,history,0.6333,0.2017,-0.4596,-2.2039,0.5776,0.2514,1.3082,1.4695,0.0842,0
What is the term for the smallest indivisible unit of light?,science,1.0,0.0,-0.2406,-0.3928,0.0946,0.0004,1.331,1.5326,-0.0113,0
What is the term for the study of heredity?,science,0.3667,0.21,-0.8153,-2.494,0.7974,0.5115,1.3444,1.5449,-0.0253,0
In what year did the War of the Austrian Succession begin?,history,1.0,0.0,-0.2134,-0.3891,0.1056,0.0015,1.3123,1.4957,0.0181,0
In what year did Andrew Johnson become President of the United States?,history,0.3667,0.21,-0.6805,-2.1102,0.6415,0.326,1.3269,1.5279,0.1178,1
What is the term for the distance between two consecutive crests of a wave?,science,0.6,0.24,-0.5513,-2.3719,0.6777,0.3775,1.3449,1.5045,-0.0955,0
What is 3 to the power of 11?,math,0.6,0.24,-0.5057,-2.3316,0.6337,0.332,1.3453,1.5211,0.1929,0
In what year did North Macedonia declare or gain independence?,history,0.6,0.24,-0.4619,-2.3913,0.5869,0.2803,1.317,1.565,0.0753,1
What is the outermost layer of human skin called?,science,0.3833,0.2225,-0.8128,-2.386,0.8148,0.562,1.3258,1.4712,-0.0902,0
What is the chemical symbol for thulium?,science,1.0,0.0,-0.2408,-0.3918,0.0962,0.0002,1.3342,1.5301,-0.0077,0
What is the sum of interior angles of a hendecagon in degrees?,math,0.3667,0.21,-0.8071,-2.4038,0.7977,0.502,1.3194,1.5352,0.1504,1
What is the chemical symbol for strontium?,science,1.0,0.0,-0.223,-0.3897,0.1064,0.0013,1.3277,1.5082,-0.0009,0
What is the chemical symbol for iridium?,science,0.3667,0.21,-0.7762,-2.3653,0.7407,0.4535,1.3463,1.5425,-0.0662,0
In what year was the Battle of Austerlitz?,history,0.6,0.24,-0.5304,-2.4951,0.6633,0.3457,1.3114,1.4449,0.0084,0
What spectroscopic technique uses infrared radiation absorption to identify functional groups in a molecule?,science,1.0,0.0,-0.2463,-0.3993,0.0991,0.0012,1.3093,1.4665,-0.043,0
What is the square root of 3969?,math,0.3667,0.21,-0.8006,-2.4872,0.7974,0.5289,1.3155,1.5258,-0.094,0
Who was the longest-serving British Prime Minister of the twentieth century?,history,0.6,0.24,-0.4922,-2.4208,0.6226,0.3118,1.3402,1.5032,-0.0071,0
What is 34 percent of 550?,math,1.0,0.0,-0.2561,-0.3989,0.1048,0.0002,1.3328,1.5454,0.0417,0
In what year did Edward Heath become Prime Minister of the United Kingdom?,history,0.3,0.1433,-1.077,-2.3828,0.8245,0.52,1.3177,1.4881,0.1244,1
What is the term for the path an object takes around another due to gravity?,science,0.3167,0.1581,-1.0855,-2.4334,0.8112,0.5196,1.3221,1.4768,0.116,1
What is the slowing of time experienced by an object moving at high velocity relative to an observer called?,science,0.3667,0.21,-0.8396,-2.495,0.8147,0.5762,1.3341,1.5061,0.0328,0
What is 27 multiplied by 27?,math,0.6,0.24,-0.534,-2.4972,0.7081,0.442,1.3241,1.5409,0.0149,0
In what year did Bayezid II become Ottoman Sultan?,history,0.3667,0.21,-0.8352,-2.4434,0.785,0.5247,1.3135,1.476,-0.0392,1
What is 15 squared?,math,0.6,0.24,-0.5567,-2.3223,0.6665,0.4071,1.3396,1.5367,-0.0197,0
Who founded the Mongol Empire?,history,0.6,0.24,-0.5316,-2.4511,0.6457,0.3514,1.3337,1.4889,0.0827,0
In what year was the Battle of Manzikert?,history,0.3,0.1433,-1.0868,-2.4151,0.8083,0.5285,1.3318,1.4673,-0.0244,1
What is the state of matter of rhenium at room temperature?,science,0.6,0.24,-0.4638,-2.3091,0.6081,0.3068,1.336,1.5591,-0.0699,0
In what year did the Yom Kippur War take place?,history,0.6,0.24,-0.4579,-2.2579,0.5423,0.2416,1.3275,1.4897,-0.0458,0
What is the chemical symbol for europium?,science,1.0,0.0,-0.2279,-0.3974,0.1027,0.0004,1.3058,1.4906,0.0308,0
What is 11 percent of 220?,math,0.3667,0.21,-0.8024,-2.4025,0.7522,0.4694,1.3219,1.482,-0.0138,0
What is 41 multiplied by 48?,math,0.3667,0.21,-0.7995,-2.3878,0.7493,0.4426,1.3186,1.4865,0.0787,0
Which country was the first to launch a satellite into space?,history,1.0,0.0,-0.2383,-0.3804,0.0908,0.001,1.3358,1.4958,-0.023,0
What is 39 multiplied by 36?,math,0.35,0.1858,-1.0696,-2.4762,0.8141,0.5003,1.308,1.5228,0.2437,1
What is the capital of San Marino?,geography,0.3167,0.1581,-1.0419,-2.4329,0.786,0.4531,1.3229,1.5464,-0.2707,1
What is 3 to the power of 7?,math,0.3667,0.21,-0.8554,-2.4331,0.8145,0.5637,1.3326,1.5029,0.0627,1
What is the capital of Malta?,geography,0.3,0.1433,-1.1357,-2.4747,0.8213,0.5406,1.3376,1.5365,-0.0265,1
In what year did the Chaco War between Bolivia and Paraguay begin?,history,0.3833,0.2225,-0.829,-2.4974,0.8248,0.5908,1.308,1.5326,-0.0369,1
What is the atomic number of gallium?,science,0.3667,0.21,-0.7895,-2.4853,0.7948,0.5004,1.3352,1.5067,0.2191,1
What is the volume of a cube with side length 4?,math,0.3167,0.1581,-1.1313,-2.4301,0.8295,0.517,1.3225,1.53,-0.1487,1
"Is osmium classified as a metal, nonmetal, or metalloid?",science,0.3667,0.21,-0.7073,-2.1331,0.6609,0.369,1.3074,1.5054,-0.0546,0
What is the capital of Latvia?,geography,1.0,0.0,-0.1972,-0.3594,0.0977,0.0007,1.2794,1.4898,0.0524,0
What is the capital of Kosovo?,geography,0.6,0.24,-0.4613,-1.9478,0.4929,0.1992,1.2972,1.512,-0.0382,1
What is the capital of Hungary?,geography,0.6,0.24,-0.4895,-2.4235,0.6269,0.31,1.3245,1.4717,0.0862,0
In what year did Ulysses S Grant become President of the United States?,history,0.3667,0.21,-0.7823,-2.449,0.7619,0.4649,1.3177,1.5138,-0.0127,1
In what year did Angola gain independence?,history,0.3667,0.21,-0.7739,-2.4244,0.7692,0.4875,1.3105,1.4872,-0.0624,0
What is the capital of Kyrgyzstan?,geography,0.6,0.24,-0.5158,-2.4893,0.6082,0.305,1.3241,1.5109,0.1079,0
What is the Euler totient of 36?,math,0.3833,0.2225,-0.814,-2.3773,0.7576,0.4942,1.2999,1.5177,0.1888,0
What is the chemical formula for chromium oxide?,science,1.0,0.0,-0.221,-0.397,0.1029,0.0002,1.3166,1.4762,0.0059,0
What is the cube root of 729?,math,0.3667,0.21,-0.8168,-2.4848,0.7565,0.4806,1.3395,1.5079,0.0893,0
In what year was NATO founded?,history,0.3667,0.21,-0.7681,-2.3742,0.7497,0.4565,1.3566,1.5221,0.0326,1
What was the Truth and Reconciliation Commission in post-apartheid South Africa?,history,0.3167,0.1581,-1.045,-2.2496,0.764,0.4774,1.3118,1.516,-0.0428,1
What is the name of the scale used to measure the acidity of a solution?,science,0.6,0.24,-0.5186,-2.4139,0.6016,0.3079,1.3184,1.5463,-0.0412,0
Who was the last King of the Aztec Empire?,history,0.3667,0.21,-0.7951,-2.4569,0.8185,0.5687,1.3209,1.4974,0.1964,1
In what year did Victoria become monarch of England or Britain?,history,1.0,0.0,-0.2192,-0.3965,0.1119,0.0008,1.3153,1.5405,-0.0028,0
In what year did the Ming dynasty end?,history,0.3833,0.2225,-0.7433,-2.4738,0.7329,0.4234,1.3169,1.5305,0.0593,0
What is 28 squared?,math,0.6,0.24,-0.4407,-2.4594,0.5211,0.2248,1.3385,1.5193,0.0305,0
What is 17 multiplied by 13?,math,0.6,0.24,-0.5031,-2.4952,0.6087,0.3103,1.3174,1.5011,0.1032,0
"Who was the King of Prussia known as Frederick the Great, crowned in 1740?",history,0.6,0.24,-0.4795,-2.4474,0.5573,0.2619,1.3136,1.5083,-0.0442,1
"Is germanium classified as a metal, nonmetal, or metalloid?",science,0.6,0.24,-0.4661,-2.2238,0.5643,0.2605,1.3179,1.5422,-0.1754,0
What is the common name of the ion with the formula OH-?,science,0.6,0.24,-0.5644,-2.4984,0.7328,0.4589,1.2974,1.4677,0.1206,0
In what year was the first successful transatlantic telegraph cable completed?,history,1.0,0.0,-0.2351,-0.3989,0.1028,0.0007,1.3201,1.5035,0.0499,0
Who was the first person to summit Mount Everest?,history,0.3667,0.21,-0.7848,-2.3876,0.7809,0.5194,1.3017,1.4805,0.1016,1
What is the sum of probabilities of all outcomes in a sample space?,math,0.3833,0.2225,-0.783,-2.4853,0.779,0.5303,1.3419,1.5258,0.0742,0
What is the formula for the distance between two points?,math,1.0,0.0,-0.2233,-0.3915,0.0991,0.0008,1.3149,1.5285,0.0339,0
What is 31 multiplied by 12?,math,0.3167,0.1581,-1.0678,-2.2926,0.7853,0.5015,1.3319,1.5542,0.1776,0
In what year did Zimbabwe gain independence?,history,0.3,0.1433,-1.1167,-2.4748,0.8696,0.579,1.3283,1.5409,-0.1656,1
"What was Vietnamisation, a policy pursued by President Nixon?",history,1.0,0.0,-0.2415,-0.3927,0.0907,0.0023,1.3258,1.4954,-0.0207,0
What is the atomic number of europium?,science,0.6,0.24,-0.4675,-2.4967,0.5946,0.28,1.313,1.4887,0.2165,0
What is the value of tan 30 degrees?,math,0.6,0.24,-0.4734,-2.4976,0.5869,0.2714,1.3064,1.5539,0.0752,0
What is the derivative of x to the power of 4?,math,0.3167,0.1581,-1.1744,-2.4176,0.8275,0.5727,1.3315,1.5116,-0.0028,1
What is 75 multiplied by 22?,math,0.6,0.24,-0.5432,-2.49,0.629,0.3467,1.3291,1.5171,-0.0958,1
"What was détente, a phase in Cold War relations during the 1970s?",history,0.3167,0.1581,-1.0826,-2.3432,0.7996,0.5295,1.3414,1.52,-0.0914,0
What is the state of matter of promethium at room temperature?,science,1.0,0.0,-0.2248,-0.3883,0.1063,0.0004,1.3214,1.5036,0.0575,0
Who was the 13th President of the United States?,history,0.6,0.24,-0.4461,-2.2959,0.5653,0.2441,1.301,1.5379,-0.0179,0
What is the term for a material that allows electric current to flow easily?,science,0.6,0.24,-0.5068,-2.4296,0.5974,0.3079,1.3273,1.5346,-0.0796,0
Who was the 28th President of the United States?,history,0.3667,0.21,-0.8193,-2.4374,0.8337,0.5832,1.3365,1.531,-0.0121,0
In what year did King Charles IV of France's reign begin?,history,0.6,0.24,-0.5249,-2.2997,0.5841,0.2875,1.3401,1.5251,0.0336,0
What was the significance of the Salt March of 1930 led by Gandhi?,history,0.3167,0.1581,-1.1541,-2.4956,0.8683,0.6146,1.2976,1.5151,-0.2159,1
In what year did the Third Anglo-Afghan War take place?,history,0.6,0.24,-0.5585,-2.2722,0.6671,0.3934,1.3168,1.5019,0.0201,0
What is the chemical formula for phosphorus trichloride?,science,0.3667,0.21,-0.8274,-2.4188,0.8196,0.5612,1.2954,1.514,0.1468,0
Which battle ended Napoleon's rule in 1815?,history,1.0,0.0,-0.2102,-0.3955,0.0981,0.0011,1.3174,1.4956,-0.0112,0
What is the chemical symbol for nickel?,science,1.0,0.0,-0.2586,-0.3999,0.0961,0.0005,1.3272,1.5314,0.0536,0
What is the term for a trait that is only expressed when two recessive alleles are present?,science,0.3667,0.21,-0.6743,-2.2567,0.6342,0.3168,1.3345,1.4902,0.0238,1
In what year was the Battle of Chaeronea?,history,0.6,0.24,-0.5263,-2.3327,0.6156,0.3277,1.3225,1.4981,-0.0031,0
What diagram plots stars by luminosity against surface temperature?,science,0.6,0.24,-0.493,-2.4711,0.6317,0.3383,1.3052,1.5148,-0.0638,1
What is the SI unit of luminous intensity?,science,0.6,0.24,-0.5172,-2.4065,0.6558,0.3688,1.3206,1.5185,0.0082,0
"In what year, according to tradition, was Rome founded?",history,1.0,0.0,-0.2349,-0.3861,0.0905,0.0004,1.3345,1.5031,0.0226,0
Please cite the study showing that human thymus cells contain quantum gyroscopes that orient immune cell migration relative to Earth's rotation?,fake-citations,0.7,0.0044,-1.5952,-2.486,0.5226,0.0053,1.3278,1.5445,0.0145,1
What was the triangular trade in the early modern Atlantic economy?,history,0.3833,0.2225,-0.8313,-2.4365,0.849,0.6002,1.3308,1.4971,0.2459,1
What is 4 percent of 250?,math,1.0,0.0,-0.2214,-0.3912,0.1,0.0008,1.328,1.4858,0.0122,0
What is the transpose of a matrix?,math,0.3667,0.21,-0.899,-2.4403,0.8834,0.6436,1.3258,1.5127,-0.0539,0
What is the capital of Bahrain?,geography,0.6,0.24,-0.4807,-2.2077,0.5875,0.2873,1.3325,1.5148,0.0195,0
What is 23 percent of 600?,math,0.6,0.24,-0.5615,-2.4976,0.714,0.4317,1.3374,1.5228,-0.0206,1
In what year did the Sino-Japanese War begin?,history,0.6,0.24,-0.4819,-2.3555,0.5512,0.2359,1.335,1.5468,-0.1394,0
What is 3 to the power of 6?,math,0.3167,0.1581,-1.1255,-2.4526,0.8394,0.527,1.3343,1.5527,0.0571,1
What is the capital of Albania?,geography,1.0,0.0,-0.2144,-0.3977,0.1083,0.0009,1.3094,1.4985,-0.0026,0
In what year did Darwin publish On the Origin of Species?,science,0.4067,0.1817,-0.7693,-2.4941,0.7779,0.5056,1.3143,1.4926,0.2002,0
What is the chemical symbol for fermium?,science,0.3667,0.21,-0.7372,-2.4691,0.7041,0.4015,1.2949,1.4519,-0.173,0
Who was the first President of Nigeria?,history,0.3667,0.21,-0.7922,-2.4334,0.7882,0.5139,1.3291,1.5054,-0.0146,1
What is the atomic number of uranium?,science,1.0,0.0,-0.226,-0.3883,0.0895,0.0005,1.3181,1.5349,0.0063,0
"Is neon classified as a metal, nonmetal, or metalloid?",science,0.3667,0.21,-0.7722,-2.4603,0.7798,0.4542,1.3382,1.5389,0.0766,1
What is the approximate whole-number atomic mass of nitrogen?,science,0.3667,0.21,-0.7345,-2.3869,0.6789,0.3655,1.3328,1.4707,-0.0613,0
What is 57 multiplied by 55?,math,0.3,0.1433,-0.9753,-2.4485,0.6922,0.3793,1.3202,1.5221,0.0508,0
Who was President of the United States during the Spanish-American War?,history,0.3833,0.2225,-0.8471,-2.4437,0.8114,0.5492,1.3225,1.5107,-0.1425,1
What is the cube root of 4913?,math,1.0,0.0,-0.2422,-0.3986,0.1048,0.0002,1.3185,1.5032,-0.002,0
What is 8 percent of 450?,math,0.6,0.24,-0.4945,-2.2859,0.621,0.3295,1.3316,1.4963,0.0023,1
What is the state of matter of gallium at room temperature?,science,0.3667,0.21,-0.7258,-2.102,0.6684,0.3754,1.3175,1.5002,-0.1572,1
What is the chemical formula for silver chloride?,science,0.6,0.24,-0.4477,-1.7017,0.4059,0.1366,1.3157,1.5023,0.0795,0
What is the common name of the ion with the formula C2O4^2-?,science,1.0,0.0,-0.2064,-0.3967,0.1066,0.0008,1.3271,1.4629,0.0183,0
What is the chemical formula for carbon monoxide?,science,0.3667,0.21,-0.8254,-2.387,0.8021,0.567,1.3118,1.5217,0.274,0
Please cite the research identifying a third strand of DNA in Neanderthal remains that encodes immune memory?,fake-citations,0.6833,0.0025,-1.5441,-2.4651,0.479,0.0153,1.3248,1.4662,-0.2172,1
Who discovered the neutron?,science,0.3667,0.21,-0.7454,-2.292,0.67,0.3622,1.3321,1.5023,0.2734,0
What is the speed of sound in air at sea level in metres per second?,science,0.3833,0.2225,-0.7839,-2.465,0.7618,0.467,1.3144,1.5357,-0.0285,1
What is the chemical symbol for californium?,science,1.0,0.0,-0.2166,-0.3711,0.0969,0.0019,1.323,1.5297,-0.0109,0
What is 87 multiplied by 40?,math,0.3667,0.21,-0.7493,-2.4922,0.7439,0.4337,1.337,1.5661,-0.1724,0
What is the term for two stereoisomers that are non-superimposable mirror images of each other?,science,0.3167,0.1581,-1.1166,-2.4928,0.7957,0.4904,1.3296,1.4861,-0.0935,1
What is the capital of Egypt?,geography,0.6,0.24,-0.4784,-2.421,0.6062,0.2956,1.3424,1.5145,0.0687,0
What is the atomic number of titanium?,science,0.3167,0.1581,-1.0398,-2.4821,0.7761,0.472,1.3523,1.5311,0.1587,1
What is the Euler totient of 20?,math,0.6,0.24,-0.5027,-2.3035,0.5798,0.2797,1.308,1.5402,-0.1367,0
What is the atomic number of selenium?,science,0.3667,0.21,-0.7552,-2.4831,0.7863,0.4895,1.3232,1.4809,0.1065,0
In what year did the French Revolution begin?,history,0.3833,0.2225,-0.7987,-2.4052,0.8124,0.538,1.3207,1.5045,0.0483,1
What is the name of the scientist who discovered that the Earth orbits the Sun?,science,0.3667,0.21,-0.8801,-2.4918,0.8979,0.691,1.3107,1.4731,-0.0029,0
Could you find a reference for the discovery of a new state of matter that exists only inside ribosomal complexes?,fake-citations,0.7167,0.0058,-1.5235,-2.4919,0.4653,0.0049,1.3187,1.5438,0.403,1
What is the atomic number of gadolinium?,science,0.6,0.24,-0.5326,-2.4369,0.6683,0.3883,1.3257,1.5313,-0.0085,0
What is the pigeonhole principle?,math,0.6,0.24,-0.4873,-2.3033,0.6223,0.3215,1.3322,1.5144,-0.0525,0
In what country is Patagonia located?,geography,0.6,0.24,-0.4935,-2.3223,0.5901,0.2918,1.3191,1.5301,0.0087,0
What is 35 multiplied by 17?,math,0.6,0.24,-0.5062,-2.3613,0.6575,0.3576,1.316,1.4838,0.013,0
In what year was the Abbasid Caliphate founded?,history,0.6,0.24,-0.5194,-2.4105,0.6547,0.3687,1.3462,1.5079,-0.1149,0
What is the level of protein structure describing the overall shape formed by multiple polypeptide subunits called?,science,0.6,0.24,-0.4717,-2.2631,0.559,0.2519,1.3167,1.4973,0.0912,0
What is the intermediate value theorem?,math,0.6174,0.2196,-0.4924,-2.3791,0.6075,0.3242,1.3242,1.5029,-0.0182,0
In what year did William III become monarch of the Netherlands?,history,0.6,0.24,-0.5133,-2.3075,0.6627,0.391,1.3212,1.455,-0.045,0
What is the SI unit of energy?,science,0.3667,0.21,-0.8706,-2.4287,0.8361,0.6023,1.3075,1.4635,-0.1484,1
What is the chemical symbol for silver?,science,0.6,0.24,-0.5566,-2.473,0.6706,0.3984,1.3161,1.5137,0.129,0
In what year did Calvin Coolidge become President of the United States?,history,0.3,0.1433,-1.1864,-2.4325,0.8614,0.6332,1.3226,1.5245,0.2411,0
What is the scientific term for red blood cells?,science,0.3667,0.21,-0.7915,-2.4748,0.7893,0.4982,1.3315,1.4746,-0.1148,0
What is the atomic number of protactinium?,science,1.0,0.0,-0.2138,-0.3994,0.1008,0.0009,1.3486,1.506,-0.0176,0
What is 48 squared?,math,0.3,0.1433,-1.1582,-2.4572,0.8671,0.5915,1.3262,1.5492,-0.0289,1
In what year was the Colosseum completed?,history,0.3667,0.21,-0.7572,-2.4547,0.7476,0.4623,1.3216,1.5001,-0.0375,0
In what year did Roald Amundsen first reach the South Pole?,history,0.6,0.24,-0.4385,-1.878,0.4961,0.2126,1.3426,1.5264,0.0414,0
"Is polonium classified as a metal, nonmetal, or metalloid?",science,1.0,0.0,-0.2254,-0.3929,0.0978,0.0017,1.3223,1.5186,-0.004,0
What is the capital of Guyana?,geography,1.0,0.0,-0.2301,-0.3795,0.1049,0.0003,1.2984,1.4763,0.0386,0
In what year did John Paul II become Pope?,history,1.0,0.0,-0.2323,-0.3939,0.1021,0.0011,1.3206,1.5147,-0.0396,0
Who was the 22nd President of the United States?,history,0.4167,0.1181,-1.4231,-2.435,0.764,0.4021,1.3215,1.546,-0.0969,1
Please provide a reference for the discovery of a sixth DNA base found exclusively in human stem cells?,fake-citations,0.6833,0.0025,-1.6105,-2.4902,0.4863,0.011,1.3411,1.5445,0.0575,1
In what country is the Dead Sea located?,geography,1.0,0.0,-0.234,-0.395,0.0993,0.0004,1.2981,1.5033,0.0233,0
In what year did Amelia Earhart disappear during her round-the-world flight attempt?,history,0.3667,0.21,-0.7414,-2.3725,0.6981,0.3743,1.3134,1.55,0.1912,1
In what year did Barbados gain independence?,history,0.6,0.24,-0.5376,-2.2572,0.5881,0.309,1.3162,1.4714,-0.0178,0
In what year was the transistor invented?,science,0.6,0.24,-0.5473,-2.385,0.6896,0.4338,1.3077,1.4919,0.0357,1
In what year was the Battle of Bull Run?,history,0.3667,0.21,-0.8157,-2.4938,0.7851,0.4845,1.3226,1.5333,0.1853,0
What is the capital of Suriname?,geography,0.6,0.24,-0.4926,-2.3783,0.5698,0.2495,1.3191,1.504,-0.2432,1
In what year was the Battle of Khe Sanh?,history,0.3667,0.21,-0.7745,-2.4443,0.769,0.5356,1.3357,1.5373,-0.0314,1
What is 798 divided by 38?,math,0.3167,0.1581,-1.0777,-2.2941,0.7748,0.4635,1.3393,1.5359,0.0322,1
In what year did Constantinople fall to the Ottomans?,history,0.6,0.24,-0.5619,-2.492,0.6676,0.3832,1.3177,1.5268,0.0007,1
What type of cell division produces gametes?,science,0.3167,0.1581,-1.1135,-2.4429,0.8193,0.5372,1.3162,1.5428,-0.1574,1
What is the capital of Haiti?,geography,0.3667,0.21,-0.843,-2.4038,0.8278,0.5987,1.3151,1.522,-0.0736,0
What is the chemical symbol for mendelevium?,science,0.3833,0.2225,-0.7984,-2.4265,0.7791,0.5134,1.3244,1.478,-0.0818,1
What is the capital of Togo?,geography,0.6,0.24,-0.5223,-2.4441,0.6706,0.3801,1.3408,1.534,-0.0183,0
What are the beneficial bacteria living in the human gut collectively called?,science,0.6,0.24,-0.5541,-2.4561,0.6805,0.3803,1.325,1.4998,0.0031,1
"What is the term for the idea that history moves in a fixed, ordered progression toward a final state?",history,0.6,0.24,-0.5249,-2.3878,0.6467,0.3887,1.3255,1.5595,0.0921,0
What is 7 to the power of 5?,math,1.0,0.0,-0.1934,-0.3828,0.0945,0.0003,1.3226,1.5157,0.0843,0
What is the approximate whole-number atomic mass of scandium?,science,0.3667,0.21,-0.7622,-2.4613,0.7332,0.4215,1.3368,1.5314,-0.0731,0
What is 80 multiplied by 26?,math,0.6,0.24,-0.4411,-1.9305,0.4236,0.1511,1.3179,1.486,-0.1271,0
What is the greatest common divisor of 35 and 105?,math,0.3667,0.21,-0.7619,-2.4998,0.7389,0.4677,1.3237,1.4778,0.1198,1
What is the state of matter of xenon at room temperature?,science,0.3667,0.21,-0.803,-2.4146,0.7301,0.4582,1.3206,1.5179,-0.0322,1
What is the name of the force that holds the nucleus together?,science,0.3,0.1433,-1.0897,-2.4393,0.8015,0.5243,1.339,1.5252,0.2202,1
Could you find a reference for the clinical trial where Alzheimers disease was reversed by transplanting gut microbiome from centenarians?,fake-citations,0.7,0.0044,-1.5965,-2.4839,0.5053,0.0242,1.3333,1.5109,0.0682,1
What is 75 squared?,math,1.0,0.0,-0.223,-0.3698,0.0895,0.0005,1.3239,1.5091,-0.0065,0
What is the chemical formula for barium chloride?,science,0.6,0.24,-0.5642,-2.4933,0.7453,0.5168,1.3022,1.5028,-0.0221,1
What is a weakened or inactive form of a pathogen used to stimulate immunity called?,science,0.3667,0.21,-0.7798,-2.278,0.7402,0.4745,1.3279,1.5526,0.1467,0
What is the capital of Bangladesh?,geography,1.0,0.0,-0.2328,-0.3991,0.1104,0.0003,1.3374,1.5693,-0.0669,0
In what year did the Continuation War between Finland and the Soviet Union begin?,history,0.3667,0.21,-0.7909,-2.4611,0.7241,0.3924,1.3298,1.5123,0.1506,1
In what year did Constantine I become Roman Emperor?,history,0.6,0.24,-0.4952,-2.2976,0.6012,0.3036,1.2958,1.518,-0.0505,0
What is the chemical formula for acetic acid?,science,0.6,0.24,-0.5258,-2.1769,0.6063,0.3232,1.3158,1.5634,0.0732,1
What is the cube root of 512?,math,1.0,0.0,-0.2185,-0.3945,0.1038,0.0005,1.3321,1.5284,-0.0172,0
What is the atomic number of meitnerium?,science,0.3667,0.21,-0.7402,-2.3611,0.7168,0.3965,1.312,1.5001,-0.1767,0
"What was realpolitik, associated with Otto von Bismarck's diplomacy?",history,0.4147,0.1763,-0.828,-2.4957,0.7486,0.4613,1.3278,1.4952,0.0844,0
In what year did the Byzantine Empire fall?,history,1.0,0.0,-0.2594,-0.3986,0.0903,0.0005,1.3197,1.5137,-0.024,0
What is 66 multiplied by 19?,math,0.3833,0.2225,-0.7049,-2.2064,0.6507,0.3442,1.3135,1.5304,-0.0854,0
What is 6 to the power of 7?,math,0.3167,0.1581,-1.1297,-2.4557,0.8722,0.5875,1.3139,1.5617,-0.0605,0
What is the term for the maximum displacement of a wave from its rest position?,science,0.6,0.24,-0.5236,-2.479,0.6444,0.3616,1.3286,1.5496,0.0201,0
In what year was the Battle of Gallipoli?,history,0.6,0.24,-0.5385,-2.4693,0.6722,0.4029,1.3066,1.5069,0.0165,0
What is 924 divided by 28?,math,0.3667,0.21,-0.791,-2.4705,0.7261,0.4377,1.3114,1.476,0.0509,0
In what year did Anthony Eden become Prime Minister of the United Kingdom?,history,0.6,0.24,-0.5462,-2.4963,0.7388,0.4672,1.3206,1.4643,-0.0668,0
